# This file uses centimeters as units for non-parametric coordinates.

mtllib Fightstick.mtl
g default
v -4.389527 0.621761 2.673175
v 4.389527 0.621761 2.673175
v -4.389527 0.621761 -3.339141
v 4.389527 0.621761 -3.339141
v -4.389526 -0.621764 -3.339141
v 4.389527 -0.621764 -3.339141
v -4.389526 -0.018139 3.015872
v 4.389527 -0.018139 3.015872
v 4.389527 -0.319905 -3.409813
v 4.389527 0.283687 -3.409812
v -4.389527 0.283687 -3.409812
v -4.389526 -0.319905 -3.409812
v 4.389527 -0.238411 -3.265899
v 4.389527 -0.180430 -3.232424
v 4.389527 -0.117518 -3.209526
v 4.389527 -0.051584 -3.197900
v 4.389527 0.015366 -3.197900
v 4.389527 0.081300 -3.209526
v 4.389527 0.144212 -3.232424
v 4.389527 0.202193 -3.265899
v 4.389527 0.253480 -3.324774
v 4.389528 -0.018109 -2.765756
v 4.389527 -0.289698 -3.324774
v -4.389527 0.202193 -3.265899
v -4.389527 0.144212 -3.232424
v -4.389527 0.081300 -3.209526
v -4.389527 0.015366 -3.197900
v -4.389527 -0.051584 -3.197900
v -4.389527 -0.117518 -3.209526
v -4.389527 -0.180430 -3.232424
v -4.389527 -0.238411 -3.265899
v -4.389526 -0.289698 -3.324774
v -4.389526 -0.018109 -2.765756
v -4.389527 0.253480 -3.324774
v 4.389527 -0.604095 2.654438
v -4.389527 -0.604095 2.654438
v 4.389528 -0.319936 2.229536
v 4.389528 -0.621763 2.048764
v -4.389527 -0.621763 2.048764
v -4.389527 -0.319936 2.229536
v 4.389528 -0.319937 2.229536
v -4.389527 -0.319937 2.229536
v -4.389527 -0.604095 2.654438
v -4.389527 -0.604094 2.773506
v -4.389526 -0.552610 2.882312
v -4.389526 -0.471748 2.971478
v -4.389526 -0.368477 3.033320
v -4.389526 -0.251697 3.062508
v -4.389526 -0.131474 3.056525
v 4.389528 -0.604095 2.654438
v 4.389528 -0.131474 3.056525
v 4.389527 -0.251697 3.062508
v 4.389527 -0.368477 3.033320
v 4.389527 -0.471748 2.971478
v 4.389527 -0.552610 2.882312
v 4.389527 -0.604094 2.773506
v -1.987478 0.621761 -2.182244
v 1.987478 0.621761 -2.182244
v 1.987478 0.621761 -3.058158
v -1.987478 0.621761 -3.058158
v -1.987478 0.507102 -2.182244
v 1.987478 0.507102 -2.182244
v 1.987478 0.507102 -3.058158
v -1.987478 0.507102 -3.058158
v -0.577302 0.507102 -2.312222
v 0.577302 0.507102 -2.312222
v 0.577302 0.507102 -2.928180
v -0.577302 0.507102 -2.928180
v -0.577302 0.543416 -2.312222
v 0.577302 0.543416 -2.312222
v 0.577302 0.543416 -2.928180
v -0.577302 0.543416 -2.928180
v 4.389527 -0.621763 0.826131
v -4.389527 -0.621763 0.826131
v 4.389527 -0.621763 -1.487531
v -4.389526 -0.621763 -1.487531
v 4.389527 -0.312295 0.343977
v -4.389526 -0.312295 0.343977
v 4.389528 -0.312295 -0.882662
v -4.389525 -0.312295 -0.882662
v -3.820147 -0.703905 -2.181216
v -3.548387 -0.703905 -2.181216
v -3.820147 -0.621763 -2.181216
v -3.548387 -0.621763 -2.181216
v -3.820147 -0.621763 -3.181216
v -3.548387 -0.621763 -3.181216
v -3.820147 -0.703905 -3.181216
v -3.548387 -0.703905 -3.181216
v 1.567712 0.507102 -2.392042
v 1.664084 0.507102 -2.392042
v 1.567712 0.576888 -2.392042
v 1.664084 0.576888 -2.392042
v 1.567712 0.576888 -2.474996
v 1.664084 0.576888 -2.474996
v 1.567712 0.507102 -2.474996
v 1.664084 0.507102 -2.474996
v 1.614609 0.507102 -2.683842
v 1.710981 0.507102 -2.683842
v 1.614609 0.576888 -2.683842
v 1.710981 0.576888 -2.683842
v 1.614609 0.576888 -2.766796
v 1.710981 0.576888 -2.766796
v 1.614609 0.507102 -2.766796
v 1.710981 0.507102 -2.766796
v 0.997750 0.533727 -2.488400
v 0.979628 0.533727 -2.523967
v 0.951402 0.533727 -2.552192
v 0.915836 0.533727 -2.570314
v 0.876411 0.533727 -2.576559
v 0.836985 0.533727 -2.570314
v 0.801419 0.533727 -2.552192
v 0.773193 0.533727 -2.523967
v 0.755071 0.533727 -2.488400
v 0.748827 0.533727 -2.448975
v 0.755071 0.533727 -2.409550
v 0.773193 0.533727 -2.373983
v 0.801419 0.533727 -2.345758
v 0.836985 0.533727 -2.327636
v 0.876411 0.533727 -2.321392
v 0.915836 0.533727 -2.327636
v 0.951402 0.533727 -2.345758
v 0.979628 0.533727 -2.373983
v 0.997750 0.533727 -2.409550
v 1.003994 0.533727 -2.448975
v 0.997750 0.507102 -2.488400
v 0.979628 0.507102 -2.523967
v 0.951402 0.507102 -2.552192
v 0.915836 0.507102 -2.570314
v 0.876411 0.507102 -2.576559
v 0.836985 0.507102 -2.570314
v 0.801419 0.507102 -2.552192
v 0.773193 0.507102 -2.523967
v 0.755071 0.507102 -2.488400
v 0.748827 0.507102 -2.448975
v 0.755071 0.507102 -2.409550
v 0.773193 0.507102 -2.373983
v 0.801419 0.507102 -2.345758
v 0.836985 0.507102 -2.327636
v 0.876411 0.507102 -2.321392
v 0.915836 0.507102 -2.327636
v 0.951402 0.507102 -2.345758
v 0.979628 0.507102 -2.373983
v 0.997750 0.507102 -2.409550
v 1.003994 0.507102 -2.448975
v 0.876411 0.533727 -2.448975
v 1.380861 0.533727 -2.488400
v 1.362739 0.533727 -2.523967
v 1.334514 0.533727 -2.552192
v 1.298948 0.533727 -2.570314
v 1.259522 0.533727 -2.576559
v 1.220097 0.533727 -2.570314
v 1.184530 0.533727 -2.552192
v 1.156305 0.533727 -2.523967
v 1.138183 0.533727 -2.488400
v 1.131938 0.533727 -2.448975
v 1.138183 0.533727 -2.409550
v 1.156305 0.533727 -2.373983
v 1.184530 0.533727 -2.345758
v 1.220097 0.533727 -2.327636
v 1.259522 0.533727 -2.321392
v 1.298948 0.533727 -2.327636
v 1.334514 0.533727 -2.345758
v 1.362739 0.533727 -2.373983
v 1.380861 0.533727 -2.409550
v 1.387106 0.533727 -2.448975
v 1.380861 0.507102 -2.488400
v 1.362739 0.507102 -2.523967
v 1.334514 0.507102 -2.552192
v 1.298948 0.507102 -2.570314
v 1.259522 0.507102 -2.576559
v 1.220097 0.507102 -2.570314
v 1.184530 0.507102 -2.552192
v 1.156305 0.507102 -2.523967
v 1.138183 0.507102 -2.488400
v 1.131938 0.507102 -2.448975
v 1.138183 0.507102 -2.409550
v 1.156305 0.507102 -2.373983
v 1.184530 0.507102 -2.345758
v 1.220097 0.507102 -2.327636
v 1.259522 0.507102 -2.321392
v 1.298948 0.507102 -2.327636
v 1.334514 0.507102 -2.345758
v 1.362739 0.507102 -2.373983
v 1.380861 0.507102 -2.409550
v 1.387106 0.507102 -2.448975
v 1.259522 0.533727 -2.448975
v -1.132819 0.533727 -2.488400
v -1.150941 0.533727 -2.523967
v -1.179166 0.533727 -2.552192
v -1.214733 0.533727 -2.570314
v -1.254158 0.533727 -2.576559
v -1.293584 0.533727 -2.570314
v -1.329150 0.533727 -2.552192
v -1.357376 0.533727 -2.523967
v -1.375497 0.533727 -2.488400
v -1.381742 0.533727 -2.448975
v -1.375497 0.533727 -2.409550
v -1.357376 0.533727 -2.373983
v -1.329150 0.533727 -2.345758
v -1.293584 0.533727 -2.327636
v -1.254158 0.533727 -2.321392
v -1.214733 0.533727 -2.327636
v -1.179166 0.533727 -2.345758
v -1.150941 0.533727 -2.373983
v -1.132819 0.533727 -2.409550
v -1.126575 0.533727 -2.448975
v -1.132819 0.507102 -2.488400
v -1.150941 0.507102 -2.523967
v -1.179166 0.507102 -2.552192
v -1.214733 0.507102 -2.570314
v -1.254158 0.507102 -2.576559
v -1.293584 0.507102 -2.570314
v -1.329150 0.507102 -2.552192
v -1.357376 0.507102 -2.523967
v -1.375497 0.507102 -2.488400
v -1.381742 0.507102 -2.448975
v -1.375497 0.507102 -2.409550
v -1.357376 0.507102 -2.373983
v -1.329150 0.507102 -2.345758
v -1.293584 0.507102 -2.327636
v -1.254158 0.507102 -2.321392
v -1.214733 0.507102 -2.327636
v -1.179166 0.507102 -2.345758
v -1.150941 0.507102 -2.373983
v -1.132819 0.507102 -2.409550
v -1.126575 0.507102 -2.448975
v -1.254158 0.533727 -2.448975
v 2.463733 0.642675 0.049150
v 2.420415 0.642675 -0.035866
v 2.352946 0.642675 -0.103335
v 2.267931 0.642675 -0.146652
v 2.173690 0.642675 -0.161579
v 2.079449 0.642675 -0.146652
v 1.994434 0.642675 -0.103335
v 1.926965 0.642675 -0.035866
v 1.883647 0.642675 0.049150
v 1.868721 0.642675 0.143391
v 1.883647 0.642675 0.237631
v 1.926965 0.642675 0.322647
v 1.994434 0.642675 0.390116
v 2.079449 0.642675 0.433434
v 2.173690 0.642675 0.448360
v 2.267931 0.642675 0.433433
v 2.352946 0.642675 0.390116
v 2.420415 0.642675 0.322647
v 2.463733 0.642675 0.237631
v 2.478659 0.642675 0.143391
v 2.463732 0.701145 0.049150
v 2.420415 0.701145 -0.035865
v 2.352946 0.701145 -0.103334
v 2.267930 0.701145 -0.146652
v 2.173690 0.701145 -0.161578
v 2.079449 0.701145 -0.146652
v 1.994434 0.701145 -0.103334
v 1.926965 0.701145 -0.035865
v 1.883648 0.701145 0.049150
v 1.868721 0.701145 0.143391
v 1.883648 0.701145 0.237631
v 1.926965 0.701145 0.322647
v 1.994434 0.701145 0.390115
v 2.079449 0.701145 0.433433
v 2.173690 0.701145 0.448359
v 2.267930 0.701145 0.433433
v 2.352946 0.701145 0.390115
v 2.420414 0.701145 0.322647
v 2.463732 0.701145 0.237631
v 2.478658 0.701145 0.143391
v 2.515806 0.621761 0.032230
v 2.514587 0.628124 0.032626
v 2.511117 0.639203 0.033754
v 2.505923 0.647791 0.035441
v 2.464711 0.621761 -0.068049
v 2.463675 0.628124 -0.067296
v 2.460722 0.639203 -0.065151
v 2.456305 0.647791 -0.061941
v 2.385129 0.621761 -0.147631
v 2.384376 0.628124 -0.146594
v 2.382231 0.639203 -0.143642
v 2.379021 0.647791 -0.139224
v 2.284850 0.621761 -0.198725
v 2.284454 0.628124 -0.197507
v 2.283327 0.639203 -0.194036
v 2.281639 0.647791 -0.188843
v 2.173690 0.621761 -0.216331
v 2.173690 0.628124 -0.215050
v 2.173690 0.639203 -0.211401
v 2.173690 0.647791 -0.205940
v 2.062530 0.621761 -0.198725
v 2.062926 0.628124 -0.197507
v 2.064053 0.639203 -0.194036
v 2.065741 0.647791 -0.188843
v 1.962251 0.621761 -0.147631
v 1.963004 0.628124 -0.146594
v 1.965149 0.639203 -0.143642
v 1.968359 0.647791 -0.139224
v 1.882669 0.621761 -0.068049
v 1.883705 0.628124 -0.067295
v 1.886657 0.639203 -0.065151
v 1.891075 0.647791 -0.061941
v 1.831574 0.621761 0.032230
v 1.832793 0.628124 0.032626
v 1.836263 0.639203 0.033754
v 1.841457 0.647791 0.035442
v 1.813968 0.621761 0.143391
v 1.815249 0.628124 0.143391
v 1.818898 0.639203 0.143391
v 1.824359 0.647791 0.143391
v 1.831574 0.621761 0.254551
v 1.832793 0.628124 0.254155
v 1.836263 0.639203 0.253027
v 1.841457 0.647791 0.251340
v 1.882669 0.621761 0.354830
v 1.883705 0.628124 0.354077
v 1.886657 0.639203 0.351932
v 1.891075 0.647791 0.348722
v 1.962251 0.621761 0.434412
v 1.963004 0.628124 0.433375
v 1.965149 0.639203 0.430423
v 1.968359 0.647791 0.426005
v 2.062530 0.621761 0.485507
v 2.062926 0.628124 0.484288
v 2.064053 0.639203 0.480818
v 2.065741 0.647791 0.475624
v 2.173690 0.621761 0.503113
v 2.173690 0.628124 0.501831
v 2.173690 0.639203 0.498182
v 2.173690 0.647791 0.492721
v 2.284850 0.621761 0.485506
v 2.284454 0.628124 0.484288
v 2.283327 0.639203 0.480817
v 2.281639 0.647791 0.475624
v 2.385129 0.621761 0.434412
v 2.384376 0.628124 0.433375
v 2.382231 0.639203 0.430423
v 2.379021 0.647791 0.426005
v 2.464711 0.621761 0.354830
v 2.463674 0.628124 0.354077
v 2.460722 0.639203 0.351932
v 2.456304 0.647791 0.348722
v 2.515806 0.621761 0.254551
v 2.514587 0.628124 0.254155
v 2.511117 0.639203 0.253027
v 2.505923 0.647791 0.251340
v 2.533412 0.621761 0.143391
v 2.532130 0.628124 0.143391
v 2.528481 0.639203 0.143391
v 2.523021 0.647791 0.143391
v 2.437577 0.703374 0.057649
v 2.411421 0.705602 0.066147
v 2.385266 0.707831 0.074645
v 2.359110 0.710060 0.083144
v 2.332955 0.712289 0.091642
v 2.306799 0.714518 0.100141
v 2.280644 0.716746 0.108639
v 2.254489 0.718975 0.117137
v 2.228333 0.721204 0.125636
v 2.202178 0.723433 0.134134
v 2.398165 0.703374 -0.019700
v 2.375916 0.705602 -0.003535
v 2.353667 0.707831 0.012629
v 2.331418 0.710060 0.028794
v 2.309169 0.712289 0.044959
v 2.286920 0.714518 0.061124
v 2.264671 0.716746 0.077289
v 2.242421 0.718975 0.093454
v 2.220172 0.721204 0.109619
v 2.197923 0.723433 0.125784
v 2.173690 0.723433 0.143391
v 2.336781 0.703374 -0.081085
v 2.320616 0.705602 -0.058836
v 2.304451 0.707831 -0.036587
v 2.288286 0.710060 -0.014338
v 2.272121 0.712289 0.007912
v 2.255956 0.714518 0.030161
v 2.239791 0.716746 0.052410
v 2.223626 0.718975 0.074659
v 2.207461 0.721204 0.096908
v 2.191296 0.723433 0.119157
v 2.259432 0.703374 -0.120496
v 2.250933 0.705602 -0.094341
v 2.242435 0.707831 -0.068185
v 2.233937 0.710060 -0.042030
v 2.225438 0.712289 -0.015874
v 2.216940 0.714518 0.010281
v 2.208441 0.716746 0.036436
v 2.199943 0.718975 0.062592
v 2.191445 0.721204 0.088747
v 2.182946 0.723433 0.114903
v 2.173690 0.703374 -0.134076
v 2.173690 0.705602 -0.106575
v 2.173690 0.707831 -0.079073
v 2.173690 0.710060 -0.051572
v 2.173690 0.712289 -0.024071
v 2.173690 0.714518 0.003431
v 2.173690 0.716746 0.030932
v 2.173690 0.718975 0.058434
v 2.173690 0.721204 0.085935
v 2.173690 0.723433 0.113437
v 2.087948 0.703374 -0.120496
v 2.096446 0.705602 -0.094341
v 2.104945 0.707831 -0.068185
v 2.113443 0.710060 -0.042030
v 2.121942 0.712289 -0.015874
v 2.130440 0.714518 0.010281
v 2.138938 0.716746 0.036436
v 2.147437 0.718975 0.062592
v 2.155935 0.721204 0.088747
v 2.164433 0.723433 0.114903
v 2.010599 0.703374 -0.081085
v 2.026764 0.705602 -0.058836
v 2.042929 0.707831 -0.036587
v 2.059094 0.710060 -0.014337
v 2.075259 0.712289 0.007912
v 2.091424 0.714518 0.030161
v 2.107589 0.716746 0.052410
v 2.123754 0.718975 0.074659
v 2.139918 0.721204 0.096908
v 2.156083 0.723433 0.119157
v 1.949214 0.703374 -0.019700
v 1.971464 0.705602 -0.003535
v 1.993713 0.707831 0.012630
v 2.015962 0.710060 0.028794
v 2.038211 0.712289 0.044959
v 2.060460 0.714518 0.061124
v 2.082709 0.716746 0.077289
v 2.104958 0.718975 0.093454
v 2.127208 0.721204 0.109619
v 2.149457 0.723433 0.125784
v 1.909803 0.703374 0.057649
v 1.935959 0.705602 0.066147
v 1.962114 0.707831 0.074645
v 1.988269 0.710060 0.083144
v 2.014425 0.712289 0.091642
v 2.040580 0.714518 0.100141
v 2.066736 0.716746 0.108639
v 2.092891 0.718975 0.117137
v 2.119046 0.721204 0.125636
v 2.145202 0.723433 0.134134
v 1.896223 0.703374 0.143391
v 1.923724 0.705602 0.143391
v 1.951226 0.707831 0.143391
v 1.978727 0.710060 0.143391
v 2.006229 0.712289 0.143391
v 2.033730 0.714518 0.143391
v 2.061232 0.716746 0.143391
v 2.088733 0.718975 0.143391
v 2.116235 0.721204 0.143391
v 2.143736 0.723433 0.143391
v 1.909803 0.703374 0.229133
v 1.935959 0.705602 0.220634
v 1.962114 0.707831 0.212136
v 1.988269 0.710060 0.203637
v 2.014425 0.712289 0.195139
v 2.040580 0.714518 0.186641
v 2.066736 0.716746 0.178142
v 2.092891 0.718975 0.169644
v 2.119046 0.721204 0.161145
v 2.145202 0.723433 0.152647
v 1.949214 0.703374 0.306482
v 1.971464 0.705602 0.290317
v 1.993713 0.707831 0.274152
v 2.015962 0.710060 0.257987
v 2.038211 0.712289 0.241822
v 2.060460 0.714518 0.225657
v 2.082709 0.716746 0.209492
v 2.104958 0.718975 0.193327
v 2.127208 0.721204 0.177162
v 2.149457 0.723433 0.160997
v 2.010599 0.703374 0.367866
v 2.026764 0.705602 0.345617
v 2.042929 0.707831 0.323368
v 2.059094 0.710060 0.301119
v 2.075259 0.712289 0.278870
v 2.091424 0.714518 0.256620
v 2.107589 0.716746 0.234371
v 2.123754 0.718975 0.212122
v 2.139918 0.721204 0.189873
v 2.156083 0.723433 0.167624
v 2.087948 0.703374 0.407277
v 2.096446 0.705602 0.381122
v 2.104945 0.707831 0.354966
v 2.113443 0.710060 0.328811
v 2.121942 0.712289 0.302656
v 2.130440 0.714518 0.276500
v 2.138938 0.716746 0.250345
v 2.147437 0.718975 0.224189
v 2.155935 0.721204 0.198034
v 2.164433 0.723433 0.171878
v 2.173690 0.703374 0.420858
v 2.173690 0.705602 0.393356
v 2.173690 0.707831 0.365855
v 2.173690 0.710060 0.338353
v 2.173690 0.712289 0.310852
v 2.173690 0.714518 0.283350
v 2.173690 0.716746 0.255849
v 2.173690 0.718975 0.228347
v 2.173690 0.721204 0.200846
v 2.173690 0.723433 0.173345
v 2.259432 0.703374 0.407277
v 2.250933 0.705602 0.381122
v 2.242435 0.707831 0.354966
v 2.233937 0.710060 0.328811
v 2.225438 0.712289 0.302656
v 2.216940 0.714518 0.276500
v 2.208441 0.716746 0.250345
v 2.199943 0.718975 0.224189
v 2.191445 0.721204 0.198034
v 2.182946 0.723433 0.171878
v 2.336781 0.703374 0.367866
v 2.320616 0.705602 0.345617
v 2.304451 0.707831 0.323368
v 2.288286 0.710060 0.301119
v 2.272121 0.712289 0.278870
v 2.255956 0.714518 0.256620
v 2.239791 0.716746 0.234371
v 2.223626 0.718975 0.212122
v 2.207461 0.721204 0.189873
v 2.191296 0.723433 0.167624
v 2.398165 0.703374 0.306482
v 2.375916 0.705602 0.290317
v 2.353667 0.707831 0.274152
v 2.331418 0.710060 0.257987
v 2.309169 0.712289 0.241822
v 2.286920 0.714518 0.225657
v 2.264670 0.716746 0.209492
v 2.242421 0.718975 0.193327
v 2.220172 0.721204 0.177162
v 2.197923 0.723433 0.160997
v 2.437577 0.703374 0.229133
v 2.411421 0.705602 0.220634
v 2.385266 0.707831 0.212136
v 2.359110 0.710060 0.203637
v 2.332955 0.712289 0.195139
v 2.306799 0.714518 0.186641
v 2.280644 0.716746 0.178142
v 2.254488 0.718975 0.169644
v 2.228333 0.721204 0.161145
v 2.202178 0.723433 0.152647
v 2.451157 0.703374 0.143391
v 2.423655 0.705602 0.143391
v 2.396154 0.707831 0.143391
v 2.368652 0.710060 0.143391
v 2.341151 0.712289 0.143391
v 2.313650 0.714518 0.143391
v 2.286148 0.716746 0.143391
v 2.258647 0.718975 0.143391
v 2.231145 0.721204 0.143391
v 2.203644 0.723433 0.143391
v 1.002460 0.642675 -1.153928
v 0.959143 0.642675 -1.238944
v 0.891674 0.642675 -1.306413
v 0.806658 0.642675 -1.349730
v 0.712417 0.642675 -1.364656
v 0.618177 0.642675 -1.349730
v 0.533161 0.642675 -1.306412
v 0.465692 0.642675 -1.238944
v 0.422374 0.642675 -1.153928
v 0.407448 0.642675 -1.059687
v 0.422374 0.642675 -0.965447
v 0.465692 0.642675 -0.880431
v 0.533161 0.642675 -0.812962
v 0.618177 0.642675 -0.769644
v 0.712417 0.642675 -0.754718
v 0.806658 0.642675 -0.769644
v 0.891674 0.642675 -0.812962
v 0.959142 0.642675 -0.880431
v 1.002460 0.642675 -0.965447
v 1.017386 0.642675 -1.059687
v 1.002460 0.701145 -1.153928
v 0.959142 0.701145 -1.238943
v 0.891673 0.701145 -1.306412
v 0.806658 0.701145 -1.349729
v 0.712417 0.701145 -1.364656
v 0.618177 0.701145 -1.349729
v 0.533161 0.701145 -1.306412
v 0.465693 0.701145 -1.238943
v 0.422375 0.701145 -1.153928
v 0.407449 0.701145 -1.059687
v 0.422375 0.701145 -0.965447
v 0.465693 0.701145 -0.880431
v 0.533161 0.701145 -0.812963
v 0.618177 0.701145 -0.769645
v 0.712417 0.701145 -0.754719
v 0.806658 0.701145 -0.769645
v 0.891673 0.701145 -0.812963
v 0.959142 0.701145 -0.880431
v 1.002459 0.701145 -0.965447
v 1.017386 0.701145 -1.059687
v 1.054533 0.621761 -1.170847
v 1.053315 0.628123 -1.170452
v 1.049844 0.639203 -1.169324
v 1.044651 0.647791 -1.167636
v 1.003439 0.621761 -1.271127
v 1.002402 0.628123 -1.270373
v 0.999450 0.639203 -1.268229
v 0.995032 0.647791 -1.265019
v 0.923857 0.621761 -1.350708
v 0.923103 0.628123 -1.349672
v 0.920959 0.639203 -1.346720
v 0.917749 0.647791 -1.342302
v 0.823578 0.621761 -1.401803
v 0.823182 0.628123 -1.400585
v 0.822054 0.639203 -1.397114
v 0.820366 0.647791 -1.391921
v 0.712417 0.621761 -1.419409
v 0.712417 0.628123 -1.418128
v 0.712417 0.639203 -1.414479
v 0.712417 0.647791 -1.409018
v 0.601257 0.621761 -1.401803
v 0.601653 0.628123 -1.400585
v 0.602781 0.639203 -1.397114
v 0.604468 0.647791 -1.391921
v 0.500978 0.621761 -1.350708
v 0.501731 0.628123 -1.349672
v 0.503876 0.639203 -1.346720
v 0.507086 0.647791 -1.342302
v 0.421396 0.621761 -1.271127
v 0.422433 0.628123 -1.270373
v 0.425385 0.639203 -1.268229
v 0.429803 0.647791 -1.265019
v 0.370301 0.621761 -1.170847
v 0.371520 0.628123 -1.170451
v 0.374990 0.639203 -1.169324
v 0.380184 0.647791 -1.167636
v 0.352695 0.621761 -1.059687
v 0.353977 0.628123 -1.059687
v 0.357626 0.639203 -1.059687
v 0.363087 0.647791 -1.059687
v 0.370301 0.621761 -0.948527
v 0.371520 0.628123 -0.948923
v 0.374990 0.639203 -0.950051
v 0.380184 0.647791 -0.951738
v 0.421396 0.621761 -0.848248
v 0.422433 0.628123 -0.849001
v 0.425385 0.639203 -0.851146
v 0.429803 0.647791 -0.854356
v 0.500978 0.621761 -0.768666
v 0.501731 0.628123 -0.769703
v 0.503876 0.639203 -0.772655
v 0.507086 0.647791 -0.777073
v 0.601257 0.621761 -0.717571
v 0.601653 0.628123 -0.718790
v 0.602781 0.639203 -0.722260
v 0.604468 0.647791 -0.727454
v 0.712417 0.621761 -0.699965
v 0.712417 0.628123 -0.701247
v 0.712417 0.639203 -0.704896
v 0.712417 0.647791 -0.710357
v 0.823577 0.621761 -0.717571
v 0.823182 0.628123 -0.718790
v 0.822054 0.639203 -0.722260
v 0.820366 0.647791 -0.727454
v 0.923856 0.621761 -0.768666
v 0.923103 0.628123 -0.769703
v 0.920959 0.639203 -0.772655
v 0.917749 0.647791 -0.777073
v 1.003438 0.621761 -0.848248
v 1.002402 0.628123 -0.849001
v 0.999450 0.639203 -0.851146
v 0.995032 0.647791 -0.854356
v 1.054533 0.621761 -0.948527
v 1.053314 0.628123 -0.948923
v 1.049844 0.639203 -0.950051
v 1.044650 0.647791 -0.951738
v 1.072139 0.621761 -1.059687
v 1.070858 0.628123 -1.059687
v 1.067209 0.639203 -1.059687
v 1.061748 0.647791 -1.059687
v 0.976304 0.703374 -1.145429
v 0.950149 0.705602 -1.136931
v 0.923993 0.707831 -1.128432
v 0.897838 0.710060 -1.119934
v 0.871682 0.712289 -1.111436
v 0.845527 0.714518 -1.102937
v 0.819371 0.716746 -1.094439
v 0.793216 0.718975 -1.085940
v 0.767061 0.721204 -1.077442
v 0.740905 0.723433 -1.068944
v 0.936893 0.703374 -1.222778
v 0.914644 0.705602 -1.206613
v 0.892395 0.707831 -1.190448
v 0.870145 0.710060 -1.174283
v 0.847896 0.712289 -1.158118
v 0.825647 0.714518 -1.141953
v 0.803398 0.716746 -1.125789
v 0.781149 0.718975 -1.109624
v 0.758900 0.721204 -1.093459
v 0.736651 0.723433 -1.077294
v 0.712417 0.723433 -1.059687
v 0.875508 0.703374 -1.284163
v 0.859343 0.705602 -1.261914
v 0.843178 0.707831 -1.239665
v 0.827013 0.710060 -1.217415
v 0.810848 0.712289 -1.195166
v 0.794684 0.714518 -1.172917
v 0.778519 0.716746 -1.150668
v 0.762354 0.718975 -1.128419
v 0.746189 0.721204 -1.106170
v 0.730024 0.723433 -1.083920
v 0.798159 0.703374 -1.323574
v 0.789661 0.705602 -1.297419
v 0.781163 0.707831 -1.271263
v 0.772664 0.710060 -1.245108
v 0.764166 0.712289 -1.218952
v 0.755667 0.714518 -1.192797
v 0.747169 0.716746 -1.166641
v 0.738670 0.718975 -1.140486
v 0.730172 0.721204 -1.114331
v 0.721674 0.723433 -1.088175
v 0.712417 0.703374 -1.337154
v 0.712417 0.705602 -1.309653
v 0.712417 0.707831 -1.282151
v 0.712417 0.710060 -1.254650
v 0.712417 0.712289 -1.227148
v 0.712417 0.714518 -1.199647
v 0.712417 0.716746 -1.172145
v 0.712417 0.718975 -1.144644
v 0.712417 0.721204 -1.117143
v 0.712417 0.723433 -1.089641
v 0.626675 0.703374 -1.323574
v 0.635174 0.705602 -1.297419
v 0.643672 0.707831 -1.271263
v 0.652171 0.710060 -1.245108
v 0.660669 0.712289 -1.218952
v 0.669167 0.714518 -1.192797
v 0.677666 0.716746 -1.166641
v 0.686164 0.718975 -1.140486
v 0.694663 0.721204 -1.114331
v 0.703161 0.723433 -1.088175
v 0.549326 0.703374 -1.284163
v 0.565491 0.705602 -1.261914
v 0.581656 0.707831 -1.239664
v 0.597821 0.710060 -1.217415
v 0.613986 0.712289 -1.195166
v 0.630151 0.714518 -1.172917
v 0.646316 0.716746 -1.150668
v 0.662481 0.718975 -1.128419
v 0.678646 0.721204 -1.106170
v 0.694811 0.723433 -1.083920
v 0.487942 0.703374 -1.222778
v 0.510191 0.705602 -1.206613
v 0.532440 0.707831 -1.190448
v 0.554689 0.710060 -1.174283
v 0.576938 0.712289 -1.158118
v 0.599187 0.714518 -1.141953
v 0.621437 0.716746 -1.125789
v 0.643686 0.718975 -1.109624
v 0.665935 0.721204 -1.093459
v 0.688184 0.723433 -1.077294
v 0.448531 0.703374 -1.145429
v 0.474686 0.705602 -1.136931
v 0.500841 0.707831 -1.128432
v 0.526997 0.710060 -1.119934
v 0.553152 0.712289 -1.111436
v 0.579308 0.714518 -1.102937
v 0.605463 0.716746 -1.094439
v 0.631619 0.718975 -1.085940
v 0.657774 0.721204 -1.077442
v 0.683929 0.723433 -1.068944
v 0.434950 0.703374 -1.059687
v 0.462452 0.705602 -1.059687
v 0.489953 0.707831 -1.059687
v 0.517455 0.710060 -1.059687
v 0.544956 0.712289 -1.059687
v 0.572458 0.714518 -1.059687
v 0.599959 0.716746 -1.059687
v 0.627460 0.718975 -1.059687
v 0.654962 0.721204 -1.059687
v 0.682463 0.723433 -1.059687
v 0.448531 0.703374 -0.973945
v 0.474686 0.705602 -0.982444
v 0.500841 0.707831 -0.990942
v 0.526997 0.710060 -0.999440
v 0.553152 0.712289 -1.007939
v 0.579308 0.714518 -1.016437
v 0.605463 0.716746 -1.024936
v 0.631619 0.718975 -1.033434
v 0.657774 0.721204 -1.041933
v 0.683929 0.723433 -1.050431
v 0.487942 0.703374 -0.896596
v 0.510191 0.705602 -0.912761
v 0.532440 0.707831 -0.928926
v 0.554689 0.710060 -0.945091
v 0.576938 0.712289 -0.961256
v 0.599187 0.714518 -0.977421
v 0.621437 0.716746 -0.993586
v 0.643686 0.718975 -1.009751
v 0.665935 0.721204 -1.025916
v 0.688184 0.723433 -1.042081
v 0.549326 0.703374 -0.835212
v 0.565491 0.705602 -0.857461
v 0.581656 0.707831 -0.879710
v 0.597821 0.710060 -0.901959
v 0.613986 0.712289 -0.924208
v 0.630151 0.714518 -0.946457
v 0.646316 0.716746 -0.968707
v 0.662481 0.718975 -0.990956
v 0.678646 0.721204 -1.013205
v 0.694811 0.723433 -1.035454
v 0.626675 0.703374 -0.795800
v 0.635174 0.705602 -0.821956
v 0.643672 0.707831 -0.848111
v 0.652171 0.710060 -0.874267
v 0.660669 0.712289 -0.900422
v 0.669167 0.714518 -0.926578
v 0.677666 0.716746 -0.952733
v 0.686164 0.718975 -0.978889
v 0.694663 0.721204 -1.005044
v 0.703161 0.723433 -1.031199
v 0.712417 0.703374 -0.782220
v 0.712417 0.705602 -0.809722
v 0.712417 0.707831 -0.837223
v 0.712417 0.710060 -0.864725
v 0.712417 0.712289 -0.892226
v 0.712417 0.714518 -0.919728
v 0.712417 0.716746 -0.947229
v 0.712417 0.718975 -0.974730
v 0.712417 0.721204 -1.002232
v 0.712417 0.723433 -1.029733
v 0.798159 0.703374 -0.795801
v 0.789661 0.705602 -0.821956
v 0.781162 0.707831 -0.848111
v 0.772664 0.710060 -0.874267
v 0.764166 0.712289 -0.900422
v 0.755667 0.714518 -0.926578
v 0.747169 0.716746 -0.952733
v 0.738670 0.718975 -0.978889
v 0.730172 0.721204 -1.005044
v 0.721674 0.723433 -1.031199
v 0.875508 0.703374 -0.835212
v 0.859343 0.705602 -0.857461
v 0.843178 0.707831 -0.879710
v 0.827013 0.710060 -0.901959
v 0.810848 0.712289 -0.924208
v 0.794684 0.714518 -0.946457
v 0.778519 0.716746 -0.968707
v 0.762354 0.718975 -0.990956
v 0.746189 0.721204 -1.013205
v 0.730024 0.723433 -1.035454
v 0.936893 0.703374 -0.896596
v 0.914644 0.705602 -0.912761
v 0.892394 0.707831 -0.928926
v 0.870145 0.710060 -0.945091
v 0.847896 0.712289 -0.961256
v 0.825647 0.714518 -0.977421
v 0.803398 0.716746 -0.993586
v 0.781149 0.718975 -1.009751
v 0.758900 0.721204 -1.025916
v 0.736650 0.723433 -1.042081
v 0.976304 0.703374 -0.973945
v 0.950149 0.705602 -0.982444
v 0.923993 0.707831 -0.990942
v 0.897838 0.710060 -0.999440
v 0.871682 0.712289 -1.007939
v 0.845527 0.714518 -1.016437
v 0.819371 0.716746 -1.024936
v 0.793216 0.718975 -1.033434
v 0.767061 0.721204 -1.041933
v 0.740905 0.723433 -1.050431
v 0.989884 0.703374 -1.059687
v 0.962383 0.705602 -1.059687
v 0.934881 0.707831 -1.059687
v 0.907380 0.710060 -1.059687
v 0.879878 0.712289 -1.059687
v 0.852377 0.714518 -1.059687
v 0.824875 0.716746 -1.059687
v 0.797374 0.718975 -1.059687
v 0.769873 0.721204 -1.059687
v 0.742371 0.723433 -1.059687
v -1.819218 1.108605 -0.426470
v -1.833261 1.108605 -0.454031
v -1.855133 1.108605 -0.475903
v -1.882694 1.108605 -0.489946
v -1.913245 1.108605 -0.494785
v -1.943796 1.108605 -0.489946
v -1.971357 1.108605 -0.475903
v -1.993229 1.108605 -0.454031
v -2.007272 1.108605 -0.426470
v -2.012111 1.108605 -0.395919
v -2.007272 1.108605 -0.365368
v -1.993229 1.108605 -0.337807
v -1.971357 1.108605 -0.315935
v -1.943796 1.108605 -0.301892
v -1.913245 1.108605 -0.297054
v -1.882694 1.108605 -0.301892
v -1.855134 1.108605 -0.315935
v -1.833261 1.108605 -0.337807
v -1.819218 1.108605 -0.365368
v -1.814380 1.108605 -0.395919
v -1.775106 1.127817 -0.440803
v -1.795737 1.127817 -0.481294
v -1.827871 1.127817 -0.513427
v -1.868361 1.127817 -0.534058
v -1.913245 1.127817 -0.541167
v -1.958129 1.127817 -0.534058
v -1.998620 1.127817 -0.513427
v -2.030753 1.127817 -0.481294
v -2.051384 1.127817 -0.440803
v -2.058493 1.127817 -0.395919
v -2.051384 1.127817 -0.351035
v -2.030753 1.127817 -0.310545
v -1.998620 1.127817 -0.278411
v -1.958129 1.127817 -0.257780
v -1.913245 1.127817 -0.250671
v -1.868361 1.127817 -0.257780
v -1.827871 1.127817 -0.278411
v -1.795737 1.127817 -0.310545
v -1.775106 1.127817 -0.351035
v -1.767998 1.127817 -0.395919
v -1.734396 1.154049 -0.454031
v -1.761107 1.154049 -0.506454
v -1.802710 1.154049 -0.548058
v -1.855133 1.154049 -0.574769
v -1.913245 1.154049 -0.583973
v -1.971357 1.154049 -0.574769
v -2.023780 1.154049 -0.548058
v -2.065384 1.154049 -0.506454
v -2.092095 1.154049 -0.454031
v -2.101299 1.154049 -0.395919
v -2.092095 1.154049 -0.337807
v -2.065384 1.154049 -0.285384
v -2.023780 1.154049 -0.243781
v -1.971357 1.154049 -0.217070
v -1.913245 1.154049 -0.207866
v -1.855134 1.154049 -0.217070
v -1.802710 1.154049 -0.243781
v -1.761107 1.154049 -0.285384
v -1.734396 1.154049 -0.337807
v -1.725192 1.154049 -0.395919
v -1.698089 1.186653 -0.465828
v -1.730222 1.186653 -0.528893
v -1.780271 1.186653 -0.578942
v -1.843337 1.186653 -0.611076
v -1.913245 1.186653 -0.622148
v -1.983154 1.186653 -0.611076
v -2.046219 1.186653 -0.578942
v -2.096268 1.186653 -0.528893
v -2.128402 1.186653 -0.465828
v -2.139474 1.186653 -0.395919
v -2.128402 1.186653 -0.326011
v -2.096268 1.186653 -0.262945
v -2.046219 1.186653 -0.212896
v -1.983154 1.186653 -0.180763
v -1.913245 1.186653 -0.169690
v -1.843337 1.186653 -0.180763
v -1.780271 1.186653 -0.212896
v -1.730222 1.186653 -0.262945
v -1.698089 1.186653 -0.326011
v -1.687016 1.186653 -0.395919
v -1.667080 1.224829 -0.475903
v -1.703844 1.224829 -0.548058
v -1.761107 1.224829 -0.605320
v -1.833261 1.224829 -0.642085
v -1.913245 1.224829 -0.654753
v -1.993229 1.224829 -0.642085
v -2.065384 1.224829 -0.605320
v -2.122646 1.224829 -0.548058
v -2.159410 1.224829 -0.475903
v -2.172079 1.224829 -0.395919
v -2.159410 1.224829 -0.315935
v -2.122646 1.224829 -0.243781
v -2.065384 1.224829 -0.186518
v -1.993229 1.224829 -0.149754
v -1.913245 1.224829 -0.137086
v -1.833261 1.224829 -0.149754
v -1.761107 1.224829 -0.186518
v -1.703844 1.224829 -0.243781
v -1.667080 1.224829 -0.315935
v -1.654412 1.224829 -0.395919
v -1.642132 1.267634 -0.484009
v -1.682623 1.267634 -0.563476
v -1.745688 1.267634 -0.626542
v -1.825155 1.267634 -0.667032
v -1.913245 1.267634 -0.680984
v -2.001335 1.267634 -0.667032
v -2.080802 1.267634 -0.626542
v -2.143867 1.267634 -0.563476
v -2.184358 1.267634 -0.484009
v -2.198310 1.267634 -0.395919
v -2.184358 1.267634 -0.307829
v -2.143867 1.267634 -0.228362
v -2.080802 1.267634 -0.165297
v -2.001335 1.267634 -0.124806
v -1.913245 1.267634 -0.110854
v -1.825155 1.267634 -0.124806
v -1.745688 1.267634 -0.165297
v -1.682623 1.267634 -0.228362
v -1.642132 1.267634 -0.307829
v -1.628180 1.267634 -0.395919
v -1.623860 1.314017 -0.489946
v -1.667080 1.314017 -0.574769
v -1.734396 1.314017 -0.642085
v -1.819218 1.314017 -0.685304
v -1.913245 1.314017 -0.700196
v -2.007272 1.314017 -0.685304
v -2.092095 1.314017 -0.642085
v -2.159410 1.314017 -0.574769
v -2.202630 1.314017 -0.489946
v -2.217522 1.314017 -0.395919
v -2.202630 1.314017 -0.301892
v -2.159410 1.314017 -0.217070
v -2.092095 1.314017 -0.149754
v -2.007272 1.314017 -0.106534
v -1.913245 1.314017 -0.091642
v -1.819218 1.314017 -0.106534
v -1.734396 1.314017 -0.149754
v -1.667080 1.314017 -0.217070
v -1.623860 1.314017 -0.301892
v -1.608968 1.314017 -0.395919
v -1.612714 1.362833 -0.493568
v -1.657598 1.362833 -0.581658
v -1.727507 1.362833 -0.651566
v -1.815597 1.362833 -0.696450
v -1.913245 1.362833 -0.711916
v -2.010894 1.362833 -0.696450
v -2.098984 1.362833 -0.651566
v -2.168892 1.362833 -0.581657
v -2.213776 1.362833 -0.493568
v -2.229242 1.362833 -0.395919
v -2.213776 1.362833 -0.298271
v -2.168892 1.362833 -0.210181
v -2.098984 1.362833 -0.140272
v -2.010894 1.362833 -0.095388
v -1.913245 1.362833 -0.079922
v -1.815597 1.362833 -0.095388
v -1.727507 1.362833 -0.140272
v -1.657598 1.362833 -0.210181
v -1.612714 1.362833 -0.298271
v -1.597248 1.362833 -0.395919
v -1.608968 1.412882 -0.494785
v -1.654411 1.412882 -0.583973
v -1.725191 1.412882 -0.654753
v -1.814379 1.412882 -0.700196
v -1.913245 1.412882 -0.715855
v -2.012111 1.412882 -0.700196
v -2.101299 1.412882 -0.654753
v -2.172079 1.412882 -0.583973
v -2.217522 1.412882 -0.494785
v -2.233181 1.412882 -0.395919
v -2.217522 1.412882 -0.297054
v -2.172079 1.412882 -0.207866
v -2.101299 1.412882 -0.137086
v -2.012111 1.412882 -0.091642
v -1.913245 1.412882 -0.075983
v -1.814380 1.412882 -0.091642
v -1.725192 1.412882 -0.137086
v -1.654412 1.412882 -0.207866
v -1.608968 1.412882 -0.297054
v -1.593309 1.412882 -0.395919
v -1.612714 1.462931 -0.493568
v -1.657598 1.462931 -0.581658
v -1.727507 1.462931 -0.651566
v -1.815597 1.462931 -0.696450
v -1.913245 1.462931 -0.711916
v -2.010894 1.462931 -0.696450
v -2.098984 1.462931 -0.651566
v -2.168892 1.462931 -0.581657
v -2.213776 1.462931 -0.493568
v -2.229242 1.462931 -0.395919
v -2.213776 1.462931 -0.298271
v -2.168892 1.462931 -0.210181
v -2.098984 1.462931 -0.140272
v -2.010894 1.462931 -0.095388
v -1.913245 1.462931 -0.079922
v -1.815597 1.462931 -0.095388
v -1.727507 1.462931 -0.140272
v -1.657598 1.462931 -0.210181
v -1.612714 1.462931 -0.298271
v -1.597248 1.462931 -0.395919
v -1.623860 1.511748 -0.489946
v -1.667080 1.511748 -0.574769
v -1.734396 1.511748 -0.642085
v -1.819218 1.511748 -0.685304
v -1.913245 1.511748 -0.700196
v -2.007272 1.511748 -0.685304
v -2.092095 1.511748 -0.642085
v -2.159410 1.511748 -0.574769
v -2.202630 1.511748 -0.489946
v -2.217522 1.511748 -0.395919
v -2.202630 1.511748 -0.301892
v -2.159410 1.511748 -0.217070
v -2.092095 1.511748 -0.149754
v -2.007272 1.511748 -0.106534
v -1.913245 1.511748 -0.091642
v -1.819218 1.511748 -0.106534
v -1.734396 1.511748 -0.149754
v -1.667080 1.511748 -0.217070
v -1.623860 1.511748 -0.301892
v -1.608968 1.511748 -0.395919
v -1.642132 1.558130 -0.484009
v -1.682623 1.558130 -0.563476
v -1.745688 1.558130 -0.626542
v -1.825155 1.558130 -0.667032
v -1.913245 1.558130 -0.680984
v -2.001335 1.558130 -0.667032
v -2.080802 1.558130 -0.626542
v -2.143867 1.558130 -0.563476
v -2.184358 1.558130 -0.484009
v -2.198310 1.558130 -0.395919
v -2.184358 1.558130 -0.307829
v -2.143867 1.558130 -0.228362
v -2.080802 1.558130 -0.165297
v -2.001335 1.558130 -0.124806
v -1.913245 1.558130 -0.110854
v -1.825155 1.558130 -0.124806
v -1.745688 1.558130 -0.165297
v -1.682623 1.558130 -0.228362
v -1.642132 1.558130 -0.307829
v -1.628180 1.558130 -0.395919
v -1.667080 1.600936 -0.475903
v -1.703844 1.600936 -0.548058
v -1.761107 1.600936 -0.605320
v -1.833261 1.600936 -0.642085
v -1.913245 1.600936 -0.654753
v -1.993229 1.600936 -0.642085
v -2.065384 1.600936 -0.605320
v -2.122646 1.600936 -0.548058
v -2.159410 1.600936 -0.475903
v -2.172079 1.600936 -0.395919
v -2.159410 1.600936 -0.315935
v -2.122646 1.600936 -0.243781
v -2.065384 1.600936 -0.186518
v -1.993229 1.600936 -0.149754
v -1.913245 1.600936 -0.137086
v -1.833261 1.600936 -0.149754
v -1.761107 1.600936 -0.186518
v -1.703844 1.600936 -0.243781
v -1.667080 1.600936 -0.315935
v -1.654412 1.600936 -0.395919
v -1.698089 1.639111 -0.465828
v -1.730222 1.639111 -0.528893
v -1.780271 1.639111 -0.578942
v -1.843337 1.639111 -0.611076
v -1.913245 1.639111 -0.622148
v -1.983154 1.639111 -0.611076
v -2.046219 1.639111 -0.578942
v -2.096268 1.639111 -0.528893
v -2.128402 1.639111 -0.465828
v -2.139474 1.639111 -0.395919
v -2.128402 1.639111 -0.326011
v -2.096268 1.639111 -0.262945
v -2.046219 1.639111 -0.212896
v -1.983154 1.639111 -0.180763
v -1.913245 1.639111 -0.169690
v -1.843337 1.639111 -0.180763
v -1.780271 1.639111 -0.212896
v -1.730222 1.639111 -0.262945
v -1.698089 1.639111 -0.326011
v -1.687016 1.639111 -0.395919
v -1.734396 1.671715 -0.454031
v -1.761107 1.671715 -0.506454
v -1.802710 1.671715 -0.548058
v -1.855133 1.671715 -0.574769
v -1.913245 1.671715 -0.583973
v -1.971357 1.671715 -0.574769
v -2.023780 1.671715 -0.548058
v -2.065384 1.671715 -0.506454
v -2.092095 1.671715 -0.454031
v -2.101299 1.671715 -0.395919
v -2.092095 1.671715 -0.337807
v -2.065384 1.671715 -0.285384
v -2.023780 1.671715 -0.243781
v -1.971357 1.671715 -0.217070
v -1.913245 1.671715 -0.207866
v -1.855134 1.671715 -0.217070
v -1.802710 1.671715 -0.243781
v -1.761107 1.671715 -0.285384
v -1.734396 1.671715 -0.337807
v -1.725192 1.671715 -0.395919
v -1.775106 1.697947 -0.440803
v -1.795737 1.697947 -0.481294
v -1.827871 1.697947 -0.513427
v -1.868361 1.697947 -0.534058
v -1.913245 1.697947 -0.541167
v -1.958129 1.697947 -0.534058
v -1.998620 1.697947 -0.513427
v -2.030753 1.697947 -0.481294
v -2.051384 1.697947 -0.440803
v -2.058493 1.697947 -0.395919
v -2.051384 1.697947 -0.351035
v -2.030753 1.697947 -0.310545
v -1.998620 1.697947 -0.278411
v -1.958129 1.697947 -0.257780
v -1.913245 1.697947 -0.250671
v -1.868361 1.697947 -0.257780
v -1.827871 1.697947 -0.278411
v -1.795737 1.697947 -0.310545
v -1.775106 1.697947 -0.351035
v -1.767998 1.697947 -0.395919
v -1.819218 1.717159 -0.426470
v -1.833261 1.717159 -0.454031
v -1.855133 1.717159 -0.475903
v -1.882694 1.717159 -0.489946
v -1.913245 1.717159 -0.494785
v -1.943796 1.717159 -0.489946
v -1.971357 1.717159 -0.475903
v -1.993229 1.717159 -0.454031
v -2.007272 1.717159 -0.426470
v -2.012111 1.717159 -0.395919
v -2.007272 1.717159 -0.365368
v -1.993229 1.717159 -0.337807
v -1.971357 1.717159 -0.315935
v -1.943796 1.717159 -0.301892
v -1.913245 1.717159 -0.297054
v -1.882694 1.717159 -0.301892
v -1.855134 1.717159 -0.315935
v -1.833261 1.717159 -0.337807
v -1.819218 1.717159 -0.365368
v -1.814380 1.717159 -0.395919
v -1.865646 1.728879 -0.411385
v -1.872755 1.728879 -0.425337
v -1.883827 1.728879 -0.436410
v -1.897779 1.728879 -0.443519
v -1.913245 1.728879 -0.445968
v -1.928711 1.728879 -0.443519
v -1.942663 1.728879 -0.436410
v -1.953736 1.728879 -0.425337
v -1.960845 1.728879 -0.411385
v -1.963294 1.728879 -0.395919
v -1.960845 1.728879 -0.380453
v -1.953736 1.728879 -0.366501
v -1.942663 1.728879 -0.355429
v -1.928711 1.728879 -0.348320
v -1.913245 1.728879 -0.345870
v -1.897779 1.728879 -0.348320
v -1.883827 1.728879 -0.355429
v -1.872755 1.728879 -0.366501
v -1.865646 1.728879 -0.380453
v -1.863196 1.728879 -0.395919
v -1.913245 1.732818 -0.395919
v 2.480213 0.642675 -0.802344
v 2.436896 0.642675 -0.887359
v 2.369427 0.642675 -0.954828
v 2.284411 0.642675 -0.998146
v 2.190170 0.642675 -1.013072
v 2.095930 0.642675 -0.998146
v 2.010914 0.642675 -0.954828
v 1.943445 0.642675 -0.887359
v 1.900127 0.642675 -0.802343
v 1.885201 0.642675 -0.708103
v 1.900127 0.642675 -0.613862
v 1.943445 0.642675 -0.528847
v 2.010914 0.642675 -0.461378
v 2.095930 0.642675 -0.418060
v 2.190170 0.642675 -0.403134
v 2.284411 0.642675 -0.418060
v 2.369427 0.642675 -0.461378
v 2.436895 0.642675 -0.528847
v 2.480213 0.642675 -0.613862
v 2.495139 0.642675 -0.708103
v 2.480213 0.701145 -0.802343
v 2.436895 0.701145 -0.887359
v 2.369426 0.701145 -0.954828
v 2.284411 0.701145 -0.998145
v 2.190170 0.701145 -1.013071
v 2.095930 0.701145 -0.998145
v 2.010914 0.701145 -0.954828
v 1.943446 0.701145 -0.887359
v 1.900128 0.701145 -0.802343
v 1.885202 0.701145 -0.708103
v 1.900128 0.701145 -0.613862
v 1.943446 0.701145 -0.528847
v 2.010914 0.701145 -0.461378
v 2.095930 0.701145 -0.418061
v 2.190170 0.701145 -0.403134
v 2.284411 0.701145 -0.418061
v 2.369426 0.701145 -0.461378
v 2.436895 0.701145 -0.528847
v 2.480212 0.701145 -0.613862
v 2.495139 0.701145 -0.708103
v 2.532286 0.621761 -0.819263
v 2.531068 0.628124 -0.818867
v 2.527597 0.639203 -0.817740
v 2.522404 0.647791 -0.816052
v 2.481192 0.621761 -0.919542
v 2.480155 0.628124 -0.918789
v 2.477203 0.639203 -0.916644
v 2.472785 0.647791 -0.913434
v 2.401610 0.621761 -0.999124
v 2.400856 0.628124 -0.998087
v 2.398712 0.639203 -0.995135
v 2.395502 0.647791 -0.990717
v 2.301331 0.621761 -1.050219
v 2.300935 0.628124 -1.049000
v 2.299807 0.639203 -1.045530
v 2.298120 0.647791 -1.040336
v 2.190170 0.621761 -1.067825
v 2.190170 0.628124 -1.066543
v 2.190170 0.639203 -1.062895
v 2.190170 0.647791 -1.057434
v 2.079010 0.621761 -1.050219
v 2.079406 0.628124 -1.049000
v 2.080534 0.639203 -1.045530
v 2.082221 0.647791 -1.040336
v 1.978731 0.621761 -0.999124
v 1.979484 0.628124 -0.998087
v 1.981629 0.639203 -0.995135
v 1.984839 0.647791 -0.990717
v 1.899149 0.621761 -0.919542
v 1.900186 0.628124 -0.918789
v 1.903138 0.639203 -0.916644
v 1.907556 0.647791 -0.913434
v 1.848054 0.621761 -0.819263
v 1.849273 0.628124 -0.818867
v 1.852743 0.639203 -0.817739
v 1.857937 0.647791 -0.816052
v 1.830448 0.621761 -0.708103
v 1.831730 0.628124 -0.708103
v 1.835379 0.639203 -0.708103
v 1.840840 0.647791 -0.708103
v 1.848054 0.621761 -0.596943
v 1.849273 0.628124 -0.597339
v 1.852743 0.639203 -0.598466
v 1.857937 0.647791 -0.600154
v 1.899149 0.621761 -0.496664
v 1.900186 0.628124 -0.497417
v 1.903138 0.639203 -0.499562
v 1.907556 0.647791 -0.502771
v 1.978731 0.621761 -0.417082
v 1.979484 0.628124 -0.418118
v 1.981629 0.639203 -0.421070
v 1.984839 0.647791 -0.425488
v 2.079010 0.621761 -0.365987
v 2.079406 0.628124 -0.367206
v 2.080534 0.639203 -0.370676
v 2.082221 0.647791 -0.375870
v 2.190170 0.621761 -0.348381
v 2.190170 0.628124 -0.349662
v 2.190170 0.639203 -0.353311
v 2.190170 0.647791 -0.358772
v 2.301331 0.621761 -0.365987
v 2.300935 0.628124 -0.367206
v 2.299807 0.639203 -0.370676
v 2.298119 0.647791 -0.375870
v 2.401609 0.621761 -0.417082
v 2.400856 0.628124 -0.418118
v 2.398712 0.639203 -0.421070
v 2.395502 0.647791 -0.425488
v 2.481191 0.621761 -0.496664
v 2.480155 0.628124 -0.497417
v 2.477203 0.639203 -0.499562
v 2.472785 0.647791 -0.502771
v 2.532286 0.621761 -0.596943
v 2.531068 0.628124 -0.597339
v 2.527597 0.639203 -0.598466
v 2.522403 0.647791 -0.600154
v 2.549892 0.621761 -0.708103
v 2.548611 0.628124 -0.708103
v 2.544962 0.639203 -0.708103
v 2.539501 0.647791 -0.708103
v 2.454057 0.703374 -0.793845
v 2.427902 0.705602 -0.785346
v 2.401746 0.707831 -0.776848
v 2.375591 0.710060 -0.768350
v 2.349435 0.712289 -0.759851
v 2.323280 0.714518 -0.751353
v 2.297125 0.716746 -0.742854
v 2.270969 0.718975 -0.734356
v 2.244814 0.721204 -0.725858
v 2.218658 0.723433 -0.717359
v 2.414646 0.703374 -0.871194
v 2.392397 0.705602 -0.855029
v 2.370148 0.707831 -0.838864
v 2.347898 0.710060 -0.822699
v 2.325649 0.712289 -0.806534
v 2.303400 0.714518 -0.790369
v 2.281151 0.716746 -0.774204
v 2.258902 0.718975 -0.758039
v 2.236653 0.721204 -0.741874
v 2.214404 0.723433 -0.725709
v 2.190170 0.723433 -0.708103
v 2.353261 0.703374 -0.932578
v 2.337096 0.705602 -0.910329
v 2.320931 0.707831 -0.888080
v 2.304766 0.710060 -0.865831
v 2.288602 0.712289 -0.843582
v 2.272437 0.714518 -0.821333
v 2.256272 0.716746 -0.799084
v 2.240107 0.718975 -0.776834
v 2.223942 0.721204 -0.754585
v 2.207777 0.723433 -0.732336
v 2.275912 0.703374 -0.971990
v 2.267414 0.705602 -0.945834
v 2.258915 0.707831 -0.919679
v 2.250417 0.710060 -0.893523
v 2.241919 0.712289 -0.867368
v 2.233420 0.714518 -0.841212
v 2.224922 0.716746 -0.815057
v 2.216424 0.718975 -0.788902
v 2.207925 0.721204 -0.762746
v 2.199427 0.723433 -0.736591
v 2.190170 0.703374 -0.985570
v 2.190170 0.705602 -0.958068
v 2.190170 0.707831 -0.930567
v 2.190170 0.710060 -0.903066
v 2.190170 0.712289 -0.875564
v 2.190170 0.714518 -0.848063
v 2.190170 0.716746 -0.820561
v 2.190170 0.718975 -0.793060
v 2.190170 0.721204 -0.765558
v 2.190170 0.723433 -0.738057
v 2.104428 0.703374 -0.971990
v 2.112927 0.705602 -0.945834
v 2.121425 0.707831 -0.919679
v 2.129924 0.710060 -0.893523
v 2.138422 0.712289 -0.867368
v 2.146920 0.714518 -0.841212
v 2.155419 0.716746 -0.815057
v 2.163917 0.718975 -0.788902
v 2.172416 0.721204 -0.762746
v 2.180914 0.723433 -0.736591
v 2.027079 0.703374 -0.932578
v 2.043244 0.705602 -0.910329
v 2.059409 0.707831 -0.888080
v 2.075574 0.710060 -0.865831
v 2.091739 0.712289 -0.843582
v 2.107904 0.714518 -0.821333
v 2.124069 0.716746 -0.799084
v 2.140234 0.718975 -0.776834
v 2.156399 0.721204 -0.754585
v 2.172564 0.723433 -0.732336
v 1.965695 0.703374 -0.871194
v 1.987944 0.705602 -0.855029
v 2.010193 0.707831 -0.838864
v 2.032442 0.710060 -0.822699
v 2.054691 0.712289 -0.806534
v 2.076941 0.714518 -0.790369
v 2.099190 0.716746 -0.774204
v 2.121439 0.718975 -0.758039
v 2.143688 0.721204 -0.741874
v 2.165937 0.723433 -0.725709
v 1.926284 0.703374 -0.793845
v 1.952439 0.705602 -0.785346
v 1.978594 0.707831 -0.776848
v 2.004750 0.710060 -0.768350
v 2.030905 0.712289 -0.759851
v 2.057061 0.714518 -0.751353
v 2.083216 0.716746 -0.742854
v 2.109372 0.718975 -0.734356
v 2.135527 0.721204 -0.725858
v 2.161682 0.723433 -0.717359
v 1.912703 0.703374 -0.708103
v 1.940205 0.705602 -0.708103
v 1.967706 0.707831 -0.708103
v 1.995208 0.710060 -0.708103
v 2.022709 0.712289 -0.708103
v 2.050211 0.714518 -0.708103
v 2.077712 0.716746 -0.708103
v 2.105214 0.718975 -0.708103
v 2.132715 0.721204 -0.708103
v 2.160216 0.723433 -0.708103
v 1.926284 0.703374 -0.622361
v 1.952439 0.705602 -0.630859
v 1.978594 0.707831 -0.639358
v 2.004750 0.710060 -0.647856
v 2.030905 0.712289 -0.656354
v 2.057061 0.714518 -0.664853
v 2.083216 0.716746 -0.673351
v 2.109372 0.718975 -0.681850
v 2.135527 0.721204 -0.690348
v 2.161682 0.723433 -0.698847
v 1.965695 0.703374 -0.545012
v 1.987944 0.705602 -0.561177
v 2.010193 0.707831 -0.577342
v 2.032442 0.710060 -0.593507
v 2.054691 0.712289 -0.609672
v 2.076941 0.714518 -0.625837
v 2.099190 0.716746 -0.642002
v 2.121439 0.718975 -0.658167
v 2.143688 0.721204 -0.674331
v 2.165937 0.723433 -0.690496
v 2.027079 0.703374 -0.483627
v 2.043244 0.705602 -0.505877
v 2.059409 0.707831 -0.528126
v 2.075574 0.710060 -0.550375
v 2.091739 0.712289 -0.572624
v 2.107904 0.714518 -0.594873
v 2.124069 0.716746 -0.617122
v 2.140234 0.718975 -0.639371
v 2.156399 0.721204 -0.661620
v 2.172564 0.723433 -0.683870
v 2.104428 0.703374 -0.444216
v 2.112927 0.705602 -0.470372
v 2.121425 0.707831 -0.496527
v 2.129924 0.710060 -0.522682
v 2.138422 0.712289 -0.548838
v 2.146920 0.714518 -0.574993
v 2.155419 0.716746 -0.601149
v 2.163917 0.718975 -0.627304
v 2.172416 0.721204 -0.653460
v 2.180914 0.723433 -0.679615
v 2.190170 0.703374 -0.430636
v 2.190170 0.705602 -0.458137
v 2.190170 0.707831 -0.485639
v 2.190170 0.710060 -0.513140
v 2.190170 0.712289 -0.540642
v 2.190170 0.714518 -0.568143
v 2.190170 0.716746 -0.595645
v 2.190170 0.718975 -0.623146
v 2.190170 0.721204 -0.650648
v 2.190170 0.723433 -0.678149
v 2.275912 0.703374 -0.444216
v 2.267414 0.705602 -0.470372
v 2.258915 0.707831 -0.496527
v 2.250417 0.710060 -0.522682
v 2.241919 0.712289 -0.548838
v 2.233420 0.714518 -0.574993
v 2.224922 0.716746 -0.601149
v 2.216424 0.718975 -0.627304
v 2.207925 0.721204 -0.653460
v 2.199427 0.723433 -0.679615
v 2.353261 0.703374 -0.483627
v 2.337096 0.705602 -0.505877
v 2.320931 0.707831 -0.528126
v 2.304766 0.710060 -0.550375
v 2.288601 0.712289 -0.572624
v 2.272437 0.714518 -0.594873
v 2.256272 0.716746 -0.617122
v 2.240107 0.718975 -0.639371
v 2.223942 0.721204 -0.661620
v 2.207777 0.723433 -0.683870
v 2.414646 0.703374 -0.545012
v 2.392397 0.705602 -0.561177
v 2.370147 0.707831 -0.577342
v 2.347898 0.710060 -0.593507
v 2.325649 0.712289 -0.609672
v 2.303400 0.714518 -0.625837
v 2.281151 0.716746 -0.642002
v 2.258902 0.718975 -0.658167
v 2.236653 0.721204 -0.674331
v 2.214404 0.723433 -0.690496
v 2.454057 0.703374 -0.622361
v 2.427902 0.705602 -0.630859
v 2.401746 0.707831 -0.639358
v 2.375591 0.710060 -0.647856
v 2.349435 0.712289 -0.656355
v 2.323280 0.714518 -0.664853
v 2.297124 0.716746 -0.673351
v 2.270969 0.718975 -0.681850
v 2.244814 0.721204 -0.690348
v 2.218658 0.723433 -0.698847
v 2.467637 0.703374 -0.708103
v 2.440136 0.705602 -0.708103
v 2.412634 0.707831 -0.708103
v 2.385133 0.710060 -0.708103
v 2.357631 0.712289 -0.708103
v 2.330130 0.714518 -0.708103
v 2.302629 0.716746 -0.708103
v 2.275127 0.718975 -0.708103
v 2.247626 0.721204 -0.708103
v 2.220124 0.723433 -0.708103
v 3.224981 0.642675 -2.345671
v 3.189398 0.642675 -2.415507
v 3.133977 0.642675 -2.470928
v 3.064142 0.642675 -2.506511
v 2.986729 0.642675 -2.518772
v 2.909316 0.642675 -2.506511
v 2.839481 0.642675 -2.470928
v 2.784060 0.642675 -2.415506
v 2.748477 0.642675 -2.345671
v 2.736216 0.642675 -2.268259
v 2.748477 0.642675 -2.190846
v 2.784060 0.642675 -2.121011
v 2.839481 0.642675 -2.065589
v 2.909316 0.642675 -2.030006
v 2.986729 0.642675 -2.017745
v 3.064142 0.642675 -2.030006
v 3.133977 0.642675 -2.065589
v 3.189398 0.642675 -2.121011
v 3.224981 0.642675 -2.190846
v 3.237242 0.642675 -2.268259
v 3.224981 0.701145 -2.345671
v 3.189398 0.701145 -2.415506
v 3.133976 0.701145 -2.470927
v 3.064142 0.701145 -2.506510
v 2.986729 0.701145 -2.518771
v 2.909316 0.701145 -2.506510
v 2.839481 0.701145 -2.470927
v 2.784060 0.701145 -2.415506
v 2.748477 0.701145 -2.345671
v 2.736216 0.701145 -2.268259
v 2.748477 0.701145 -2.190846
v 2.784060 0.701145 -2.121011
v 2.839481 0.701145 -2.065590
v 2.909316 0.701145 -2.030007
v 2.986729 0.701145 -2.017746
v 3.064142 0.701145 -2.030007
v 3.133976 0.701145 -2.065590
v 3.189398 0.701145 -2.121011
v 3.224980 0.701145 -2.190846
v 3.237241 0.701145 -2.268259
v 3.267756 0.621761 -2.359570
v 3.266755 0.628124 -2.359245
v 3.263904 0.639203 -2.358318
v 3.259638 0.647791 -2.356932
v 3.225785 0.621761 -2.441943
v 3.224933 0.628124 -2.441324
v 3.222508 0.639203 -2.439562
v 3.218879 0.647791 -2.436925
v 3.160413 0.621761 -2.507315
v 3.159794 0.628124 -2.506463
v 3.158033 0.639203 -2.504038
v 3.155396 0.647791 -2.500409
v 3.078040 0.621761 -2.549285
v 3.077715 0.628124 -2.548285
v 3.076789 0.639203 -2.545434
v 3.075402 0.647791 -2.541167
v 2.986729 0.621761 -2.563748
v 2.986729 0.628124 -2.562695
v 2.986729 0.639203 -2.559698
v 2.986729 0.647791 -2.555212
v 2.895417 0.621761 -2.549285
v 2.895743 0.628124 -2.548285
v 2.896669 0.639203 -2.545434
v 2.898055 0.647791 -2.541167
v 2.813045 0.621761 -2.507314
v 2.813663 0.628124 -2.506463
v 2.815425 0.639203 -2.504038
v 2.818062 0.647791 -2.500409
v 2.747673 0.621761 -2.441943
v 2.748525 0.628124 -2.441324
v 2.750950 0.639203 -2.439562
v 2.754579 0.647791 -2.436925
v 2.705702 0.621761 -2.359570
v 2.706703 0.628124 -2.359245
v 2.709554 0.639203 -2.358318
v 2.713820 0.647791 -2.356932
v 2.691240 0.621761 -2.268259
v 2.692292 0.628124 -2.268259
v 2.695290 0.639203 -2.268259
v 2.699775 0.647791 -2.268259
v 2.705702 0.621761 -2.176947
v 2.706703 0.628124 -2.177273
v 2.709554 0.639203 -2.178199
v 2.713820 0.647791 -2.179585
v 2.747673 0.621761 -2.094574
v 2.748525 0.628124 -2.095193
v 2.750950 0.639203 -2.096955
v 2.754579 0.647791 -2.099592
v 2.813045 0.621761 -2.029203
v 2.813663 0.628124 -2.030055
v 2.815425 0.639203 -2.032479
v 2.818062 0.647791 -2.036108
v 2.895418 0.621761 -1.987232
v 2.895743 0.628124 -1.988233
v 2.896669 0.639203 -1.991083
v 2.898055 0.647791 -1.995350
v 2.986729 0.621761 -1.972769
v 2.986729 0.628124 -1.973822
v 2.986729 0.639203 -1.976820
v 2.986729 0.647791 -1.981305
v 3.078040 0.621761 -1.987232
v 3.077715 0.628124 -1.988233
v 3.076789 0.639203 -1.991083
v 3.075402 0.647791 -1.995350
v 3.160413 0.621761 -2.029203
v 3.159794 0.628124 -2.030055
v 3.158033 0.639203 -2.032479
v 3.155396 0.647791 -2.036108
v 3.225785 0.621761 -2.094574
v 3.224933 0.628124 -2.095193
v 3.222508 0.639203 -2.096955
v 3.218879 0.647791 -2.099592
v 3.267756 0.621761 -2.176947
v 3.266755 0.628124 -2.177273
v 3.263904 0.639203 -2.178199
v 3.259638 0.647791 -2.179585
v 3.282218 0.621761 -2.268259
v 3.281165 0.628124 -2.268259
v 3.278168 0.639203 -2.268259
v 3.273682 0.647791 -2.268259
v 3.203496 0.703374 -2.338690
v 3.182010 0.705602 -2.331709
v 3.160525 0.707831 -2.324728
v 3.139040 0.710060 -2.317748
v 3.117555 0.712289 -2.310767
v 3.096070 0.714518 -2.303786
v 3.074585 0.716746 -2.296805
v 3.053100 0.718975 -2.289824
v 3.031615 0.721204 -2.282843
v 3.010130 0.723433 -2.275862
v 3.171122 0.703374 -2.402228
v 3.152845 0.705602 -2.388949
v 3.134569 0.707831 -2.375671
v 3.116293 0.710060 -2.362392
v 3.098016 0.712289 -2.349114
v 3.079740 0.714518 -2.335835
v 3.061464 0.716746 -2.322557
v 3.043187 0.718975 -2.309278
v 3.024911 0.721204 -2.296000
v 3.006635 0.723433 -2.282721
v 2.986729 0.723433 -2.268259
v 3.120698 0.703374 -2.452652
v 3.107419 0.705602 -2.434375
v 3.094141 0.707831 -2.416099
v 3.080862 0.710060 -2.397823
v 3.067584 0.712289 -2.379546
v 3.054306 0.714518 -2.361270
v 3.041027 0.716746 -2.342994
v 3.027748 0.718975 -2.324717
v 3.014470 0.721204 -2.306441
v 3.001191 0.723433 -2.288165
v 3.057160 0.703374 -2.485025
v 3.050179 0.705602 -2.463540
v 3.043199 0.707831 -2.442055
v 3.036218 0.710060 -2.420570
v 3.029237 0.712289 -2.399085
v 3.022256 0.714518 -2.377600
v 3.015275 0.716746 -2.356115
v 3.008294 0.718975 -2.334630
v 3.001313 0.721204 -2.313145
v 2.994332 0.723433 -2.291660
v 2.986729 0.703374 -2.496181
v 2.986729 0.705602 -2.473590
v 2.986729 0.707831 -2.450999
v 2.986729 0.710060 -2.428408
v 2.986729 0.712289 -2.405818
v 2.986729 0.714518 -2.383227
v 2.986729 0.716746 -2.360636
v 2.986729 0.718975 -2.338045
v 2.986729 0.721204 -2.315454
v 2.986729 0.723433 -2.292864
v 2.916297 0.703374 -2.485025
v 2.923278 0.705602 -2.463540
v 2.930259 0.707831 -2.442055
v 2.937240 0.710060 -2.420570
v 2.944221 0.712289 -2.399085
v 2.951202 0.714518 -2.377600
v 2.958183 0.716746 -2.356115
v 2.965164 0.718975 -2.334630
v 2.972145 0.721204 -2.313145
v 2.979125 0.723433 -2.291660
v 2.852760 0.703374 -2.452652
v 2.866038 0.705602 -2.434375
v 2.879317 0.707831 -2.416099
v 2.892595 0.710060 -2.397822
v 2.905874 0.712289 -2.379546
v 2.919152 0.714518 -2.361270
v 2.932431 0.716746 -2.342993
v 2.945709 0.718975 -2.324717
v 2.958988 0.721204 -2.306441
v 2.972266 0.723433 -2.288165
v 2.802336 0.703374 -2.402228
v 2.820612 0.705602 -2.388949
v 2.838889 0.707831 -2.375671
v 2.857165 0.710060 -2.362392
v 2.875441 0.712289 -2.349114
v 2.893718 0.714518 -2.335835
v 2.911994 0.716746 -2.322557
v 2.930270 0.718975 -2.309278
v 2.948546 0.721204 -2.296000
v 2.966823 0.723433 -2.282721
v 2.769962 0.703374 -2.338690
v 2.791447 0.705602 -2.331709
v 2.812932 0.707831 -2.324728
v 2.834417 0.710060 -2.317748
v 2.855902 0.712289 -2.310767
v 2.877388 0.714518 -2.303786
v 2.898873 0.716746 -2.296805
v 2.920358 0.718975 -2.289824
v 2.941843 0.721204 -2.282843
v 2.963328 0.723433 -2.275862
v 2.758807 0.703374 -2.268259
v 2.781398 0.705602 -2.268259
v 2.803988 0.707831 -2.268259
v 2.826579 0.710060 -2.268259
v 2.849170 0.712289 -2.268259
v 2.871761 0.714518 -2.268259
v 2.894351 0.716746 -2.268259
v 2.916942 0.718975 -2.268259
v 2.939533 0.721204 -2.268259
v 2.962123 0.723433 -2.268259
v 2.769962 0.703374 -2.197827
v 2.791447 0.705602 -2.204808
v 2.812932 0.707831 -2.211789
v 2.834417 0.710060 -2.218770
v 2.855902 0.712289 -2.225751
v 2.877388 0.714518 -2.232732
v 2.898873 0.716746 -2.239712
v 2.920358 0.718975 -2.246693
v 2.941843 0.721204 -2.253674
v 2.963328 0.723433 -2.260655
v 2.802336 0.703374 -2.134290
v 2.820612 0.705602 -2.147568
v 2.838889 0.707831 -2.160846
v 2.857165 0.710060 -2.174125
v 2.875441 0.712289 -2.187404
v 2.893718 0.714518 -2.200682
v 2.911994 0.716746 -2.213961
v 2.930270 0.718975 -2.227239
v 2.948546 0.721204 -2.240517
v 2.966823 0.723433 -2.253796
v 2.852760 0.703374 -2.083866
v 2.866038 0.705602 -2.102142
v 2.879317 0.707831 -2.120419
v 2.892595 0.710060 -2.138695
v 2.905874 0.712289 -2.156971
v 2.919152 0.714518 -2.175247
v 2.932431 0.716746 -2.193524
v 2.945709 0.718975 -2.211800
v 2.958988 0.721204 -2.230076
v 2.972266 0.723433 -2.248353
v 2.916297 0.703374 -2.051492
v 2.923278 0.705602 -2.072977
v 2.930259 0.707831 -2.094462
v 2.937240 0.710060 -2.115947
v 2.944221 0.712289 -2.137432
v 2.951202 0.714518 -2.158917
v 2.958183 0.716746 -2.180403
v 2.965164 0.718975 -2.201888
v 2.972145 0.721204 -2.223372
v 2.979125 0.723433 -2.244858
v 2.986729 0.703374 -2.040337
v 2.986729 0.705602 -2.062928
v 2.986729 0.707831 -2.085518
v 2.986729 0.710060 -2.108109
v 2.986729 0.712289 -2.130700
v 2.986729 0.714518 -2.153290
v 2.986729 0.716746 -2.175881
v 2.986729 0.718975 -2.198472
v 2.986729 0.721204 -2.221063
v 2.986729 0.723433 -2.243653
v 3.057161 0.703374 -2.051492
v 3.050179 0.705602 -2.072977
v 3.043199 0.707831 -2.094462
v 3.036218 0.710060 -2.115947
v 3.029237 0.712289 -2.137432
v 3.022256 0.714518 -2.158917
v 3.015275 0.716746 -2.180403
v 3.008294 0.718975 -2.201888
v 3.001313 0.721204 -2.223372
v 2.994332 0.723433 -2.244858
v 3.120698 0.703374 -2.083866
v 3.107419 0.705602 -2.102142
v 3.094141 0.707831 -2.120419
v 3.080862 0.710060 -2.138695
v 3.067584 0.712289 -2.156971
v 3.054306 0.714518 -2.175247
v 3.041027 0.716746 -2.193524
v 3.027748 0.718975 -2.211800
v 3.014470 0.721204 -2.230076
v 3.001191 0.723433 -2.248353
v 3.171121 0.703374 -2.134290
v 3.152845 0.705602 -2.147568
v 3.134569 0.707831 -2.160846
v 3.116292 0.710060 -2.174125
v 3.098016 0.712289 -2.187404
v 3.079740 0.714518 -2.200682
v 3.061464 0.716746 -2.213961
v 3.043187 0.718975 -2.227239
v 3.024911 0.721204 -2.240517
v 3.006635 0.723433 -2.253796
v 3.203495 0.703374 -2.197827
v 3.182010 0.705602 -2.204808
v 3.160525 0.707831 -2.211789
v 3.139040 0.710060 -2.218770
v 3.117555 0.712289 -2.225751
v 3.096070 0.714518 -2.232732
v 3.074585 0.716746 -2.239712
v 3.053100 0.718975 -2.246693
v 3.031615 0.721204 -2.253674
v 3.010130 0.723433 -2.260655
v 3.214651 0.703374 -2.268259
v 3.192060 0.705602 -2.268259
v 3.169469 0.707831 -2.268259
v 3.146878 0.710060 -2.268259
v 3.124288 0.712289 -2.268259
v 3.101697 0.714518 -2.268259
v 3.079106 0.716746 -2.268259
v 3.056516 0.718975 -2.268259
v 3.033925 0.721204 -2.268259
v 3.011334 0.723433 -2.268259
v 1.766058 0.642675 -1.055045
v 1.722740 0.642675 -1.140061
v 1.655271 0.642675 -1.207530
v 1.570255 0.642675 -1.250847
v 1.476015 0.642675 -1.265773
v 1.381774 0.642675 -1.250847
v 1.296758 0.642675 -1.207529
v 1.229289 0.642675 -1.140061
v 1.185972 0.642675 -1.055045
v 1.171046 0.642675 -0.960804
v 1.185972 0.642675 -0.866564
v 1.229290 0.642675 -0.781548
v 1.296758 0.642675 -0.714079
v 1.381774 0.642675 -0.670761
v 1.476015 0.642675 -0.655835
v 1.570255 0.642675 -0.670761
v 1.655271 0.642675 -0.714079
v 1.722740 0.642675 -0.781548
v 1.766057 0.642675 -0.866564
v 1.780984 0.642675 -0.960804
v 1.766057 0.701145 -1.055045
v 1.722739 0.701145 -1.140060
v 1.655271 0.701145 -1.207529
v 1.570255 0.701145 -1.250846
v 1.476015 0.701145 -1.265773
v 1.381774 0.701145 -1.250846
v 1.296759 0.701145 -1.207529
v 1.229290 0.701145 -1.140060
v 1.185972 0.701145 -1.055045
v 1.171046 0.701145 -0.960804
v 1.185972 0.701145 -0.866564
v 1.229290 0.701145 -0.781548
v 1.296759 0.701145 -0.714080
v 1.381774 0.701145 -0.670762
v 1.476015 0.701145 -0.655836
v 1.570255 0.701145 -0.670762
v 1.655271 0.701145 -0.714080
v 1.722739 0.701145 -0.781548
v 1.766057 0.701145 -0.866564
v 1.780983 0.701145 -0.960804
v 1.818131 0.621761 -1.071964
v 1.816912 0.628124 -1.071568
v 1.813442 0.639203 -1.070441
v 1.808248 0.647791 -1.068753
v 1.767036 0.621761 -1.172243
v 1.765999 0.628124 -1.171490
v 1.763047 0.639203 -1.169345
v 1.758629 0.647791 -1.166136
v 1.687454 0.621761 -1.251825
v 1.686701 0.628124 -1.250789
v 1.684556 0.639203 -1.247837
v 1.681346 0.647791 -1.243419
v 1.587175 0.621761 -1.302920
v 1.586779 0.628124 -1.301702
v 1.585651 0.639203 -1.298231
v 1.583964 0.647791 -1.293037
v 1.476015 0.621761 -1.320526
v 1.476015 0.628124 -1.319245
v 1.476015 0.639203 -1.315596
v 1.476015 0.647791 -1.310135
v 1.364854 0.621761 -1.302920
v 1.365250 0.628124 -1.301702
v 1.366378 0.639203 -1.298231
v 1.368065 0.647791 -1.293037
v 1.264575 0.621761 -1.251825
v 1.265329 0.628124 -1.250789
v 1.267473 0.639203 -1.247837
v 1.270683 0.647791 -1.243419
v 1.184994 0.621761 -1.172243
v 1.186030 0.628124 -1.171490
v 1.188982 0.639203 -1.169345
v 1.193400 0.647791 -1.166136
v 1.133899 0.621761 -1.071964
v 1.135117 0.628124 -1.071568
v 1.138588 0.639203 -1.070441
v 1.143781 0.647791 -1.068753
v 1.116293 0.621761 -0.960804
v 1.117574 0.628124 -0.960804
v 1.121223 0.639203 -0.960804
v 1.126684 0.647791 -0.960804
v 1.133899 0.621761 -0.849644
v 1.135117 0.628124 -0.850040
v 1.138588 0.639203 -0.851168
v 1.143781 0.647791 -0.852855
v 1.184994 0.621761 -0.749365
v 1.186030 0.628124 -0.750118
v 1.188982 0.639203 -0.752263
v 1.193400 0.647791 -0.755473
v 1.264575 0.621761 -0.669783
v 1.265329 0.628124 -0.670820
v 1.267473 0.639203 -0.673772
v 1.270683 0.647791 -0.678190
v 1.364854 0.621761 -0.618688
v 1.365250 0.628124 -0.619907
v 1.366378 0.639203 -0.623377
v 1.368066 0.647791 -0.628571
v 1.476015 0.621761 -0.601082
v 1.476015 0.628124 -0.602364
v 1.476015 0.639203 -0.606013
v 1.476015 0.647791 -0.611474
v 1.587175 0.621761 -0.618688
v 1.586779 0.628124 -0.619907
v 1.585651 0.639203 -0.623377
v 1.583964 0.647791 -0.628571
v 1.687454 0.621761 -0.669783
v 1.686701 0.628124 -0.670820
v 1.684556 0.639203 -0.673772
v 1.681346 0.647791 -0.678190
v 1.767036 0.621761 -0.749365
v 1.765999 0.628124 -0.750118
v 1.763047 0.639203 -0.752263
v 1.758629 0.647791 -0.755473
v 1.818130 0.621761 -0.849644
v 1.816912 0.628124 -0.850040
v 1.813442 0.639203 -0.851168
v 1.808248 0.647791 -0.852855
v 1.835737 0.621761 -0.960804
v 1.834455 0.628124 -0.960804
v 1.830806 0.639203 -0.960804
v 1.825345 0.647791 -0.960804
v 1.739902 0.703374 -1.046546
v 1.713746 0.705602 -1.038048
v 1.687591 0.707831 -1.029549
v 1.661435 0.710060 -1.021051
v 1.635280 0.712289 -1.012553
v 1.609124 0.714518 -1.004054
v 1.582969 0.716746 -0.995556
v 1.556813 0.718975 -0.987057
v 1.530658 0.721204 -0.978559
v 1.504503 0.723433 -0.970060
v 1.700490 0.703374 -1.123895
v 1.678241 0.705602 -1.107730
v 1.655992 0.707831 -1.091565
v 1.633743 0.710060 -1.075400
v 1.611494 0.712289 -1.059235
v 1.589244 0.714518 -1.043070
v 1.566995 0.716746 -1.026906
v 1.544746 0.718975 -1.010741
v 1.522497 0.721204 -0.994576
v 1.500248 0.723433 -0.978411
v 1.476015 0.723433 -0.960804
v 1.639106 0.703374 -1.185280
v 1.622941 0.705602 -1.163031
v 1.606776 0.707831 -1.140781
v 1.590611 0.710060 -1.118532
v 1.574446 0.712289 -1.096283
v 1.558281 0.714518 -1.074034
v 1.542116 0.716746 -1.051785
v 1.525951 0.718975 -1.029536
v 1.509786 0.721204 -1.007287
v 1.493621 0.723433 -0.985037
v 1.561757 0.703374 -1.224691
v 1.553258 0.705602 -1.198536
v 1.544760 0.707831 -1.172380
v 1.536261 0.710060 -1.146225
v 1.527763 0.712289 -1.120069
v 1.519265 0.714518 -1.093914
v 1.510766 0.716746 -1.067758
v 1.502268 0.718975 -1.041603
v 1.493769 0.721204 -1.015447
v 1.485271 0.723433 -0.989292
v 1.476015 0.703374 -1.238271
v 1.476015 0.705602 -1.210770
v 1.476015 0.707831 -1.183268
v 1.476015 0.710060 -1.155767
v 1.476015 0.712289 -1.128265
v 1.476015 0.714518 -1.100764
v 1.476015 0.716746 -1.073262
v 1.476015 0.718975 -1.045761
v 1.476015 0.721204 -1.018260
v 1.476015 0.723433 -0.990758
v 1.390273 0.703374 -1.224691
v 1.398771 0.705602 -1.198536
v 1.407269 0.707831 -1.172380
v 1.415768 0.710060 -1.146225
v 1.424266 0.712289 -1.120069
v 1.432765 0.714518 -1.093914
v 1.441263 0.716746 -1.067758
v 1.449762 0.718975 -1.041603
v 1.458260 0.721204 -1.015447
v 1.466758 0.723433 -0.989292
v 1.312924 0.703374 -1.185280
v 1.329089 0.705602 -1.163031
v 1.345254 0.707831 -1.140781
v 1.361418 0.710060 -1.118532
v 1.377584 0.712289 -1.096283
v 1.393748 0.714518 -1.074034
v 1.409913 0.716746 -1.051785
v 1.426078 0.718975 -1.029536
v 1.442243 0.721204 -1.007287
v 1.458408 0.723433 -0.985037
v 1.251539 0.703374 -1.123895
v 1.273788 0.705602 -1.107730
v 1.296037 0.707831 -1.091565
v 1.318287 0.710060 -1.075400
v 1.340536 0.712289 -1.059235
v 1.362785 0.714518 -1.043070
v 1.385034 0.716746 -1.026906
v 1.407283 0.718975 -1.010741
v 1.429532 0.721204 -0.994576
v 1.451781 0.723433 -0.978411
v 1.212128 0.703374 -1.046546
v 1.238283 0.705602 -1.038048
v 1.264439 0.707831 -1.029549
v 1.290594 0.710060 -1.021051
v 1.316750 0.712289 -1.012552
v 1.342905 0.714518 -1.004054
v 1.369061 0.716746 -0.995556
v 1.395216 0.718975 -0.987057
v 1.421371 0.721204 -0.978559
v 1.447527 0.723433 -0.970060
v 1.198548 0.703374 -0.960804
v 1.226049 0.705602 -0.960804
v 1.253551 0.707831 -0.960804
v 1.281052 0.710060 -0.960804
v 1.308553 0.712289 -0.960804
v 1.336055 0.714518 -0.960804
v 1.363556 0.716746 -0.960804
v 1.391058 0.718975 -0.960804
v 1.418559 0.721204 -0.960804
v 1.446061 0.723433 -0.960804
v 1.212128 0.703374 -0.875062
v 1.238283 0.705602 -0.883561
v 1.264439 0.707831 -0.892059
v 1.290594 0.710060 -0.900557
v 1.316750 0.712289 -0.909056
v 1.342905 0.714518 -0.917554
v 1.369061 0.716746 -0.926053
v 1.395216 0.718975 -0.934551
v 1.421371 0.721204 -0.943050
v 1.447527 0.723433 -0.951548
v 1.251539 0.703374 -0.797713
v 1.273788 0.705602 -0.813878
v 1.296037 0.707831 -0.830043
v 1.318287 0.710060 -0.846208
v 1.340536 0.712289 -0.862373
v 1.362785 0.714518 -0.878538
v 1.385034 0.716746 -0.894703
v 1.407283 0.718975 -0.910868
v 1.429532 0.721204 -0.927033
v 1.451781 0.723433 -0.943198
v 1.312924 0.703374 -0.736329
v 1.329089 0.705602 -0.758578
v 1.345254 0.707831 -0.780827
v 1.361418 0.710060 -0.803076
v 1.377584 0.712289 -0.825325
v 1.393748 0.714518 -0.847574
v 1.409913 0.716746 -0.869824
v 1.426078 0.718975 -0.892073
v 1.442243 0.721204 -0.914322
v 1.458408 0.723433 -0.936571
v 1.390273 0.703374 -0.696917
v 1.398771 0.705602 -0.723073
v 1.407269 0.707831 -0.749228
v 1.415768 0.710060 -0.775384
v 1.424266 0.712289 -0.801539
v 1.432765 0.714518 -0.827695
v 1.441263 0.716746 -0.853850
v 1.449762 0.718975 -0.880005
v 1.458260 0.721204 -0.906161
v 1.466758 0.723433 -0.932316
v 1.476015 0.703374 -0.683337
v 1.476015 0.705602 -0.710839
v 1.476015 0.707831 -0.738340
v 1.476015 0.710060 -0.765842
v 1.476015 0.712289 -0.793343
v 1.476015 0.714518 -0.820845
v 1.476015 0.716746 -0.848346
v 1.476015 0.718975 -0.875847
v 1.476015 0.721204 -0.903349
v 1.476015 0.723433 -0.930850
v 1.561757 0.703374 -0.696918
v 1.553258 0.705602 -0.723073
v 1.544760 0.707831 -0.749228
v 1.536261 0.710060 -0.775384
v 1.527763 0.712289 -0.801539
v 1.519265 0.714518 -0.827695
v 1.510766 0.716746 -0.853850
v 1.502268 0.718975 -0.880005
v 1.493769 0.721204 -0.906161
v 1.485271 0.723433 -0.932316
v 1.639106 0.703374 -0.736329
v 1.622941 0.705602 -0.758578
v 1.606776 0.707831 -0.780827
v 1.590611 0.710060 -0.803076
v 1.574446 0.712289 -0.825325
v 1.558281 0.714518 -0.847574
v 1.542116 0.716746 -0.869824
v 1.525951 0.718975 -0.892073
v 1.509786 0.721204 -0.914322
v 1.493621 0.723433 -0.936571
v 1.700490 0.703374 -0.797713
v 1.678241 0.705602 -0.813878
v 1.655992 0.707831 -0.830043
v 1.633743 0.710060 -0.846208
v 1.611493 0.712289 -0.862373
v 1.589244 0.714518 -0.878538
v 1.566995 0.716746 -0.894703
v 1.544746 0.718975 -0.910868
v 1.522497 0.721204 -0.927033
v 1.500248 0.723433 -0.943198
v 1.739901 0.703374 -0.875062
v 1.713746 0.705602 -0.883561
v 1.687590 0.707831 -0.892059
v 1.661435 0.710060 -0.900557
v 1.635280 0.712289 -0.909056
v 1.609124 0.714518 -0.917554
v 1.582969 0.716746 -0.926053
v 1.556813 0.718975 -0.934551
v 1.530658 0.721204 -0.943050
v 1.504503 0.723433 -0.951548
v 1.753482 0.703374 -0.960804
v 1.725980 0.705602 -0.960804
v 1.698479 0.707831 -0.960804
v 1.670977 0.710060 -0.960804
v 1.643476 0.712289 -0.960804
v 1.615974 0.714518 -0.960804
v 1.588473 0.716746 -0.960804
v 1.560971 0.718975 -0.960804
v 1.533470 0.721204 -0.960804
v 1.505969 0.723433 -0.960804
v 2.779353 0.637815 -2.893384
v 3.261213 0.637815 -2.893384
v 2.779353 0.707601 -2.893384
v 3.261213 0.707601 -2.893384
v 2.779353 0.707601 -2.976337
v 3.261213 0.707601 -2.976337
v 2.779353 0.637815 -2.976337
v 3.261213 0.637815 -2.976337
v 1.694642 0.642675 -0.209045
v 1.651324 0.642675 -0.294061
v 1.583855 0.642675 -0.361529
v 1.498840 0.642675 -0.404847
v 1.404599 0.642675 -0.419773
v 1.310358 0.642675 -0.404847
v 1.225343 0.642675 -0.361529
v 1.157874 0.642675 -0.294061
v 1.114556 0.642675 -0.209045
v 1.099630 0.642675 -0.114804
v 1.114556 0.642675 -0.020564
v 1.157874 0.642675 0.064452
v 1.225343 0.642675 0.131921
v 1.310358 0.642675 0.175239
v 1.404599 0.642675 0.190165
v 1.498840 0.642675 0.175239
v 1.583855 0.642675 0.131921
v 1.651324 0.642675 0.064452
v 1.694642 0.642675 -0.020564
v 1.709568 0.642675 -0.114804
v 1.694641 0.701145 -0.209045
v 1.651324 0.701145 -0.294060
v 1.583855 0.701145 -0.361529
v 1.498839 0.701145 -0.404846
v 1.404599 0.701145 -0.419773
v 1.310359 0.701145 -0.404846
v 1.225343 0.701145 -0.361529
v 1.157874 0.701145 -0.294060
v 1.114557 0.701145 -0.209045
v 1.099631 0.701145 -0.114804
v 1.114557 0.701145 -0.020564
v 1.157874 0.701145 0.064452
v 1.225343 0.701145 0.131920
v 1.310359 0.701145 0.175238
v 1.404599 0.701145 0.190164
v 1.498839 0.701145 0.175238
v 1.583855 0.701145 0.131920
v 1.651324 0.701145 0.064452
v 1.694641 0.701145 -0.020564
v 1.709567 0.701145 -0.114804
v 1.746715 0.621761 -0.225964
v 1.745496 0.628124 -0.225568
v 1.742026 0.639203 -0.224441
v 1.736832 0.647791 -0.222753
v 1.695620 0.621761 -0.326243
v 1.694584 0.628124 -0.325490
v 1.691632 0.639203 -0.323346
v 1.687214 0.647791 -0.320136
v 1.616038 0.621761 -0.405825
v 1.615285 0.628124 -0.404789
v 1.613140 0.639203 -0.401837
v 1.609931 0.647791 -0.397419
v 1.515759 0.621761 -0.456920
v 1.515363 0.628124 -0.455702
v 1.514236 0.639203 -0.452231
v 1.512548 0.647791 -0.447037
v 1.404599 0.621761 -0.474526
v 1.404599 0.628124 -0.473245
v 1.404599 0.639203 -0.469596
v 1.404599 0.647791 -0.464135
v 1.293439 0.621761 -0.456920
v 1.293835 0.628124 -0.455702
v 1.294962 0.639203 -0.452231
v 1.296650 0.647791 -0.447037
v 1.193160 0.621761 -0.405825
v 1.193913 0.628124 -0.404789
v 1.196058 0.639203 -0.401837
v 1.199268 0.647791 -0.397419
v 1.113578 0.621761 -0.326243
v 1.114614 0.628124 -0.325490
v 1.117566 0.639203 -0.323345
v 1.121984 0.647791 -0.320136
v 1.062483 0.621761 -0.225964
v 1.063702 0.628124 -0.225568
v 1.067172 0.639203 -0.224441
v 1.072366 0.647791 -0.222753
v 1.044877 0.621761 -0.114804
v 1.046158 0.628124 -0.114804
v 1.049807 0.639203 -0.114804
v 1.055268 0.647791 -0.114804
v 1.062483 0.621761 -0.003644
v 1.063702 0.628124 -0.004040
v 1.067172 0.639203 -0.005168
v 1.072366 0.647791 -0.006855
v 1.113578 0.621761 0.096635
v 1.114614 0.628124 0.095882
v 1.117567 0.639203 0.093737
v 1.121985 0.647791 0.090527
v 1.193160 0.621761 0.176217
v 1.193913 0.628124 0.175180
v 1.196058 0.639203 0.172228
v 1.199268 0.647791 0.167810
v 1.293439 0.621761 0.227312
v 1.293835 0.628124 0.226093
v 1.294962 0.639203 0.222623
v 1.296650 0.647791 0.217429
v 1.404599 0.621761 0.244918
v 1.404599 0.628124 0.243636
v 1.404599 0.639203 0.239987
v 1.404599 0.647791 0.234526
v 1.515759 0.621761 0.227312
v 1.515363 0.628124 0.226093
v 1.514236 0.639203 0.222623
v 1.512548 0.647791 0.217429
v 1.616038 0.621761 0.176217
v 1.615285 0.628124 0.175180
v 1.613140 0.639203 0.172228
v 1.609930 0.647791 0.167810
v 1.695620 0.621761 0.096635
v 1.694583 0.628124 0.095882
v 1.691631 0.639203 0.093737
v 1.687213 0.647791 0.090527
v 1.746715 0.621761 -0.003644
v 1.745496 0.628124 -0.004040
v 1.742026 0.639203 -0.005168
v 1.736832 0.647791 -0.006855
v 1.764321 0.621761 -0.114804
v 1.763040 0.628124 -0.114804
v 1.759391 0.639203 -0.114804
v 1.753930 0.647791 -0.114804
v 1.668486 0.703374 -0.200546
v 1.642330 0.705602 -0.192048
v 1.616175 0.707831 -0.183549
v 1.590019 0.710060 -0.175051
v 1.563864 0.712289 -0.166553
v 1.537709 0.714518 -0.158054
v 1.511553 0.716746 -0.149556
v 1.485398 0.718975 -0.141057
v 1.459242 0.721204 -0.132559
v 1.433087 0.723433 -0.124060
v 1.629075 0.703374 -0.277895
v 1.606825 0.705602 -0.261730
v 1.584576 0.707831 -0.245565
v 1.562327 0.710060 -0.229400
v 1.540078 0.712289 -0.213235
v 1.517829 0.714518 -0.197070
v 1.495580 0.716746 -0.180906
v 1.473330 0.718975 -0.164741
v 1.451081 0.721204 -0.148576
v 1.428832 0.723433 -0.132411
v 1.404599 0.723433 -0.114804
v 1.567690 0.703374 -0.339280
v 1.551525 0.705602 -0.317031
v 1.535360 0.707831 -0.294781
v 1.519195 0.710060 -0.272532
v 1.503030 0.712289 -0.250283
v 1.486865 0.714518 -0.228034
v 1.470700 0.716746 -0.205785
v 1.454535 0.718975 -0.183536
v 1.438370 0.721204 -0.161287
v 1.422205 0.723433 -0.139037
v 1.490341 0.703374 -0.378691
v 1.481843 0.705602 -0.352536
v 1.473344 0.707831 -0.326380
v 1.464846 0.710060 -0.300225
v 1.456347 0.712289 -0.274069
v 1.447849 0.714518 -0.247914
v 1.439350 0.716746 -0.221758
v 1.430852 0.718975 -0.195603
v 1.422354 0.721204 -0.169448
v 1.413855 0.723433 -0.143292
v 1.404599 0.703374 -0.392271
v 1.404599 0.705602 -0.364770
v 1.404599 0.707831 -0.337268
v 1.404599 0.710060 -0.309767
v 1.404599 0.712289 -0.282265
v 1.404599 0.714518 -0.254764
v 1.404599 0.716746 -0.227262
v 1.404599 0.718975 -0.199761
v 1.404599 0.721204 -0.172260
v 1.404599 0.723433 -0.144758
v 1.318857 0.703374 -0.378691
v 1.327355 0.705602 -0.352536
v 1.335854 0.707831 -0.326380
v 1.344352 0.710060 -0.300225
v 1.352851 0.712289 -0.274069
v 1.361349 0.714518 -0.247914
v 1.369847 0.716746 -0.221758
v 1.378346 0.718975 -0.195603
v 1.386844 0.721204 -0.169448
v 1.395343 0.723433 -0.143292
v 1.241508 0.703374 -0.339280
v 1.257673 0.705602 -0.317031
v 1.273838 0.707831 -0.294781
v 1.290003 0.710060 -0.272532
v 1.306168 0.712289 -0.250283
v 1.322333 0.714518 -0.228034
v 1.338498 0.716746 -0.205785
v 1.354663 0.718975 -0.183536
v 1.370828 0.721204 -0.161287
v 1.386992 0.723433 -0.139037
v 1.180124 0.703374 -0.277895
v 1.202373 0.705602 -0.261730
v 1.224622 0.707831 -0.245565
v 1.246871 0.710060 -0.229400
v 1.269120 0.712289 -0.213235
v 1.291369 0.714518 -0.197070
v 1.313618 0.716746 -0.180905
v 1.335868 0.718975 -0.164741
v 1.358117 0.721204 -0.148576
v 1.380366 0.723433 -0.132411
v 1.140712 0.703374 -0.200546
v 1.166868 0.705602 -0.192048
v 1.193023 0.707831 -0.183549
v 1.219179 0.710060 -0.175051
v 1.245334 0.712289 -0.166553
v 1.271489 0.714518 -0.158054
v 1.297645 0.716746 -0.149556
v 1.323800 0.718975 -0.141057
v 1.349956 0.721204 -0.132559
v 1.376111 0.723433 -0.124060
v 1.127132 0.703374 -0.114804
v 1.154634 0.705602 -0.114804
v 1.182135 0.707831 -0.114804
v 1.209636 0.710060 -0.114804
v 1.237138 0.712289 -0.114804
v 1.264639 0.714518 -0.114804
v 1.292141 0.716746 -0.114804
v 1.319642 0.718975 -0.114804
v 1.347144 0.721204 -0.114804
v 1.374645 0.723433 -0.114804
v 1.140712 0.703374 -0.029062
v 1.166868 0.705602 -0.037561
v 1.193023 0.707831 -0.046059
v 1.219179 0.710060 -0.054557
v 1.245334 0.712289 -0.063056
v 1.271489 0.714518 -0.071554
v 1.297645 0.716746 -0.080053
v 1.323800 0.718975 -0.088551
v 1.349956 0.721204 -0.097050
v 1.376111 0.723433 -0.105548
v 1.180124 0.703374 0.048287
v 1.202373 0.705602 0.032122
v 1.224622 0.707831 0.015957
v 1.246871 0.710060 -0.000208
v 1.269120 0.712289 -0.016373
v 1.291369 0.714518 -0.032538
v 1.313618 0.716746 -0.048703
v 1.335868 0.718975 -0.064868
v 1.358117 0.721204 -0.081033
v 1.380366 0.723433 -0.097198
v 1.241508 0.703374 0.109671
v 1.257673 0.705602 0.087422
v 1.273838 0.707831 0.065173
v 1.290003 0.710060 0.042924
v 1.306168 0.712289 0.020675
v 1.322333 0.714518 -0.001574
v 1.338498 0.716746 -0.023824
v 1.354663 0.718975 -0.046073
v 1.370828 0.721204 -0.068322
v 1.386992 0.723433 -0.090571
v 1.318857 0.703374 0.149083
v 1.327355 0.705602 0.122927
v 1.335854 0.707831 0.096772
v 1.344352 0.710060 0.070616
v 1.352851 0.712289 0.044461
v 1.361349 0.714518 0.018305
v 1.369848 0.716746 -0.007850
v 1.378346 0.718975 -0.034005
v 1.386844 0.721204 -0.060161
v 1.395343 0.723433 -0.086316
v 1.404599 0.703374 0.162663
v 1.404599 0.705602 0.135161
v 1.404599 0.707831 0.107660
v 1.404599 0.710060 0.080158
v 1.404599 0.712289 0.052657
v 1.404599 0.714518 0.025155
v 1.404599 0.716746 -0.002346
v 1.404599 0.718975 -0.029847
v 1.404599 0.721204 -0.057349
v 1.404599 0.723433 -0.084850
v 1.490341 0.703374 0.149082
v 1.481843 0.705602 0.122927
v 1.473344 0.707831 0.096772
v 1.464846 0.710060 0.070616
v 1.456347 0.712289 0.044461
v 1.447849 0.714518 0.018305
v 1.439350 0.716746 -0.007850
v 1.430852 0.718975 -0.034005
v 1.422354 0.721204 -0.060161
v 1.413855 0.723433 -0.086316
v 1.567690 0.703374 0.109671
v 1.551525 0.705602 0.087422
v 1.535360 0.707831 0.065173
v 1.519195 0.710060 0.042924
v 1.503030 0.712289 0.020675
v 1.486865 0.714518 -0.001574
v 1.470700 0.716746 -0.023824
v 1.454535 0.718975 -0.046073
v 1.438370 0.721204 -0.068322
v 1.422205 0.723433 -0.090571
v 1.629074 0.703374 0.048287
v 1.606825 0.705602 0.032122
v 1.584576 0.707831 0.015957
v 1.562327 0.710060 -0.000208
v 1.540078 0.712289 -0.016373
v 1.517829 0.714518 -0.032538
v 1.495580 0.716746 -0.048703
v 1.473330 0.718975 -0.064868
v 1.451081 0.721204 -0.081033
v 1.428832 0.723433 -0.097198
v 1.668486 0.703374 -0.029062
v 1.642330 0.705602 -0.037561
v 1.616175 0.707831 -0.046059
v 1.590019 0.710060 -0.054557
v 1.563864 0.712289 -0.063056
v 1.537709 0.714518 -0.071554
v 1.511553 0.716746 -0.080053
v 1.485398 0.718975 -0.088551
v 1.459242 0.721204 -0.097050
v 1.433087 0.723433 -0.105548
v 1.682066 0.703374 -0.114804
v 1.654564 0.705602 -0.114804
v 1.627063 0.707831 -0.114804
v 1.599562 0.710060 -0.114804
v 1.572060 0.712289 -0.114804
v 1.544559 0.714518 -0.114804
v 1.517057 0.716746 -0.114804
v 1.489556 0.718975 -0.114804
v 1.462054 0.721204 -0.114804
v 1.434553 0.723433 -0.114804
v 0.931045 0.642675 -0.291447
v 0.887727 0.642675 -0.376463
v 0.820258 0.642675 -0.443932
v 0.735242 0.642675 -0.487250
v 0.641002 0.642675 -0.502176
v 0.546761 0.642675 -0.487250
v 0.461745 0.642675 -0.443932
v 0.394276 0.642675 -0.376463
v 0.350959 0.642675 -0.291447
v 0.336033 0.642675 -0.197207
v 0.350959 0.642675 -0.102966
v 0.394276 0.642675 -0.017950
v 0.461745 0.642675 0.049518
v 0.546761 0.642675 0.092836
v 0.641002 0.642675 0.107762
v 0.735242 0.642675 0.092836
v 0.820258 0.642675 0.049518
v 0.887727 0.642675 -0.017950
v 0.931045 0.642675 -0.102966
v 0.945971 0.642675 -0.197207
v 0.931044 0.701145 -0.291447
v 0.887726 0.701145 -0.376463
v 0.820258 0.701145 -0.443932
v 0.735242 0.701145 -0.487249
v 0.641002 0.701145 -0.502175
v 0.546761 0.701145 -0.487249
v 0.461746 0.701145 -0.443931
v 0.394277 0.701145 -0.376463
v 0.350960 0.701145 -0.291447
v 0.336033 0.701145 -0.197207
v 0.350960 0.701145 -0.102966
v 0.394277 0.701145 -0.017951
v 0.461746 0.701145 0.049518
v 0.546761 0.701145 0.092835
v 0.641002 0.701145 0.107762
v 0.735242 0.701145 0.092835
v 0.820258 0.701145 0.049518
v 0.887726 0.701145 -0.017951
v 0.931044 0.701145 -0.102966
v 0.945970 0.701145 -0.197207
v 0.983118 0.621761 -0.308367
v 0.981899 0.628124 -0.307971
v 0.978429 0.639203 -0.306843
v 0.973235 0.647791 -0.305156
v 0.932023 0.621761 -0.408646
v 0.930986 0.628124 -0.407893
v 0.928034 0.639203 -0.405748
v 0.923616 0.647791 -0.402538
v 0.852441 0.621761 -0.488228
v 0.851688 0.628124 -0.487191
v 0.849543 0.639203 -0.484239
v 0.846333 0.647791 -0.479821
v 0.752162 0.621761 -0.539323
v 0.751766 0.628124 -0.538104
v 0.750638 0.639203 -0.534634
v 0.748951 0.647791 -0.529440
v 0.641002 0.621761 -0.556929
v 0.641002 0.628124 -0.555647
v 0.641002 0.639203 -0.551998
v 0.641002 0.647791 -0.546538
v 0.529841 0.621761 -0.539323
v 0.530237 0.628124 -0.538104
v 0.531365 0.639203 -0.534634
v 0.533053 0.647791 -0.529440
v 0.429562 0.621761 -0.488228
v 0.430316 0.628124 -0.487191
v 0.432460 0.639203 -0.484239
v 0.435670 0.647791 -0.479821
v 0.349981 0.621761 -0.408646
v 0.351017 0.628124 -0.407893
v 0.353969 0.639203 -0.405748
v 0.358387 0.647791 -0.402538
v 0.298886 0.621761 -0.308367
v 0.300104 0.628124 -0.307971
v 0.303575 0.639203 -0.306843
v 0.308768 0.647791 -0.305156
v 0.281280 0.621761 -0.197207
v 0.282561 0.628124 -0.197207
v 0.286210 0.639203 -0.197207
v 0.291671 0.647791 -0.197207
v 0.298886 0.621761 -0.086047
v 0.300104 0.628124 -0.086443
v 0.303575 0.639203 -0.087570
v 0.308768 0.647791 -0.089258
v 0.349981 0.621761 0.014232
v 0.351017 0.628124 0.013479
v 0.353969 0.639203 0.011335
v 0.358387 0.647791 0.008125
v 0.429562 0.621761 0.093814
v 0.430316 0.628124 0.092778
v 0.432460 0.639203 0.089826
v 0.435670 0.647791 0.085408
v 0.529842 0.621761 0.144909
v 0.530237 0.628124 0.143690
v 0.531365 0.639203 0.140220
v 0.533053 0.647791 0.135026
v 0.641002 0.621761 0.162515
v 0.641002 0.628124 0.161234
v 0.641002 0.639203 0.157585
v 0.641002 0.647791 0.152124
v 0.752162 0.621761 0.144909
v 0.751766 0.628124 0.143690
v 0.750638 0.639203 0.140220
v 0.748951 0.647791 0.135026
v 0.852441 0.621761 0.093814
v 0.851688 0.628124 0.092778
v 0.849543 0.639203 0.089826
v 0.846333 0.647791 0.085408
v 0.932023 0.621761 0.014232
v 0.930986 0.628124 0.013479
v 0.928034 0.639203 0.011335
v 0.923616 0.647791 0.008125
v 0.983118 0.621761 -0.086047
v 0.981899 0.628124 -0.086443
v 0.978429 0.639203 -0.087570
v 0.973235 0.647791 -0.089258
v 1.000724 0.621761 -0.197207
v 0.999442 0.628124 -0.197207
v 0.995793 0.639203 -0.197207
v 0.990332 0.647791 -0.197207
v 0.904889 0.703374 -0.282949
v 0.878733 0.705602 -0.274450
v 0.852578 0.707831 -0.265952
v 0.826422 0.710060 -0.257454
v 0.800267 0.712289 -0.248955
v 0.774111 0.714518 -0.240457
v 0.747956 0.716746 -0.231958
v 0.721800 0.718975 -0.223460
v 0.695645 0.721204 -0.214961
v 0.669490 0.723433 -0.206463
v 0.865477 0.703374 -0.360298
v 0.843228 0.705602 -0.344133
v 0.820979 0.707831 -0.327968
v 0.798730 0.710060 -0.311803
v 0.776481 0.712289 -0.295638
v 0.754232 0.714518 -0.279473
v 0.731982 0.716746 -0.263308
v 0.709733 0.718975 -0.247143
v 0.687484 0.721204 -0.230978
v 0.665235 0.723433 -0.214813
v 0.641002 0.723433 -0.197207
v 0.804093 0.703374 -0.421682
v 0.787928 0.705602 -0.399433
v 0.771763 0.707831 -0.377184
v 0.755598 0.710060 -0.354935
v 0.739433 0.712289 -0.332686
v 0.723268 0.714518 -0.310437
v 0.707103 0.716746 -0.288188
v 0.690938 0.718975 -0.265938
v 0.674773 0.721204 -0.243689
v 0.658608 0.723433 -0.221440
v 0.726744 0.703374 -0.461094
v 0.718245 0.705602 -0.434938
v 0.709747 0.707831 -0.408783
v 0.701248 0.710060 -0.382627
v 0.692750 0.712289 -0.356472
v 0.684252 0.714518 -0.330316
v 0.675753 0.716746 -0.304161
v 0.667255 0.718975 -0.278006
v 0.658756 0.721204 -0.251850
v 0.650258 0.723433 -0.225695
v 0.641002 0.703374 -0.474674
v 0.641002 0.705602 -0.447172
v 0.641002 0.707831 -0.419671
v 0.641002 0.710060 -0.392169
v 0.641002 0.712289 -0.364668
v 0.641002 0.714518 -0.337167
v 0.641002 0.716746 -0.309665
v 0.641002 0.718975 -0.282164
v 0.641002 0.721204 -0.254662
v 0.641002 0.723433 -0.227161
v 0.555260 0.703374 -0.461094
v 0.563758 0.705602 -0.434938
v 0.572257 0.707831 -0.408783
v 0.580755 0.710060 -0.382627
v 0.589253 0.712289 -0.356472
v 0.597752 0.714518 -0.330316
v 0.606250 0.716746 -0.304161
v 0.614749 0.718975 -0.278006
v 0.623247 0.721204 -0.251850
v 0.631745 0.723433 -0.225695
v 0.477911 0.703374 -0.421682
v 0.494076 0.705602 -0.399433
v 0.510241 0.707831 -0.377184
v 0.526406 0.710060 -0.354935
v 0.542570 0.712289 -0.332686
v 0.558735 0.714518 -0.310437
v 0.574900 0.716746 -0.288187
v 0.591065 0.718975 -0.265938
v 0.607230 0.721204 -0.243689
v 0.623395 0.723433 -0.221440
v 0.416526 0.703374 -0.360298
v 0.438775 0.705602 -0.344133
v 0.461025 0.707831 -0.327968
v 0.483274 0.710060 -0.311803
v 0.505523 0.712289 -0.295638
v 0.527772 0.714518 -0.279473
v 0.550021 0.716746 -0.263308
v 0.572270 0.718975 -0.247143
v 0.594519 0.721204 -0.230978
v 0.616768 0.723433 -0.214813
v 0.377115 0.703374 -0.282949
v 0.403270 0.705602 -0.274450
v 0.429426 0.707831 -0.265952
v 0.455581 0.710060 -0.257454
v 0.481737 0.712289 -0.248955
v 0.507892 0.714518 -0.240457
v 0.534047 0.716746 -0.231958
v 0.560203 0.718975 -0.223460
v 0.586358 0.721204 -0.214961
v 0.612514 0.723433 -0.206463
v 0.363535 0.703374 -0.197207
v 0.391036 0.705602 -0.197207
v 0.418538 0.707831 -0.197207
v 0.446039 0.710060 -0.197207
v 0.473541 0.712289 -0.197207
v 0.501042 0.714518 -0.197207
v 0.528543 0.716746 -0.197207
v 0.556045 0.718975 -0.197207
v 0.583546 0.721204 -0.197207
v 0.611048 0.723433 -0.197207
v 0.377115 0.703374 -0.111465
v 0.403270 0.705602 -0.119963
v 0.429426 0.707831 -0.128462
v 0.455581 0.710060 -0.136960
v 0.481737 0.712289 -0.145458
v 0.507892 0.714518 -0.153957
v 0.534047 0.716746 -0.162455
v 0.560203 0.718975 -0.170954
v 0.586358 0.721204 -0.179452
v 0.612514 0.723433 -0.187951
v 0.416526 0.703374 -0.034116
v 0.438775 0.705602 -0.050281
v 0.461025 0.707831 -0.066446
v 0.483274 0.710060 -0.082611
v 0.505523 0.712289 -0.098776
v 0.527772 0.714518 -0.114941
v 0.550021 0.716746 -0.131105
v 0.572270 0.718975 -0.147270
v 0.594519 0.721204 -0.163435
v 0.616768 0.723433 -0.179600
v 0.477911 0.703374 0.027269
v 0.494076 0.705602 0.005020
v 0.510241 0.707831 -0.017230
v 0.526406 0.710060 -0.039479
v 0.542570 0.712289 -0.061728
v 0.558735 0.714518 -0.083977
v 0.574900 0.716746 -0.106226
v 0.591065 0.718975 -0.128475
v 0.607230 0.721204 -0.150724
v 0.623395 0.723433 -0.172974
v 0.555260 0.703374 0.066680
v 0.563758 0.705602 0.040525
v 0.572257 0.707831 0.014369
v 0.580755 0.710060 -0.011786
v 0.589253 0.712289 -0.037942
v 0.597752 0.714518 -0.064097
v 0.606250 0.716746 -0.090253
v 0.614749 0.718975 -0.116408
v 0.623247 0.721204 -0.142563
v 0.631745 0.723433 -0.168719
v 0.641002 0.703374 0.080260
v 0.641002 0.705602 0.052759
v 0.641002 0.707831 0.025257
v 0.641002 0.710060 -0.002244
v 0.641002 0.712289 -0.029746
v 0.641002 0.714518 -0.057247
v 0.641002 0.716746 -0.084749
v 0.641002 0.718975 -0.112250
v 0.641002 0.721204 -0.139751
v 0.641002 0.723433 -0.167253
v 0.726744 0.703374 0.066680
v 0.718245 0.705602 0.040524
v 0.709747 0.707831 0.014369
v 0.701248 0.710060 -0.011786
v 0.692750 0.712289 -0.037942
v 0.684252 0.714518 -0.064097
v 0.675753 0.716746 -0.090253
v 0.667255 0.718975 -0.116408
v 0.658756 0.721204 -0.142564
v 0.650258 0.723433 -0.168719
v 0.804093 0.703374 0.027269
v 0.787928 0.705602 0.005020
v 0.771763 0.707831 -0.017230
v 0.755598 0.710060 -0.039479
v 0.739433 0.712289 -0.061728
v 0.723268 0.714518 -0.083977
v 0.707103 0.716746 -0.106226
v 0.690938 0.718975 -0.128475
v 0.674773 0.721204 -0.150724
v 0.658608 0.723433 -0.172974
v 0.865477 0.703374 -0.034116
v 0.843228 0.705602 -0.050281
v 0.820979 0.707831 -0.066446
v 0.798730 0.710060 -0.082611
v 0.776481 0.712289 -0.098776
v 0.754231 0.714518 -0.114941
v 0.731982 0.716746 -0.131105
v 0.709733 0.718975 -0.147270
v 0.687484 0.721204 -0.163435
v 0.665235 0.723433 -0.179600
v 0.904888 0.703374 -0.111465
v 0.878733 0.705602 -0.119963
v 0.852578 0.707831 -0.128462
v 0.826422 0.710060 -0.136960
v 0.800267 0.712289 -0.145458
v 0.774111 0.714518 -0.153957
v 0.747956 0.716746 -0.162455
v 0.721800 0.718975 -0.170954
v 0.695645 0.721204 -0.179452
v 0.669490 0.723433 -0.187951
v 0.918469 0.703374 -0.197207
v 0.890967 0.705602 -0.197207
v 0.863466 0.707831 -0.197207
v 0.835964 0.710060 -0.197207
v 0.808463 0.712289 -0.197207
v 0.780961 0.714518 -0.197207
v 0.753460 0.716746 -0.197207
v 0.725958 0.718975 -0.197207
v 0.698457 0.721204 -0.197207
v 0.670956 0.723433 -0.197207
v 3.646564 -0.703905 -2.181216
v 3.918323 -0.703905 -2.181216
v 3.646564 -0.621763 -2.181216
v 3.918323 -0.621763 -2.181216
v 3.646564 -0.621763 -3.181216
v 3.918323 -0.621763 -3.181216
v 3.646564 -0.703905 -3.181216
v 3.918323 -0.703905 -3.181216
v -1.510401 0.533727 -2.554991
v -1.535771 0.533727 -2.604782
v -1.575286 0.533727 -2.644297
v -1.625077 0.533727 -2.669667
v -1.680272 0.533727 -2.678410
v -1.735467 0.533727 -2.669667
v -1.785258 0.533727 -2.644297
v -1.824773 0.533727 -2.604782
v -1.850143 0.533727 -2.554991
v -1.858885 0.533727 -2.499796
v -1.850143 0.533727 -2.444602
v -1.824773 0.533727 -2.394810
v -1.785258 0.533727 -2.355295
v -1.735467 0.533727 -2.329925
v -1.680272 0.533727 -2.321183
v -1.625077 0.533727 -2.329925
v -1.575286 0.533727 -2.355295
v -1.535771 0.533727 -2.394810
v -1.510401 0.533727 -2.444602
v -1.501659 0.533727 -2.499796
v -1.510401 0.507102 -2.554991
v -1.535771 0.507102 -2.604782
v -1.575286 0.507102 -2.644297
v -1.625077 0.507102 -2.669667
v -1.680272 0.507102 -2.678410
v -1.735467 0.507102 -2.669667
v -1.785258 0.507102 -2.644297
v -1.824773 0.507102 -2.604782
v -1.850143 0.507102 -2.554991
v -1.858885 0.507102 -2.499796
v -1.850143 0.507102 -2.444602
v -1.824773 0.507102 -2.394810
v -1.785258 0.507102 -2.355295
v -1.735467 0.507102 -2.329925
v -1.680272 0.507102 -2.321183
v -1.625077 0.507102 -2.329925
v -1.575286 0.507102 -2.355295
v -1.535771 0.507102 -2.394810
v -1.510401 0.507102 -2.444602
v -1.501659 0.507102 -2.499796
v -1.680272 0.533727 -2.499796
v -3.820147 -0.703905 1.979725
v -3.548387 -0.703905 1.979725
v -3.820147 -0.621763 1.979725
v -3.548387 -0.621763 1.979725
v -3.820147 -0.621763 0.979725
v -3.548387 -0.621763 0.979725
v -3.820147 -0.703905 0.979725
v -3.548387 -0.703905 0.979725
v 0.260837 0.642675 -0.879253
v 0.217519 0.642675 -0.964268
v 0.150050 0.642675 -1.031737
v 0.065035 0.642675 -1.075055
v -0.029206 0.642675 -1.089981
v -0.123447 0.642675 -1.075055
v -0.208462 0.642675 -1.031737
v -0.275931 0.642675 -0.964268
v -0.319249 0.642675 -0.879253
v -0.334175 0.642675 -0.785012
v -0.319249 0.642675 -0.690771
v -0.275931 0.642675 -0.605756
v -0.208462 0.642675 -0.538287
v -0.123447 0.642675 -0.494969
v -0.029206 0.642675 -0.480043
v 0.065035 0.642675 -0.494969
v 0.150050 0.642675 -0.538287
v 0.217519 0.642675 -0.605756
v 0.260837 0.642675 -0.690771
v 0.275763 0.642675 -0.785012
v 0.260836 0.701145 -0.879252
v 0.217519 0.701145 -0.964268
v 0.150050 0.701145 -1.031737
v 0.065034 0.701145 -1.075054
v -0.029206 0.701145 -1.089980
v -0.123447 0.701145 -1.075054
v -0.208462 0.701145 -1.031737
v -0.275931 0.701145 -0.964268
v -0.319248 0.701145 -0.879252
v -0.334174 0.701145 -0.785012
v -0.319248 0.701145 -0.690771
v -0.275931 0.701145 -0.605756
v -0.208462 0.701145 -0.538287
v -0.123446 0.701145 -0.494970
v -0.029206 0.701145 -0.480044
v 0.065034 0.701145 -0.494970
v 0.150050 0.701145 -0.538287
v 0.217518 0.701145 -0.605756
v 0.260836 0.701145 -0.690772
v 0.275762 0.701145 -0.785012
v 0.312910 0.621761 -0.896172
v 0.311691 0.628124 -0.895776
v 0.308221 0.639203 -0.894649
v 0.303027 0.647791 -0.892961
v 0.261815 0.621761 -0.996451
v 0.260779 0.628124 -0.995698
v 0.257827 0.639203 -0.993553
v 0.253408 0.647791 -0.990343
v 0.182233 0.621761 -1.076033
v 0.181480 0.628124 -1.074997
v 0.179335 0.639203 -1.072044
v 0.176125 0.647791 -1.067626
v 0.081954 0.621761 -1.127128
v 0.081558 0.628124 -1.125909
v 0.080431 0.639203 -1.122439
v 0.078743 0.647791 -1.117245
v -0.029206 0.621761 -1.144734
v -0.029206 0.628124 -1.143453
v -0.029206 0.639203 -1.139804
v -0.029206 0.647791 -1.134343
v -0.140366 0.621761 -1.127128
v -0.139970 0.628124 -1.125909
v -0.138843 0.639203 -1.122439
v -0.137155 0.647791 -1.117245
v -0.240645 0.621761 -1.076033
v -0.239892 0.628124 -1.074996
v -0.237747 0.639203 -1.072044
v -0.234538 0.647791 -1.067626
v -0.320227 0.621761 -0.996451
v -0.319191 0.628124 -0.995698
v -0.316239 0.639203 -0.993553
v -0.311821 0.647791 -0.990343
v -0.371322 0.621761 -0.896172
v -0.370103 0.628124 -0.895776
v -0.366633 0.639203 -0.894649
v -0.361439 0.647791 -0.892961
v -0.388928 0.621761 -0.785012
v -0.387647 0.628124 -0.785012
v -0.383998 0.639203 -0.785012
v -0.378537 0.647791 -0.785012
v -0.371322 0.621761 -0.673852
v -0.370103 0.628124 -0.674248
v -0.366633 0.639203 -0.675375
v -0.361439 0.647791 -0.677063
v -0.320227 0.621761 -0.573573
v -0.319191 0.628124 -0.574326
v -0.316239 0.639203 -0.576471
v -0.311821 0.647791 -0.579681
v -0.240645 0.621761 -0.493991
v -0.239892 0.628124 -0.495027
v -0.237747 0.639203 -0.497979
v -0.234537 0.647791 -0.502397
v -0.140366 0.621761 -0.442896
v -0.139970 0.628124 -0.444115
v -0.138843 0.639203 -0.447585
v -0.137155 0.647791 -0.452779
v -0.029206 0.621761 -0.425290
v -0.029206 0.628124 -0.426571
v -0.029206 0.639203 -0.430220
v -0.029206 0.647791 -0.435681
v 0.081954 0.621761 -0.442896
v 0.081558 0.628124 -0.444115
v 0.080431 0.639203 -0.447585
v 0.078743 0.647791 -0.452779
v 0.182233 0.621761 -0.493991
v 0.181480 0.628124 -0.495027
v 0.179335 0.639203 -0.497979
v 0.176125 0.647791 -0.502398
v 0.261815 0.621761 -0.573573
v 0.260778 0.628124 -0.574326
v 0.257826 0.639203 -0.576471
v 0.253408 0.647791 -0.579681
v 0.312910 0.621761 -0.673852
v 0.311691 0.628124 -0.674248
v 0.308221 0.639203 -0.675375
v 0.303027 0.647791 -0.677063
v 0.330516 0.621761 -0.785012
v 0.329234 0.628124 -0.785012
v 0.325586 0.639203 -0.785012
v 0.320125 0.647791 -0.785012
v 0.234681 0.703374 -0.870754
v 0.208525 0.705602 -0.862256
v 0.182370 0.707831 -0.853757
v 0.156214 0.710060 -0.845259
v 0.130059 0.712289 -0.836760
v 0.103904 0.714518 -0.828262
v 0.077748 0.716746 -0.819763
v 0.051593 0.718975 -0.811265
v 0.025437 0.721204 -0.802767
v -0.000718 0.723433 -0.794268
v 0.195269 0.703374 -0.948103
v 0.173020 0.705602 -0.931938
v 0.150771 0.707831 -0.915773
v 0.128522 0.710060 -0.899608
v 0.106273 0.712289 -0.883443
v 0.084024 0.714518 -0.867278
v 0.061775 0.716746 -0.851113
v 0.039525 0.718975 -0.834948
v 0.017276 0.721204 -0.818783
v -0.004973 0.723433 -0.802618
v -0.029206 0.723433 -0.785012
v 0.133885 0.703374 -1.009488
v 0.117720 0.705602 -0.987238
v 0.101555 0.707831 -0.964989
v 0.085390 0.710060 -0.942740
v 0.069225 0.712289 -0.920491
v 0.053060 0.714518 -0.898242
v 0.036895 0.716746 -0.875993
v 0.020730 0.718975 -0.853743
v 0.004565 0.721204 -0.831494
v -0.011600 0.723433 -0.809245
v 0.056536 0.703374 -1.048899
v 0.048038 0.705602 -1.022743
v 0.039539 0.707831 -0.996588
v 0.031041 0.710060 -0.970432
v 0.022542 0.712289 -0.944277
v 0.014044 0.714518 -0.918122
v 0.005545 0.716746 -0.891966
v -0.002953 0.718975 -0.865811
v -0.011451 0.721204 -0.839655
v -0.019950 0.723433 -0.813500
v -0.029206 0.703374 -1.062479
v -0.029206 0.705602 -1.034977
v -0.029206 0.707831 -1.007476
v -0.029206 0.710060 -0.979975
v -0.029206 0.712289 -0.952473
v -0.029206 0.714518 -0.924972
v -0.029206 0.716746 -0.897470
v -0.029206 0.718975 -0.869969
v -0.029206 0.721204 -0.842467
v -0.029206 0.723433 -0.814966
v -0.114948 0.703374 -1.048899
v -0.106450 0.705602 -1.022743
v -0.097951 0.707831 -0.996588
v -0.089453 0.710060 -0.970432
v -0.080954 0.712289 -0.944277
v -0.072456 0.714518 -0.918122
v -0.063958 0.716746 -0.891966
v -0.055459 0.718975 -0.865811
v -0.046961 0.721204 -0.839655
v -0.038462 0.723433 -0.813500
v -0.192297 0.703374 -1.009487
v -0.176132 0.705602 -0.987238
v -0.159967 0.707831 -0.964989
v -0.143802 0.710060 -0.942740
v -0.127637 0.712289 -0.920491
v -0.111472 0.714518 -0.898242
v -0.095307 0.716746 -0.875993
v -0.079142 0.718975 -0.853743
v -0.062978 0.721204 -0.831494
v -0.046813 0.723433 -0.809245
v -0.253682 0.703374 -0.948103
v -0.231432 0.705602 -0.931938
v -0.209183 0.707831 -0.915773
v -0.186934 0.710060 -0.899608
v -0.164685 0.712289 -0.883443
v -0.142436 0.714518 -0.867278
v -0.120187 0.716746 -0.851113
v -0.097938 0.718975 -0.834948
v -0.075688 0.721204 -0.818783
v -0.053439 0.723433 -0.802618
v -0.293093 0.703374 -0.870754
v -0.266937 0.705602 -0.862256
v -0.240782 0.707831 -0.853757
v -0.214627 0.710060 -0.845259
v -0.188471 0.712289 -0.836760
v -0.162316 0.714518 -0.828262
v -0.136160 0.716746 -0.819763
v -0.110005 0.718975 -0.811265
v -0.083849 0.721204 -0.802767
v -0.057694 0.723433 -0.794268
v -0.306673 0.703374 -0.785012
v -0.279172 0.705602 -0.785012
v -0.251670 0.707831 -0.785012
v -0.224169 0.710060 -0.785012
v -0.196667 0.712289 -0.785012
v -0.169166 0.714518 -0.785012
v -0.141664 0.716746 -0.785012
v -0.114163 0.718975 -0.785012
v -0.086661 0.721204 -0.785012
v -0.059160 0.723433 -0.785012
v -0.293093 0.703374 -0.699270
v -0.266937 0.705602 -0.707768
v -0.240782 0.707831 -0.716267
v -0.214627 0.710060 -0.724765
v -0.188471 0.712289 -0.733264
v -0.162316 0.714518 -0.741762
v -0.136160 0.716746 -0.750260
v -0.110005 0.718975 -0.758759
v -0.083849 0.721204 -0.767257
v -0.057694 0.723433 -0.775756
v -0.253682 0.703374 -0.621921
v -0.231432 0.705602 -0.638086
v -0.209183 0.707831 -0.654251
v -0.186934 0.710060 -0.670416
v -0.164685 0.712289 -0.686581
v -0.142436 0.714518 -0.702746
v -0.120187 0.716746 -0.718911
v -0.097938 0.718975 -0.735076
v -0.075688 0.721204 -0.751240
v -0.053439 0.723433 -0.767405
v -0.192297 0.703374 -0.560536
v -0.176132 0.705602 -0.582786
v -0.159967 0.707831 -0.605035
v -0.143802 0.710060 -0.627284
v -0.127637 0.712289 -0.649533
v -0.111472 0.714518 -0.671782
v -0.095307 0.716746 -0.694031
v -0.079142 0.718975 -0.716280
v -0.062978 0.721204 -0.738530
v -0.046813 0.723433 -0.760779
v -0.114948 0.703374 -0.521125
v -0.106450 0.705602 -0.547281
v -0.097951 0.707831 -0.573436
v -0.089453 0.710060 -0.599591
v -0.080954 0.712289 -0.625747
v -0.072456 0.714518 -0.651902
v -0.063958 0.716746 -0.678058
v -0.055459 0.718975 -0.704213
v -0.046961 0.721204 -0.730369
v -0.038462 0.723433 -0.756524
v -0.029206 0.703374 -0.507545
v -0.029206 0.705602 -0.535046
v -0.029206 0.707831 -0.562548
v -0.029206 0.710060 -0.590049
v -0.029206 0.712289 -0.617551
v -0.029206 0.714518 -0.645052
v -0.029206 0.716746 -0.672554
v -0.029206 0.718975 -0.700055
v -0.029206 0.721204 -0.727557
v -0.029206 0.723433 -0.755058
v 0.056536 0.703374 -0.521125
v 0.048037 0.705602 -0.547281
v 0.039539 0.707831 -0.573436
v 0.031041 0.710060 -0.599591
v 0.022542 0.712289 -0.625747
v 0.014044 0.714518 -0.651902
v 0.005545 0.716746 -0.678058
v -0.002953 0.718975 -0.704213
v -0.011451 0.721204 -0.730369
v -0.019950 0.723433 -0.756524
v 0.133885 0.703374 -0.560536
v 0.117720 0.705602 -0.582786
v 0.101555 0.707831 -0.605035
v 0.085390 0.710060 -0.627284
v 0.069225 0.712289 -0.649533
v 0.053060 0.714518 -0.671782
v 0.036895 0.716746 -0.694031
v 0.020730 0.718975 -0.716280
v 0.004565 0.721204 -0.738530
v -0.011600 0.723433 -0.760779
v 0.195269 0.703374 -0.621921
v 0.173020 0.705602 -0.638086
v 0.150771 0.707831 -0.654251
v 0.128522 0.710060 -0.670416
v 0.106273 0.712289 -0.686581
v 0.084024 0.714518 -0.702746
v 0.061775 0.716746 -0.718911
v 0.039525 0.718975 -0.735076
v 0.017276 0.721204 -0.751240
v -0.004973 0.723433 -0.767405
v 0.234681 0.703374 -0.699270
v 0.208525 0.705602 -0.707768
v 0.182370 0.707831 -0.716267
v 0.156214 0.710060 -0.724765
v 0.130059 0.712289 -0.733264
v 0.103903 0.714518 -0.741762
v 0.077748 0.716746 -0.750260
v 0.051593 0.718975 -0.758759
v 0.025437 0.721204 -0.767257
v -0.000718 0.723433 -0.775756
v 0.248261 0.703374 -0.785012
v 0.220759 0.705602 -0.785012
v 0.193258 0.707831 -0.785012
v 0.165756 0.710060 -0.785012
v 0.138255 0.712289 -0.785012
v 0.110754 0.714518 -0.785012
v 0.083252 0.716746 -0.785012
v 0.055751 0.718975 -0.785012
v 0.028249 0.721204 -0.785012
v 0.000748 0.723433 -0.785012
v -1.819218 1.108605 -0.426470
v -1.833261 1.108605 -0.454031
v -1.855133 1.108605 -0.475903
v -1.882694 1.108604 -0.489946
v -1.913245 1.108605 -0.494785
v -1.943796 1.108604 -0.489946
v -1.971357 1.108605 -0.475903
v -1.993229 1.108605 -0.454031
v -2.007272 1.108605 -0.426470
v -2.012111 1.108605 -0.395919
v -2.007272 1.108605 -0.365368
v -1.993229 1.108605 -0.337807
v -1.971357 1.108605 -0.315935
v -1.943796 1.108605 -0.301892
v -1.913245 1.108605 -0.297054
v -1.882694 1.108604 -0.301892
v -1.855134 1.108605 -0.315935
v -1.833261 1.108605 -0.337807
v -1.819218 1.108605 -0.365368
v -1.814380 1.108605 -0.395919
v -1.913245 0.637815 -0.297054
v -1.943796 0.637815 -0.301892
v -1.971357 0.637815 -0.315935
v -1.993229 0.637815 -0.337807
v -2.007272 0.637815 -0.365368
v -2.012111 0.637815 -0.395919
v -2.007272 0.637815 -0.426470
v -1.993229 0.637815 -0.454031
v -1.971357 0.637815 -0.475903
v -1.943796 0.637815 -0.489946
v -1.913245 0.637815 -0.494785
v -1.882694 0.637815 -0.489946
v -1.855133 0.637815 -0.475903
v -1.833261 0.637815 -0.454031
v -1.819219 0.637815 -0.426470
v -1.814380 0.637815 -0.395919
v -1.819218 0.637815 -0.365368
v -1.833261 0.637815 -0.337807
v -1.855134 0.637815 -0.315935
v -1.882694 0.637815 -0.301892
v -1.546531 0.621761 -0.515072
v -1.601299 0.621762 -0.622561
v -1.601299 0.637817 -0.622561
v -1.546531 0.637816 -0.515072
v -1.686603 0.621761 -0.707865
v -1.686603 0.637816 -0.707865
v -1.794092 0.621760 -0.762633
v -1.794092 0.637815 -0.762633
v -1.913245 0.621759 -0.781505
v -1.913245 0.637815 -0.781505
v -2.032398 0.621759 -0.762634
v -2.032398 0.637815 -0.762634
v -2.139887 0.621759 -0.707865
v -2.139887 0.637815 -0.707865
v -2.225191 0.621759 -0.622561
v -2.225191 0.637815 -0.622561
v -2.279960 0.621759 -0.515071
v -2.279960 0.637815 -0.515071
v -2.298831 0.621759 -0.395919
v -2.298831 0.637815 -0.395919
v -2.279960 0.621759 -0.276767
v -2.279960 0.637815 -0.276767
v -2.225191 0.621759 -0.169278
v -2.225191 0.637815 -0.169278
v -2.139887 0.621759 -0.083973
v -2.139887 0.637815 -0.083973
v -2.032398 0.621759 -0.029205
v -2.032398 0.637815 -0.029205
v -1.913245 0.621760 -0.010333
v -1.913245 0.637815 -0.010333
v -1.794092 0.621760 -0.029205
v -1.794092 0.637815 -0.029205
v -1.686603 0.621761 -0.083973
v -1.686603 0.637816 -0.083973
v -1.601299 0.621760 -0.169277
v -1.601299 0.637816 -0.169277
v -1.546531 0.621759 -0.276766
v -1.546531 0.637815 -0.276766
v -1.527659 0.621759 -0.395918
v -1.527659 0.637815 -0.395918
v -3.246300 0.637815 -2.893384
v -2.764441 0.637815 -2.893384
v -3.246300 0.707601 -2.893384
v -2.764441 0.707601 -2.893384
v -3.246300 0.707601 -2.976337
v -2.764441 0.707601 -2.976337
v -3.246300 0.637815 -2.976337
v -2.764441 0.637815 -2.976337
v 3.646564 -0.703905 1.979725
v 3.918323 -0.703905 1.979725
v 3.646564 -0.621763 1.979725
v 3.918323 -0.621763 1.979725
v 3.646564 -0.621763 0.979725
v 3.918323 -0.621763 0.979725
v 3.646564 -0.703905 0.979725
v 3.918323 -0.703905 0.979725
v 0.189421 0.642675 -0.022266
v 0.146104 0.642675 -0.107281
v 0.078635 0.642675 -0.174750
v -0.006381 0.642675 -0.218068
v -0.100622 0.642675 -0.232994
v -0.194862 0.642675 -0.218068
v -0.279878 0.642675 -0.174750
v -0.347347 0.642675 -0.107281
v -0.390665 0.642675 -0.022266
v -0.405591 0.642675 0.071975
v -0.390665 0.642675 0.166216
v -0.347347 0.642675 0.251231
v -0.279878 0.642675 0.318700
v -0.194862 0.642675 0.362018
v -0.100622 0.642675 0.376944
v -0.006381 0.642675 0.362018
v 0.078635 0.642675 0.318700
v 0.146103 0.642675 0.251231
v 0.189421 0.642675 0.166216
v 0.204347 0.642675 0.071975
v 0.189421 0.701145 -0.022265
v 0.146103 0.701145 -0.107281
v 0.078634 0.701145 -0.174750
v -0.006381 0.701145 -0.218067
v -0.100622 0.701145 -0.232993
v -0.194862 0.701145 -0.218067
v -0.279878 0.701145 -0.174750
v -0.347346 0.701145 -0.107281
v -0.390664 0.701145 -0.022265
v -0.405590 0.701145 0.071975
v -0.390664 0.701145 0.166215
v -0.347346 0.701145 0.251231
v -0.279878 0.701145 0.318700
v -0.194862 0.701145 0.362017
v -0.100622 0.701145 0.376943
v -0.006381 0.701145 0.362017
v 0.078634 0.701145 0.318700
v 0.146103 0.701145 0.251231
v 0.189420 0.701145 0.166215
v 0.204347 0.701145 0.071975
v 0.241494 0.621761 -0.039185
v 0.240276 0.628124 -0.038789
v 0.236805 0.639203 -0.037662
v 0.231612 0.647791 -0.035974
v 0.190400 0.621761 -0.139464
v 0.189363 0.628124 -0.138711
v 0.186411 0.639203 -0.136566
v 0.181993 0.647791 -0.133356
v 0.110818 0.621761 -0.219046
v 0.110065 0.628124 -0.218010
v 0.107920 0.639203 -0.215058
v 0.104710 0.647791 -0.210640
v 0.010539 0.621761 -0.270141
v 0.010143 0.628124 -0.268922
v 0.009015 0.639203 -0.265452
v 0.007327 0.647791 -0.260258
v -0.100622 0.621761 -0.287747
v -0.100622 0.628124 -0.286466
v -0.100622 0.639203 -0.282817
v -0.100622 0.647791 -0.277356
v -0.211782 0.621761 -0.270141
v -0.211386 0.628124 -0.268922
v -0.210258 0.639203 -0.265452
v -0.208571 0.647791 -0.260258
v -0.312061 0.621761 -0.219046
v -0.311308 0.628124 -0.218010
v -0.309163 0.639203 -0.215058
v -0.305953 0.647791 -0.210639
v -0.391643 0.621761 -0.139464
v -0.390606 0.628124 -0.138711
v -0.387654 0.639203 -0.136566
v -0.383236 0.647791 -0.133356
v -0.442738 0.621761 -0.039185
v -0.441519 0.628124 -0.038789
v -0.438049 0.639203 -0.037662
v -0.432855 0.647791 -0.035974
v -0.460344 0.621761 0.071975
v -0.459062 0.628124 0.071975
v -0.455413 0.639203 0.071975
v -0.449952 0.647791 0.071975
v -0.442738 0.621761 0.183135
v -0.441519 0.628124 0.182739
v -0.438049 0.639203 0.181612
v -0.432855 0.647791 0.179924
v -0.391643 0.621761 0.283414
v -0.390606 0.628124 0.282661
v -0.387654 0.639203 0.280516
v -0.383236 0.647791 0.277306
v -0.312061 0.621761 0.362996
v -0.311308 0.628124 0.361960
v -0.309163 0.639203 0.359008
v -0.305953 0.647791 0.354589
v -0.211782 0.621761 0.414091
v -0.211386 0.628124 0.412872
v -0.210258 0.639203 0.409402
v -0.208571 0.647791 0.404208
v -0.100622 0.621761 0.431697
v -0.100622 0.628124 0.430416
v -0.100622 0.639203 0.426767
v -0.100622 0.647791 0.421306
v 0.010539 0.621761 0.414091
v 0.010143 0.628124 0.412872
v 0.009015 0.639203 0.409402
v 0.007327 0.647791 0.404208
v 0.110818 0.621761 0.362996
v 0.110064 0.628124 0.361960
v 0.107920 0.639203 0.359007
v 0.104710 0.647791 0.354589
v 0.190399 0.621761 0.283414
v 0.189363 0.628124 0.282661
v 0.186411 0.639203 0.280516
v 0.181993 0.647791 0.277306
v 0.241494 0.621761 0.183135
v 0.240276 0.628124 0.182739
v 0.236805 0.639203 0.181612
v 0.231611 0.647791 0.179924
v 0.259100 0.621761 0.071975
v 0.257819 0.628124 0.071975
v 0.254170 0.639203 0.071975
v 0.248709 0.647791 0.071975
v 0.163265 0.703374 -0.013767
v 0.137110 0.705602 -0.005269
v 0.110954 0.707831 0.003230
v 0.084799 0.710060 0.011728
v 0.058643 0.712289 0.020227
v 0.032488 0.714518 0.028725
v 0.006333 0.716746 0.037223
v -0.019823 0.718975 0.045722
v -0.045978 0.721204 0.054220
v -0.072134 0.723433 0.062719
v 0.123854 0.703374 -0.091116
v 0.101605 0.705602 -0.074951
v 0.079356 0.707831 -0.058786
v 0.057106 0.710060 -0.042621
v 0.034857 0.712289 -0.026456
v 0.012608 0.714518 -0.010291
v -0.009641 0.716746 0.005874
v -0.031890 0.718975 0.022039
v -0.054139 0.721204 0.038204
v -0.076388 0.723433 0.054369
v -0.100622 0.723433 0.071975
v 0.062469 0.703374 -0.152501
v 0.046304 0.705602 -0.130251
v 0.030139 0.707831 -0.108002
v 0.013975 0.710060 -0.085753
v -0.002190 0.712289 -0.063504
v -0.018355 0.714518 -0.041255
v -0.034520 0.716746 -0.019006
v -0.050685 0.718975 0.003243
v -0.066850 0.721204 0.025493
v -0.083015 0.723433 0.047742
v -0.014880 0.703374 -0.191912
v -0.023378 0.705602 -0.165756
v -0.031876 0.707831 -0.139601
v -0.040375 0.710060 -0.113445
v -0.048873 0.712289 -0.087290
v -0.057372 0.714518 -0.061135
v -0.065870 0.716746 -0.034979
v -0.074369 0.718975 -0.008824
v -0.082867 0.721204 0.017332
v -0.091365 0.723433 0.043487
v -0.100622 0.703374 -0.205492
v -0.100622 0.705602 -0.177990
v -0.100622 0.707831 -0.150489
v -0.100622 0.710060 -0.122988
v -0.100622 0.712289 -0.095486
v -0.100622 0.714518 -0.067985
v -0.100622 0.716746 -0.040483
v -0.100622 0.718975 -0.012982
v -0.100622 0.721204 0.014520
v -0.100622 0.723433 0.042021
v -0.186364 0.703374 -0.191912
v -0.177865 0.705602 -0.165756
v -0.169367 0.707831 -0.139601
v -0.160868 0.710060 -0.113445
v -0.152370 0.712289 -0.087290
v -0.143872 0.714518 -0.061135
v -0.135373 0.716746 -0.034979
v -0.126875 0.718975 -0.008824
v -0.118376 0.721204 0.017332
v -0.109878 0.723433 0.043487
v -0.263713 0.703374 -0.152501
v -0.247548 0.705602 -0.130251
v -0.231383 0.707831 -0.108002
v -0.215218 0.710060 -0.085753
v -0.199053 0.712289 -0.063504
v -0.182888 0.714518 -0.041255
v -0.166723 0.716746 -0.019006
v -0.150558 0.718975 0.003243
v -0.134393 0.721204 0.025493
v -0.118228 0.723433 0.047742
v -0.325097 0.703374 -0.091116
v -0.302848 0.705602 -0.074951
v -0.280599 0.707831 -0.058786
v -0.258350 0.710060 -0.042621
v -0.236101 0.712289 -0.026456
v -0.213851 0.714518 -0.010291
v -0.191602 0.716746 0.005874
v -0.169353 0.718975 0.022039
v -0.147104 0.721204 0.038204
v -0.124855 0.723433 0.054369
v -0.364508 0.703374 -0.013767
v -0.338353 0.705602 -0.005269
v -0.312198 0.707831 0.003230
v -0.286042 0.710060 0.011728
v -0.259887 0.712289 0.020227
v -0.233731 0.714518 0.028725
v -0.207576 0.716746 0.037224
v -0.181420 0.718975 0.045722
v -0.155265 0.721204 0.054220
v -0.129110 0.723433 0.062719
v -0.378089 0.703374 0.071975
v -0.350587 0.705602 0.071975
v -0.323086 0.707831 0.071975
v -0.295584 0.710060 0.071975
v -0.268083 0.712289 0.071975
v -0.240581 0.714518 0.071975
v -0.213080 0.716746 0.071975
v -0.185578 0.718975 0.071975
v -0.158077 0.721204 0.071975
v -0.130576 0.723433 0.071975
v -0.364508 0.703374 0.157717
v -0.338353 0.705602 0.149219
v -0.312198 0.707831 0.140720
v -0.286042 0.710060 0.132222
v -0.259887 0.712289 0.123723
v -0.233731 0.714518 0.115225
v -0.207576 0.716746 0.106727
v -0.181420 0.718975 0.098228
v -0.155265 0.721204 0.089730
v -0.129110 0.723433 0.081231
v -0.325097 0.703374 0.235066
v -0.302848 0.705602 0.218901
v -0.280599 0.707831 0.202736
v -0.258350 0.710060 0.186571
v -0.236101 0.712289 0.170406
v -0.213851 0.714518 0.154241
v -0.191602 0.716746 0.138076
v -0.169353 0.718975 0.121911
v -0.147104 0.721204 0.105746
v -0.124855 0.723433 0.089581
v -0.263713 0.703374 0.296451
v -0.247548 0.705602 0.274201
v -0.231383 0.707831 0.251952
v -0.215218 0.710060 0.229703
v -0.199053 0.712289 0.207454
v -0.182888 0.714518 0.185205
v -0.166723 0.716746 0.162956
v -0.150558 0.718975 0.140707
v -0.134393 0.721204 0.118457
v -0.118228 0.723433 0.096208
v -0.186364 0.703374 0.335862
v -0.177865 0.705602 0.309706
v -0.169367 0.707831 0.283551
v -0.160868 0.710060 0.257395
v -0.152370 0.712289 0.231240
v -0.143872 0.714518 0.205085
v -0.135373 0.716746 0.178929
v -0.126875 0.718975 0.152774
v -0.118376 0.721204 0.126618
v -0.109878 0.723433 0.100463
v -0.100622 0.703374 0.349442
v -0.100622 0.705602 0.321941
v -0.100622 0.707831 0.294439
v -0.100622 0.710060 0.266938
v -0.100622 0.712289 0.239436
v -0.100622 0.714518 0.211935
v -0.100622 0.716746 0.184433
v -0.100622 0.718975 0.156932
v -0.100622 0.721204 0.129430
v -0.100622 0.723433 0.101929
v -0.014880 0.703374 0.335862
v -0.023378 0.705602 0.309706
v -0.031877 0.707831 0.283551
v -0.040375 0.710060 0.257395
v -0.048873 0.712289 0.231240
v -0.057372 0.714518 0.205085
v -0.065870 0.716746 0.178929
v -0.074369 0.718975 0.152774
v -0.082867 0.721204 0.126618
v -0.091365 0.723433 0.100463
v 0.062469 0.703374 0.296450
v 0.046304 0.705602 0.274201
v 0.030139 0.707831 0.251952
v 0.013974 0.710060 0.229703
v -0.002190 0.712289 0.207454
v -0.018355 0.714518 0.185205
v -0.034520 0.716746 0.162956
v -0.050685 0.718975 0.140707
v -0.066850 0.721204 0.118457
v -0.083015 0.723433 0.096208
v 0.123854 0.703374 0.235066
v 0.101605 0.705602 0.218901
v 0.079355 0.707831 0.202736
v 0.057106 0.710060 0.186571
v 0.034857 0.712289 0.170406
v 0.012608 0.714518 0.154241
v -0.009641 0.716746 0.138076
v -0.031890 0.718975 0.121911
v -0.054139 0.721204 0.105746
v -0.076388 0.723433 0.089581
v 0.163265 0.703374 0.157717
v 0.137110 0.705602 0.149219
v 0.110954 0.707831 0.140720
v 0.084799 0.710060 0.132222
v 0.058643 0.712289 0.123723
v 0.032488 0.714518 0.115225
v 0.006332 0.716746 0.106727
v -0.019823 0.718975 0.098228
v -0.045978 0.721204 0.089730
v -0.072134 0.723433 0.081231
v 0.176845 0.703374 0.071975
v 0.149344 0.705602 0.071975
v 0.121842 0.707831 0.071975
v 0.094341 0.710060 0.071975
v 0.066839 0.712289 0.071975
v 0.039338 0.714518 0.071975
v 0.011837 0.716746 0.071975
v -0.015665 0.718975 0.071975
v -0.043166 0.721204 0.071975
v -0.070668 0.723433 0.071975
v -0.745798 0.533727 -2.488400
v -0.763920 0.533727 -2.523967
v -0.792146 0.533727 -2.552192
v -0.827712 0.533727 -2.570314
v -0.867137 0.533727 -2.576559
v -0.906563 0.533727 -2.570314
v -0.942129 0.533727 -2.552192
v -0.970355 0.533727 -2.523967
v -0.988477 0.533727 -2.488400
v -0.994721 0.533727 -2.448975
v -0.988477 0.533727 -2.409550
v -0.970355 0.533727 -2.373983
v -0.942129 0.533727 -2.345758
v -0.906563 0.533727 -2.327636
v -0.867137 0.533727 -2.321392
v -0.827712 0.533727 -2.327636
v -0.792146 0.533727 -2.345758
v -0.763920 0.533727 -2.373983
v -0.745798 0.533727 -2.409550
v -0.739554 0.533727 -2.448975
v -0.745798 0.507102 -2.488400
v -0.763920 0.507102 -2.523967
v -0.792146 0.507102 -2.552192
v -0.827712 0.507102 -2.570314
v -0.867137 0.507102 -2.576559
v -0.906563 0.507102 -2.570314
v -0.942129 0.507102 -2.552192
v -0.970355 0.507102 -2.523967
v -0.988477 0.507102 -2.488400
v -0.994721 0.507102 -2.448975
v -0.988477 0.507102 -2.409550
v -0.970355 0.507102 -2.373983
v -0.942129 0.507102 -2.345758
v -0.906563 0.507102 -2.327636
v -0.867137 0.507102 -2.321392
v -0.827712 0.507102 -2.327636
v -0.792146 0.507102 -2.345758
v -0.763920 0.507102 -2.373983
v -0.745798 0.507102 -2.409550
v -0.739554 0.507102 -2.448975
v -0.867137 0.533727 -2.448975
v 4.389527 -0.604095 2.654438
v -4.389527 -0.604095 2.654438
vt 0.053717 0.107190
vt 0.635389 0.081777
vt 0.635524 0.126611
vt 0.093302 0.128237
vt 0.094416 0.499576
vt 0.636638 0.497950
vt 0.657532 0.502252
vt 0.094480 0.520908
vt 0.017613 0.499808
vt 0.656888 0.595936
vt 0.657231 0.710297
vt 0.115009 0.711923
vt 0.676051 0.462411
vt 0.659382 0.496994
vt 0.036270 0.504116
vt 0.656830 0.576788
vt 0.094497 0.526482
vt 0.054796 0.464275
vt 0.038120 0.498858
vt 0.636835 0.563446
vt 0.662538 0.493349
vt 0.068489 0.495130
vt 0.666113 0.491270
vt 0.064902 0.493074
vt 0.669994 0.489844
vt 0.061012 0.491671
vt 0.674065 0.489114
vt 0.056938 0.490965
vt 0.678200 0.489102
vt 0.052803 0.490978
vt 0.682274 0.489808
vt 0.048733 0.491708
vt 0.686164 0.491210
vt 0.044851 0.493134
vt 0.689751 0.493267
vt 0.041277 0.495213
vt 0.658077 0.992222
vt 0.711242 0.127539
vt 0.017586 0.129617
vt 0.115695 0.940548
vt 0.712447 0.164946
vt 0.657982 0.960651
vt 0.115760 0.962277
vt 0.046709 0.104700
vt 0.635367 0.074341
vt 0.039283 0.104352
vt 0.635345 0.066906
vt 0.032076 0.106171
vt 0.635323 0.059472
vt 0.025707 0.110013
vt 0.635300 0.052037
vt 0.020728 0.115534
vt 0.635278 0.044603
vt 0.017566 0.122263
vt 0.635256 0.037168
vt 0.115135 0.753888
vt 0.036035 0.272270
vt 0.016830 0.242548
vt 0.035214 0.155812
vt 0.693777 0.153836
vt 0.657690 0.863408
vt 0.657584 0.828022
vt 0.657357 0.752261
vt 0.023193 0.737652
vt 0.009807 0.984435
vt 0.082830 0.746141
vt 0.069445 0.992924
vt 0.023012 0.744576
vt 0.016731 0.984616
vt 0.075906 0.745960
vt 0.069626 0.986000
vt 0.400488 0.440856
vt 0.330375 0.439010
vt 0.398510 0.479262
vt 0.328397 0.477416
vt 0.330383 0.441148
vt 0.398350 0.440865
vt 0.398501 0.477124
vt 0.330534 0.477407
vt 0.069799 0.572213
vt 0.085981 0.572106
vt 0.090871 0.572074
vt 0.069832 0.577104
vt 0.064516 0.512703
vt 0.085556 0.507673
vt 0.085588 0.512564
vt 0.069407 0.512670
vt 0.404610 0.455054
vt 0.412425 0.451735
vt 0.412438 0.455023
vt 0.407898 0.455041
vt 0.412454 0.458931
vt 0.407914 0.458949
vt 0.415742 0.458917
vt 0.407927 0.462236
vt 0.404609 0.467293
vt 0.412470 0.464214
vt 0.412391 0.467483
vt 0.407877 0.467373
vt 0.412296 0.471368
vt 0.407783 0.471258
vt 0.415564 0.471447
vt 0.407703 0.474526
vt 0.416180 0.436811
vt 0.414593 0.431742
vt 0.412414 0.431771
vt 0.417107 0.439188
vt 0.410236 0.431800
vt 0.417255 0.441735
vt 0.408057 0.431829
vt 0.416608 0.444203
vt 0.405879 0.431857
vt 0.415230 0.446350
vt 0.403700 0.431886
vt 0.413256 0.447966
vt 0.401522 0.431915
vt 0.410880 0.448894
vt 0.399343 0.431944
vt 0.408333 0.449041
vt 0.397164 0.431973
vt 0.405865 0.448395
vt 0.394986 0.432001
vt 0.403718 0.447017
vt 0.392807 0.432030
vt 0.402101 0.445043
vt 0.390629 0.432059
vt 0.401174 0.442666
vt 0.388450 0.432088
vt 0.401026 0.440120
vt 0.386272 0.432116
vt 0.401673 0.437652
vt 0.384093 0.432145
vt 0.403051 0.435504
vt 0.381915 0.432174
vt 0.405025 0.433888
vt 0.379736 0.432203
vt 0.407401 0.432961
vt 0.377557 0.432232
vt 0.409948 0.432813
vt 0.418950 0.431685
vt 0.412416 0.433460
vt 0.416772 0.431713
vt 0.414563 0.434838
vt 0.409141 0.440927
vt 0.434604 0.435511
vt 0.396862 0.427941
vt 0.399056 0.427941
vt 0.435654 0.437896
vt 0.401250 0.427941
vt 0.435915 0.440488
vt 0.403443 0.427941
vt 0.435362 0.443034
vt 0.405637 0.427942
vt 0.434049 0.445285
vt 0.407831 0.427942
vt 0.432105 0.447020
vt 0.410024 0.427942
vt 0.429720 0.448069
vt 0.412218 0.427942
vt 0.427128 0.448330
vt 0.414412 0.427942
vt 0.424582 0.447777
vt 0.416605 0.427943
vt 0.422331 0.446464
vt 0.418799 0.427943
vt 0.420596 0.444520
vt 0.420993 0.427943
vt 0.419547 0.442135
vt 0.423186 0.427943
vt 0.419286 0.439543
vt 0.425380 0.427943
vt 0.419839 0.436997
vt 0.427574 0.427943
vt 0.421152 0.434746
vt 0.429767 0.427944
vt 0.423096 0.433011
vt 0.431961 0.427944
vt 0.425480 0.431962
vt 0.390281 0.427940
vt 0.428073 0.431701
vt 0.392475 0.427940
vt 0.430619 0.432254
vt 0.394668 0.427941
vt 0.432870 0.433567
vt 0.427600 0.440016
vt 0.305822 0.438108
vt 0.304305 0.431859
vt 0.306399 0.431866
vt 0.306734 0.440199
vt 0.308493 0.431872
vt 0.306955 0.442469
vt 0.310588 0.431879
vt 0.306463 0.444696
vt 0.312682 0.431886
vt 0.305308 0.446663
vt 0.314776 0.431893
vt 0.303601 0.448176
vt 0.316871 0.431900
vt 0.301511 0.449088
vt 0.318965 0.431906
vt 0.299241 0.449309
vt 0.321059 0.431913
vt 0.297013 0.448818
vt 0.323153 0.431920
vt 0.295047 0.447662
vt 0.325248 0.431927
vt 0.293534 0.445956
vt 0.327342 0.431933
vt 0.292622 0.443865
vt 0.329436 0.431941
vt 0.292401 0.441595
vt 0.289645 0.431811
vt 0.292892 0.439368
vt 0.291739 0.431818
vt 0.294048 0.437401
vt 0.293833 0.431825
vt 0.295754 0.435888
vt 0.295928 0.431832
vt 0.297845 0.434976
vt 0.298022 0.431838
vt 0.300115 0.434755
vt 0.300116 0.431845
vt 0.302342 0.435246
vt 0.302211 0.431852
vt 0.304309 0.436402
vt 0.299678 0.442032
vt 0.782289 0.217173
vt 0.782963 0.216889
vt 0.783524 0.219162
vt 0.783691 0.216827
vt 0.784404 0.216992
vt 0.785030 0.217370
vt 0.785510 0.217922
vt 0.785795 0.218595
vt 0.785859 0.219323
vt 0.785695 0.220036
vt 0.785320 0.220663
vt 0.784768 0.221144
vt 0.784096 0.221431
vt 0.783367 0.221497
vt 0.782654 0.221334
vt 0.782010 0.220949
vt 0.781533 0.220394
vt 0.781250 0.219719
vt 0.781189 0.218990
vt 0.781357 0.218277
vt 0.781736 0.217652
vt 0.775664 0.141456
vt 0.783155 0.140100
vt 0.777799 0.195964
vt 0.770924 0.198859
vt 0.790701 0.141109
vt 0.785233 0.195329
vt 0.797572 0.144386
vt 0.792500 0.197018
vt 0.803105 0.149615
vt 0.798892 0.200866
vt 0.806765 0.156290
vt 0.803786 0.206498
vt 0.808200 0.163766
vt 0.806704 0.213365
vt 0.807269 0.171322
vt 0.807362 0.220797
vt 0.804064 0.178226
vt 0.805695 0.228070
vt 0.798894 0.183814
vt 0.801868 0.234474
vt 0.792257 0.187544
vt 0.796252 0.239385
vt 0.784796 0.189056
vt 0.789396 0.242326
vt 0.777231 0.188204
vt 0.781969 0.243010
vt 0.770293 0.185071
vt 0.774693 0.241372
vt 0.764652 0.179959
vt 0.768015 0.237353
vt 0.760507 0.172401
vt 0.763167 0.231688
vt 0.759229 0.164896
vt 0.760300 0.224803
vt 0.760317 0.157362
vt 0.759694 0.217370
vt 0.763666 0.150526
vt 0.761408 0.210111
vt 0.768952 0.145047
vt 0.765277 0.203734
vt 0.801915 0.129544
vt 0.766803 0.142205
vt 0.802281 0.129059
vt 0.796791 0.125364
vt 0.802936 0.128194
vt 0.802702 0.128504
vt 0.797148 0.124765
vt 0.797347 0.124432
vt 0.806916 0.133776
vt 0.807333 0.133334
vt 0.807812 0.132828
vt 0.808079 0.132546
vt 0.811425 0.138529
vt 0.811887 0.138136
vt 0.812419 0.137685
vt 0.812715 0.137434
vt 0.815386 0.143748
vt 0.815889 0.143408
vt 0.816466 0.143017
vt 0.816787 0.142800
vt 0.818751 0.149369
vt 0.819289 0.149086
vt 0.819906 0.148761
vt 0.820249 0.148580
vt 0.821482 0.155324
vt 0.822047 0.155101
vt 0.822696 0.154846
vt 0.823057 0.154704
vt 0.823544 0.161542
vt 0.824130 0.161383
vt 0.824803 0.161200
vt 0.825177 0.161098
vt 0.824914 0.167949
vt 0.825514 0.167854
vt 0.826202 0.167746
vt 0.826586 0.167686
vt 0.825574 0.174467
vt 0.826180 0.174439
vt 0.826877 0.174407
vt 0.827264 0.174389
vt 0.825516 0.181018
vt 0.826122 0.181057
vt 0.826818 0.181101
vt 0.827205 0.181126
vt 0.824742 0.187524
vt 0.825340 0.187628
vt 0.826027 0.187749
vt 0.826409 0.187816
vt 0.823261 0.193906
vt 0.823844 0.194075
vt 0.824513 0.194270
vt 0.824886 0.194378
vt 0.821090 0.200087
vt 0.821651 0.200319
vt 0.822295 0.200586
vt 0.822653 0.200734
vt 0.818255 0.205993
vt 0.818788 0.206286
vt 0.819398 0.206621
vt 0.819738 0.206808
vt 0.765244 0.117460
vt 0.765219 0.116853
vt 0.765216 0.116155
vt 0.816177 0.212519
vt 0.771779 0.117743
vt 0.771838 0.117139
vt 0.771907 0.116446
vt 0.771946 0.116060
vt 0.778252 0.118748
vt 0.778378 0.118153
vt 0.778523 0.117471
vt 0.778603 0.117092
vt 0.784578 0.120454
vt 0.784768 0.119877
vt 0.784986 0.119216
vt 0.785107 0.118847
vt 0.790678 0.122843
vt 0.790930 0.122290
vt 0.791219 0.121656
vt 0.791381 0.121303
vt 0.778316 0.198057
vt 0.772061 0.200691
vt 0.778832 0.200150
vt 0.773198 0.202523
vt 0.779349 0.202243
vt 0.774335 0.204355
vt 0.779865 0.204336
vt 0.775471 0.206187
vt 0.780382 0.206429
vt 0.776608 0.208019
vt 0.780898 0.208522
vt 0.777744 0.209850
vt 0.781414 0.210614
vt 0.778880 0.211682
vt 0.781931 0.212706
vt 0.780017 0.213513
vt 0.782447 0.214798
vt 0.781153 0.215343
vt 0.785079 0.197480
vt 0.784925 0.199630
vt 0.784770 0.201781
vt 0.784616 0.203931
vt 0.784462 0.206081
vt 0.784308 0.208231
vt 0.784154 0.210380
vt 0.784000 0.212529
vt 0.783845 0.214679
vt 0.791690 0.199016
vt 0.790880 0.201015
vt 0.790070 0.203013
vt 0.789261 0.205011
vt 0.788451 0.207008
vt 0.787641 0.209006
vt 0.786832 0.211003
vt 0.786022 0.213000
vt 0.785213 0.214996
vt 0.797505 0.202518
vt 0.796119 0.204169
vt 0.794732 0.205820
vt 0.793346 0.207470
vt 0.791959 0.209121
vt 0.790573 0.210771
vt 0.789187 0.212421
vt 0.787801 0.214071
vt 0.786416 0.215720
vt 0.801957 0.207642
vt 0.800129 0.208784
vt 0.798301 0.209927
vt 0.796473 0.211070
vt 0.794645 0.212212
vt 0.792818 0.213354
vt 0.790990 0.214497
vt 0.789163 0.215639
vt 0.787336 0.216780
vt 0.804612 0.213889
vt 0.802520 0.214412
vt 0.800429 0.214935
vt 0.798338 0.215459
vt 0.796247 0.215982
vt 0.794156 0.216504
vt 0.792065 0.217027
vt 0.789975 0.217550
vt 0.787885 0.218073
vt 0.805210 0.220650
vt 0.803059 0.220503
vt 0.800909 0.220356
vt 0.798758 0.220208
vt 0.796607 0.220061
vt 0.794457 0.219914
vt 0.792307 0.219767
vt 0.790157 0.219619
vt 0.788008 0.219471
vt 0.803694 0.227266
vt 0.801694 0.226463
vt 0.799693 0.225659
vt 0.797693 0.224856
vt 0.795692 0.224053
vt 0.793692 0.223250
vt 0.791692 0.222446
vt 0.789693 0.221643
vt 0.787694 0.220840
vt 0.800212 0.233092
vt 0.798557 0.231711
vt 0.796901 0.230330
vt 0.795246 0.228949
vt 0.793591 0.227568
vt 0.791936 0.226187
vt 0.790281 0.224806
vt 0.788627 0.223425
vt 0.786973 0.222044
vt 0.795103 0.237561
vt 0.793954 0.235736
vt 0.792805 0.233912
vt 0.791657 0.232088
vt 0.790508 0.230263
vt 0.789359 0.228439
vt 0.788211 0.226615
vt 0.787063 0.224792
vt 0.785915 0.222968
vt 0.788866 0.240236
vt 0.788335 0.238146
vt 0.787805 0.236056
vt 0.787274 0.233967
vt 0.786744 0.231877
vt 0.786214 0.229788
vt 0.785683 0.227698
vt 0.785154 0.225609
vt 0.784624 0.223520
vt 0.782108 0.240858
vt 0.782248 0.238706
vt 0.782387 0.236555
vt 0.782527 0.234403
vt 0.782666 0.232252
vt 0.782806 0.230101
vt 0.782945 0.227949
vt 0.783085 0.225798
vt 0.783226 0.223647
vt 0.775489 0.239367
vt 0.776285 0.237363
vt 0.777080 0.235359
vt 0.777876 0.233356
vt 0.778672 0.231352
vt 0.779467 0.229348
vt 0.780263 0.227344
vt 0.781059 0.225340
vt 0.781856 0.223337
vt 0.769415 0.235713
vt 0.770814 0.234072
vt 0.772214 0.232432
vt 0.773614 0.230792
vt 0.775013 0.229152
vt 0.776413 0.227512
vt 0.777813 0.225872
vt 0.779212 0.224232
vt 0.780612 0.222591
vt 0.765004 0.230558
vt 0.766841 0.229429
vt 0.768677 0.228300
vt 0.770514 0.227171
vt 0.772351 0.226042
vt 0.774188 0.224913
vt 0.776024 0.223784
vt 0.777861 0.222654
vt 0.779697 0.221525
vt 0.762395 0.224295
vt 0.764491 0.223787
vt 0.766586 0.223278
vt 0.768681 0.222770
vt 0.770776 0.222262
vt 0.772871 0.221754
vt 0.774967 0.221246
vt 0.777061 0.220737
vt 0.779156 0.220229
vt 0.761844 0.217532
vt 0.763994 0.217694
vt 0.766144 0.217856
vt 0.768293 0.218019
vt 0.770443 0.218181
vt 0.772593 0.218343
vt 0.774742 0.218505
vt 0.776892 0.218667
vt 0.779041 0.218829
vt 0.763404 0.210928
vt 0.765399 0.211745
vt 0.767394 0.212562
vt 0.769389 0.213379
vt 0.771384 0.214195
vt 0.773379 0.215013
vt 0.775374 0.215829
vt 0.777368 0.216646
vt 0.779362 0.217462
vt 0.766923 0.205126
vt 0.768570 0.206518
vt 0.770216 0.207910
vt 0.771862 0.209303
vt 0.773508 0.210695
vt 0.775154 0.212087
vt 0.776799 0.213478
vt 0.778445 0.214870
vt 0.780090 0.216261
vt 0.844324 0.484180
vt 0.844903 0.483926
vt 0.845419 0.485883
vt 0.845532 0.483862
vt 0.846150 0.483996
vt 0.846697 0.484314
vt 0.847119 0.484785
vt 0.847374 0.485363
vt 0.847439 0.485992
vt 0.847307 0.486610
vt 0.846991 0.487158
vt 0.846520 0.487580
vt 0.845942 0.487838
vt 0.845313 0.487904
vt 0.844694 0.487773
vt 0.844133 0.487448
vt 0.843713 0.486975
vt 0.843460 0.486395
vt 0.843398 0.485765
vt 0.843533 0.485147
vt 0.843852 0.484601
vt 0.836453 0.419324
vt 0.842410 0.416864
vt 0.840163 0.465902
vt 0.834257 0.468496
vt 0.848835 0.416352
vt 0.846581 0.465255
vt 0.855107 0.417837
vt 0.852887 0.466619
vt 0.860620 0.421176
vt 0.858464 0.469862
vt 0.864842 0.426046
vt 0.862769 0.474667
vt 0.867364 0.431978
vt 0.865383 0.480566
vt 0.867943 0.438397
vt 0.866050 0.486983
vt 0.866524 0.444684
vt 0.864705 0.493292
vt 0.863242 0.450232
vt 0.861480 0.498880
vt 0.858416 0.454504
vt 0.856690 0.503200
vt 0.852511 0.457088
vt 0.850801 0.505833
vt 0.846098 0.457734
vt 0.844388 0.506522
vt 0.839797 0.456380
vt 0.838076 0.505202
vt 0.834215 0.453157
vt 0.832249 0.501815
vt 0.829435 0.447642
vt 0.827983 0.496981
vt 0.827037 0.441659
vt 0.825413 0.491067
vt 0.826591 0.435229
vt 0.824791 0.484648
vt 0.828142 0.428973
vt 0.826178 0.478350
vt 0.831538 0.423495
vt 0.829439 0.472785
vt 0.855533 0.407671
vt 0.829253 0.421526
vt 0.855867 0.407208
vt 0.850634 0.403853
vt 0.856463 0.406381
vt 0.856250 0.406677
vt 0.850957 0.403283
vt 0.851136 0.402966
vt 0.860319 0.411539
vt 0.860701 0.411115
vt 0.861140 0.410630
vt 0.861385 0.410359
vt 0.864653 0.415908
vt 0.865079 0.415529
vt 0.865569 0.415094
vt 0.865841 0.414852
vt 0.868482 0.420725
vt 0.868947 0.420395
vt 0.869481 0.420016
vt 0.869779 0.419805
vt 0.871761 0.425932
vt 0.872260 0.425655
vt 0.872832 0.425337
vt 0.873151 0.425160
vt 0.874451 0.431467
vt 0.874977 0.431246
vt 0.875581 0.430992
vt 0.875916 0.430851
vt 0.876519 0.437263
vt 0.877065 0.437101
vt 0.877693 0.436915
vt 0.878043 0.436812
vt 0.877939 0.443250
vt 0.878501 0.443149
vt 0.879145 0.443033
vt 0.879504 0.442969
vt 0.878696 0.449357
vt 0.879266 0.449318
vt 0.879919 0.449273
vt 0.880282 0.449248
vt 0.878780 0.455510
vt 0.879350 0.455534
vt 0.880005 0.455561
vt 0.880369 0.455576
vt 0.878191 0.461636
vt 0.878755 0.461721
vt 0.879402 0.461820
vt 0.879762 0.461874
vt 0.876934 0.467660
vt 0.877485 0.467806
vt 0.878118 0.467975
vt 0.878470 0.468069
vt 0.875025 0.473510
vt 0.875557 0.473716
vt 0.876168 0.473953
vt 0.876507 0.474085
vt 0.872488 0.479116
vt 0.872994 0.479380
vt 0.873575 0.479682
vt 0.873898 0.479850
vt 0.820843 0.397096
vt 0.820807 0.396526
vt 0.820789 0.395870
vt 0.870674 0.485288
vt 0.826985 0.397224
vt 0.827028 0.396655
vt 0.827079 0.396003
vt 0.827106 0.395639
vt 0.833085 0.398030
vt 0.833191 0.397470
vt 0.833312 0.396826
vt 0.833380 0.396468
vt 0.839061 0.399500
vt 0.839227 0.398954
vt 0.839418 0.398328
vt 0.839525 0.397979
vt 0.844840 0.401615
vt 0.845065 0.401091
vt 0.845324 0.400489
vt 0.845467 0.400154
vt 0.840637 0.467705
vt 0.835264 0.470065
vt 0.841111 0.469508
vt 0.836271 0.471634
vt 0.841585 0.471310
vt 0.837278 0.473203
vt 0.842060 0.473113
vt 0.838285 0.474771
vt 0.842534 0.474916
vt 0.839292 0.476340
vt 0.843008 0.476718
vt 0.840298 0.477909
vt 0.843481 0.478521
vt 0.841305 0.479477
vt 0.843955 0.480323
vt 0.842311 0.481045
vt 0.844429 0.482124
vt 0.843318 0.482613
vt 0.846476 0.467116
vt 0.846372 0.468978
vt 0.846267 0.470839
vt 0.846162 0.472700
vt 0.846057 0.474561
vt 0.845952 0.476422
vt 0.845847 0.478282
vt 0.845742 0.480142
vt 0.845637 0.482002
vt 0.852213 0.468358
vt 0.851539 0.470096
vt 0.850865 0.471834
vt 0.850191 0.473572
vt 0.849518 0.475310
vt 0.848844 0.477048
vt 0.848170 0.478785
vt 0.847497 0.480522
vt 0.846824 0.482259
vt 0.857287 0.471308
vt 0.856110 0.472754
vt 0.854933 0.474199
vt 0.853756 0.475645
vt 0.852579 0.477090
vt 0.851402 0.478535
vt 0.850226 0.479980
vt 0.849049 0.481425
vt 0.847873 0.482870
vt 0.861204 0.475679
vt 0.859638 0.476692
vt 0.858073 0.477704
vt 0.856507 0.478716
vt 0.854942 0.479728
vt 0.853377 0.480740
vt 0.851812 0.481751
vt 0.850247 0.482762
vt 0.848683 0.483774
vt 0.863581 0.481046
vt 0.861780 0.481526
vt 0.859978 0.482006
vt 0.858177 0.482486
vt 0.856376 0.482966
vt 0.854575 0.483445
vt 0.852775 0.483925
vt 0.850974 0.484404
vt 0.849174 0.484884
vt 0.864188 0.486884
vt 0.862326 0.486785
vt 0.860465 0.486686
vt 0.858603 0.486587
vt 0.856742 0.486488
vt 0.854881 0.486389
vt 0.853020 0.486290
vt 0.851159 0.486191
vt 0.849299 0.486091
vt 0.862964 0.492624
vt 0.861224 0.491956
vt 0.859484 0.491287
vt 0.857743 0.490619
vt 0.856003 0.489951
vt 0.854264 0.489283
vt 0.852524 0.488615
vt 0.850785 0.487947
vt 0.849046 0.487279
vt 0.860030 0.497707
vt 0.858581 0.496535
vt 0.857131 0.495362
vt 0.855682 0.494190
vt 0.854233 0.493018
vt 0.852784 0.491846
vt 0.851335 0.490674
vt 0.849886 0.489502
vt 0.848438 0.488330
vt 0.855672 0.501638
vt 0.854655 0.500075
vt 0.853637 0.498513
vt 0.852620 0.496951
vt 0.851603 0.495389
vt 0.850586 0.493827
vt 0.849569 0.492265
vt 0.848552 0.490704
vt 0.847536 0.489142
vt 0.850315 0.504033
vt 0.849829 0.502233
vt 0.849343 0.500433
vt 0.848856 0.498633
vt 0.848370 0.496834
vt 0.847884 0.495034
vt 0.847398 0.493235
vt 0.846912 0.491436
vt 0.846427 0.489637
vt 0.844481 0.504660
vt 0.844573 0.502798
vt 0.844665 0.500936
vt 0.844757 0.499074
vt 0.844849 0.497212
vt 0.844942 0.495350
vt 0.845034 0.493488
vt 0.845126 0.491626
vt 0.845219 0.489765
vt 0.838738 0.503458
vt 0.839399 0.501715
vt 0.840061 0.499972
vt 0.840722 0.498229
vt 0.841384 0.496486
vt 0.842045 0.494743
vt 0.842707 0.493000
vt 0.843369 0.491257
vt 0.844031 0.489515
vt 0.833438 0.500379
vt 0.834626 0.498942
vt 0.835815 0.497506
vt 0.837003 0.496069
vt 0.838192 0.494633
vt 0.839381 0.493196
vt 0.840569 0.491760
vt 0.841757 0.490323
vt 0.842946 0.488886
vt 0.829556 0.495981
vt 0.831129 0.494980
vt 0.832703 0.493979
vt 0.834276 0.492979
vt 0.835849 0.491979
vt 0.837422 0.490978
vt 0.838995 0.489978
vt 0.840568 0.488977
vt 0.842141 0.487977
vt 0.827218 0.490600
vt 0.829023 0.490133
vt 0.830828 0.489666
vt 0.832633 0.489199
vt 0.834438 0.488732
vt 0.836242 0.488265
vt 0.838047 0.487797
vt 0.839852 0.487331
vt 0.841656 0.486863
vt 0.826652 0.484760
vt 0.828513 0.484872
vt 0.830374 0.484984
vt 0.832235 0.485096
vt 0.834096 0.485207
vt 0.835957 0.485319
vt 0.837817 0.485431
vt 0.839677 0.485543
vt 0.841538 0.485654
vt 0.827914 0.479030
vt 0.829650 0.479710
vt 0.831385 0.480389
vt 0.833121 0.481070
vt 0.834857 0.481749
vt 0.836592 0.482429
vt 0.838328 0.483109
vt 0.840063 0.483789
vt 0.841798 0.484468
vt 0.830880 0.473967
vt 0.832322 0.475149
vt 0.833764 0.476331
vt 0.835205 0.477512
vt 0.836647 0.478694
vt 0.838088 0.479876
vt 0.839529 0.481058
vt 0.840970 0.482239
vt 0.842411 0.483420
vt 0.030007 0.676181
vt 0.032310 0.676991
vt 0.031116 0.679589
vt 0.028274 0.678578
vt 0.034881 0.677588
vt 0.034190 0.680306
vt 0.037600 0.678003
vt 0.037385 0.680792
vt 0.040357 0.678240
vt 0.040614 0.681067
vt 0.043044 0.678273
vt 0.043795 0.681105
vt 0.045537 0.678043
vt 0.046836 0.680827
vt 0.047687 0.677462
vt 0.049611 0.680095
vt 0.049296 0.676423
vt 0.032348 0.620684
vt 0.036519 0.620291
vt 0.034308 0.622488
vt 0.038476 0.621268
vt 0.036854 0.623769
vt 0.040835 0.621965
vt 0.039767 0.624641
vt 0.043454 0.622434
vt 0.042897 0.625205
vt 0.046211 0.622713
vt 0.046138 0.625531
vt 0.048998 0.622810
vt 0.049402 0.625643
vt 0.051704 0.622706
vt 0.052605 0.625518
vt 0.054201 0.622348
vt 0.055651 0.625083
vt 0.056335 0.621653
vt 0.058406 0.624205
vt 0.057901 0.620525
vt 0.023963 0.675294
vt 0.028116 0.675115
vt 0.025815 0.677180
vt 0.029888 0.682113
vt 0.026520 0.680986
vt 0.033441 0.682910
vt 0.037089 0.683462
vt 0.040771 0.683803
vt 0.044431 0.683909
vt 0.048010 0.683692
vt 0.051420 0.682989
vt 0.029443 0.622714
vt 0.032067 0.624834
vt 0.035212 0.626281
vt 0.038659 0.627244
vt 0.042276 0.627864
vt 0.045976 0.628233
vt 0.049699 0.628388
vt 0.053388 0.628308
vt 0.056978 0.627907
vt 0.060374 0.627024
vt 0.020982 0.677160
vt 0.023476 0.679393
vt 0.028749 0.684623
vt 0.024911 0.683461
vt 0.032717 0.685455
vt 0.036753 0.686057
vt 0.040818 0.686473
vt 0.044884 0.686684
vt 0.048925 0.686606
vt 0.052898 0.686071
vt 0.026697 0.625129
vt 0.030011 0.627370
vt 0.033719 0.628855
vt 0.037641 0.629828
vt 0.041678 0.630462
vt 0.045771 0.630862
vt 0.049883 0.631073
vt 0.053986 0.631078
vt 0.058049 0.630792
vt 0.062020 0.630051
vt 0.018139 0.679415
vt 0.021310 0.681803
vt 0.027734 0.687142
vt 0.023496 0.686014
vt 0.032044 0.687970
vt 0.036393 0.688605
vt 0.040765 0.689096
vt 0.045152 0.689433
vt 0.049559 0.689544
vt 0.053991 0.689279
vt 0.024244 0.627916
vt 0.028220 0.630090
vt 0.032426 0.631496
vt 0.036749 0.632415
vt 0.041129 0.633028
vt 0.045539 0.633445
vt 0.049963 0.633715
vt 0.054396 0.633830
vt 0.058837 0.633717
vt 0.063283 0.633223
vt 0.015567 0.682053
vt 0.019398 0.684408
vt 0.026853 0.689678
vt 0.022295 0.688642
vt 0.031430 0.690470
vt 0.036017 0.691122
vt 0.040616 0.691684
vt 0.045241 0.692158
vt 0.049915 0.692488
vt 0.054683 0.692557
vt 0.022171 0.631034
vt 0.026733 0.632970
vt 0.031352 0.634203
vt 0.035992 0.635013
vt 0.040639 0.635575
vt 0.045289 0.635997
vt 0.049947 0.636328
vt 0.054624 0.636568
vt 0.059346 0.636662
vt 0.064148 0.636487
vt 0.013356 0.685040
vt 0.017779 0.687187
vt 0.026110 0.692236
vt 0.021315 0.691338
vt 0.030877 0.692965
vt 0.035628 0.693618
vt 0.040381 0.694246
vt 0.045158 0.694857
vt 0.050001 0.695422
vt 0.054978 0.695862
vt 0.020541 0.634432
vt 0.025572 0.635983
vt 0.030503 0.636966
vt 0.035375 0.637625
vt 0.040210 0.638114
vt 0.045025 0.638529
vt 0.049840 0.638918
vt 0.054679 0.639289
vt 0.059582 0.639610
vt 0.064614 0.639799
vt 0.011569 0.688325
vt 0.016477 0.690116
vt 0.025506 0.694816
vt 0.020562 0.694092
vt 0.030386 0.695460
vt 0.035230 0.696101
vt 0.040062 0.696785
vt 0.044911 0.697531
vt 0.049824 0.698330
vt 0.054882 0.699154
vt 0.019402 0.638047
vt 0.024754 0.639102
vt 0.029886 0.639776
vt 0.034899 0.640252
vt 0.039844 0.640651
vt 0.044751 0.641048
vt 0.049649 0.641490
vt 0.054568 0.641992
vt 0.059553 0.642546
vt 0.064685 0.643116
vt 0.010259 0.691850
vt 0.015509 0.693165
vt 0.025044 0.697417
vt 0.020041 0.696892
vt 0.029960 0.697958
vt 0.034824 0.698574
vt 0.039662 0.699305
vt 0.044504 0.700175
vt 0.049392 0.701199
vt 0.054403 0.702395
vt 0.018791 0.641811
vt 0.024291 0.642295
vt 0.029505 0.642621
vt 0.034567 0.642893
vt 0.039542 0.643187
vt 0.044469 0.643558
vt 0.049375 0.644046
vt 0.054293 0.644674
vt 0.059265 0.645455
vt 0.064369 0.646402
vt 0.009463 0.695550
vt 0.014890 0.696306
vt 0.024727 0.700036
vt 0.019759 0.699729
vt 0.029600 0.700462
vt 0.034411 0.701042
vt 0.039183 0.701807
vt 0.043938 0.702786
vt 0.048709 0.704015
vt 0.053550 0.705550
vt 0.018733 0.645652
vt 0.024195 0.645531
vt 0.029366 0.645490
vt 0.034382 0.645545
vt 0.039308 0.645725
vt 0.044179 0.646063
vt 0.049021 0.646589
vt 0.053857 0.647331
vt 0.058721 0.648324
vt 0.063672 0.649622
vt 0.009212 0.699354
vt 0.014632 0.699508
vt 0.024560 0.702671
vt 0.019724 0.702588
vt 0.029308 0.702974
vt 0.033992 0.703507
vt 0.038624 0.704291
vt 0.043215 0.705360
vt 0.047777 0.706762
vt 0.052332 0.708586
vt 0.019246 0.649493
vt 0.024478 0.648776
vt 0.029477 0.648370
vt 0.034349 0.648206
vt 0.039143 0.648268
vt 0.043884 0.648565
vt 0.048586 0.649118
vt 0.053261 0.649958
vt 0.057924 0.651137
vt 0.062602 0.652739
vt 0.009527 0.703186
vt 0.014749 0.702739
vt 0.024552 0.705320
vt 0.019947 0.705458
vt 0.029090 0.705495
vt 0.033569 0.705972
vt 0.037985 0.706760
vt 0.042331 0.707892
vt 0.046595 0.709426
vt 0.050758 0.711467
vt 0.020338 0.653251
vt 0.025153 0.651995
vt 0.029849 0.651247
vt 0.034475 0.650872
vt 0.039052 0.650817
vt 0.043584 0.651067
vt 0.048069 0.651635
vt 0.052501 0.652552
vt 0.056870 0.653878
vt 0.061164 0.655719
vt 0.010420 0.706966
vt 0.015256 0.705963
vt 0.024712 0.707980
vt 0.020445 0.708324
vt 0.028951 0.708029
vt 0.033142 0.708440
vt 0.037262 0.709214
vt 0.041282 0.710377
vt 0.045161 0.711990
vt 0.048836 0.714157
vt 0.022007 0.656840
vt 0.026232 0.655148
vt 0.030496 0.654106
vt 0.034773 0.653541
vt 0.039042 0.653374
vt 0.043281 0.653574
vt 0.047467 0.654141
vt 0.051572 0.655107
vt 0.055559 0.656531
vt 0.059367 0.658525
vt 0.011894 0.710606
vt 0.016167 0.709142
vt 0.025059 0.710650
vt 0.021238 0.711168
vt 0.028901 0.710581
vt 0.032714 0.710919
vt 0.036452 0.711655
vt 0.040061 0.712809
vt 0.043470 0.714434
vt 0.046576 0.716618
vt 0.024239 0.660165
vt 0.027731 0.658188
vt 0.031439 0.656928
vt 0.035259 0.656211
vt 0.039122 0.655945
vt 0.042977 0.656090
vt 0.046776 0.656640
vt 0.050467 0.657617
vt 0.053981 0.659078
vt 0.057219 0.661117
vt 0.013939 0.714014
vt 0.017499 0.712231
vt 0.025615 0.713327
vt 0.022352 0.713970
vt 0.028953 0.713158
vt 0.032288 0.713417
vt 0.035547 0.714088
vt 0.038654 0.715183
vt 0.041512 0.716737
vt 0.043988 0.718808
vt 0.027006 0.663125
vt 0.029665 0.661061
vt 0.032704 0.659691
vt 0.035955 0.658876
vt 0.039306 0.658535
vt 0.042676 0.658625
vt 0.045990 0.659135
vt 0.049172 0.660078
vt 0.052129 0.661495
vt 0.054726 0.663453
vt 0.016532 0.717087
vt 0.019271 0.715176
vt 0.026412 0.716008
vt 0.023824 0.716701
vt 0.029129 0.715769
vt 0.031868 0.715946
vt 0.034539 0.716521
vt 0.037045 0.717492
vt 0.039277 0.718873
vt 0.041088 0.720683
vt 0.030250 0.665612
vt 0.032045 0.663698
vt 0.034325 0.662364
vt 0.036894 0.661534
vt 0.039616 0.661155
vt 0.042382 0.661193
vt 0.045100 0.661635
vt 0.047672 0.662484
vt 0.049988 0.663760
vt 0.051903 0.665488
vt 0.019622 0.719715
vt 0.021497 0.717909
vt 0.027497 0.718689
vt 0.025695 0.719321
vt 0.029457 0.718432
vt 0.031463 0.718529
vt 0.033415 0.718966
vt 0.035213 0.719732
vt 0.036749 0.720814
vt 0.037897 0.722195
vt 0.033878 0.667518
vt 0.034871 0.666018
vt 0.036341 0.664905
vt 0.038123 0.664177
vt 0.040083 0.663818
vt 0.042106 0.663813
vt 0.044094 0.664153
vt 0.045942 0.664832
vt 0.047543 0.665843
vt 0.048769 0.667174
vt 0.023121 0.721787
vt 0.024181 0.720350
vt 0.028929 0.721365
vt 0.028005 0.721782
vt 0.029984 0.721172
vt 0.031087 0.721203
vt 0.032161 0.721452
vt 0.033129 0.721903
vt 0.033915 0.722534
vt 0.034446 0.723311
vt 0.037739 0.668770
vt 0.038110 0.667932
vt 0.038793 0.667263
vt 0.039702 0.666797
vt 0.040753 0.666548
vt 0.041865 0.666524
vt 0.042959 0.666719
vt 0.043956 0.667124
vt 0.044779 0.667719
vt 0.045354 0.668473
vt 0.026885 0.723222
vt 0.027295 0.722411
vt 0.030760 0.724048
vt 0.853015 0.209503
vt 0.853666 0.209240
vt 0.854170 0.211429
vt 0.854366 0.209192
vt 0.855046 0.209361
vt 0.855642 0.209732
vt 0.856093 0.210269
vt 0.856357 0.210919
vt 0.856408 0.211619
vt 0.856240 0.212300
vt 0.855870 0.212896
vt 0.855334 0.213349
vt 0.854684 0.213615
vt 0.853984 0.213667
vt 0.853302 0.213500
vt 0.852691 0.213121
vt 0.852241 0.212581
vt 0.851980 0.211929
vt 0.851933 0.211229
vt 0.852104 0.210548
vt 0.852477 0.209953
vt 0.848207 0.137400
vt 0.855456 0.136219
vt 0.849026 0.189089
vt 0.842387 0.191764
vt 0.862717 0.137321
vt 0.856167 0.188592
vt 0.869289 0.140599
vt 0.863113 0.190321
vt 0.874537 0.145737
vt 0.869187 0.194109
vt 0.877954 0.152238
vt 0.873797 0.199585
vt 0.879210 0.159474
vt 0.876493 0.206216
vt 0.878184 0.166746
vt 0.877013 0.213356
vt 0.874975 0.173351
vt 0.875305 0.220307
vt 0.869892 0.178653
vt 0.871537 0.226393
vt 0.863427 0.182138
vt 0.866077 0.231020
vt 0.856205 0.183469
vt 0.859456 0.233738
vt 0.848923 0.182519
vt 0.852320 0.234283
vt 0.842284 0.179378
vt 0.845365 0.232602
vt 0.836930 0.174352
vt 0.839019 0.228647
vt 0.833060 0.166991
vt 0.834453 0.223139
vt 0.831955 0.159730
vt 0.831806 0.216492
vt 0.833133 0.152481
vt 0.831336 0.209353
vt 0.836479 0.145944
vt 0.833090 0.202415
vt 0.841671 0.140749
vt 0.836897 0.196355
vt 0.863101 0.127945
vt 0.839648 0.137971
vt 0.863377 0.127417
vt 0.857458 0.124727
vt 0.863870 0.126472
vt 0.863694 0.126810
vt 0.857707 0.124090
vt 0.857845 0.123734
vt 0.868633 0.131233
vt 0.868965 0.130738
vt 0.869347 0.130169
vt 0.869559 0.129853
vt 0.873773 0.135107
vt 0.874157 0.134650
vt 0.874599 0.134127
vt 0.874845 0.133836
vt 0.878457 0.139519
vt 0.878890 0.139108
vt 0.879386 0.138636
vt 0.879662 0.138374
vt 0.882631 0.144418
vt 0.883106 0.144057
vt 0.883651 0.143642
vt 0.883954 0.143411
vt 0.886244 0.149744
vt 0.886755 0.149437
vt 0.887342 0.149084
vt 0.887668 0.148888
vt 0.889251 0.155434
vt 0.889793 0.155185
vt 0.890415 0.154898
vt 0.890761 0.154739
vt 0.891618 0.161419
vt 0.892184 0.161230
vt 0.892834 0.161014
vt 0.893195 0.160893
vt 0.893316 0.167626
vt 0.893899 0.167501
vt 0.894569 0.167356
vt 0.894941 0.167276
vt 0.894324 0.173983
vt 0.894918 0.173921
vt 0.895599 0.173851
vt 0.895978 0.173812
vt 0.894631 0.180411
vt 0.895227 0.180415
vt 0.895912 0.180420
vt 0.896293 0.180423
vt 0.894232 0.186834
vt 0.894824 0.186904
vt 0.895504 0.186984
vt 0.895883 0.187028
vt 0.893132 0.193175
vt 0.893714 0.193309
vt 0.894381 0.193463
vt 0.894752 0.193549
vt 0.891345 0.199358
vt 0.891908 0.199555
vt 0.892555 0.199781
vt 0.892914 0.199906
vt 0.825611 0.122193
vt 0.825488 0.121609
vt 0.825371 0.120933
vt 0.890392 0.206018
vt 0.831988 0.121406
vt 0.831947 0.120811
vt 0.831902 0.120128
vt 0.831876 0.119748
vt 0.838423 0.121328
vt 0.838448 0.120732
vt 0.838477 0.120048
vt 0.838494 0.119667
vt 0.844828 0.121954
vt 0.844918 0.121365
vt 0.845022 0.120688
vt 0.845080 0.120311
vt 0.851126 0.123278
vt 0.851280 0.122702
vt 0.851458 0.122041
vt 0.851556 0.121673
vt 0.849490 0.191105
vt 0.843450 0.193538
vt 0.849955 0.193121
vt 0.844514 0.195313
vt 0.850419 0.195136
vt 0.845577 0.197087
vt 0.850883 0.197152
vt 0.846640 0.198861
vt 0.851347 0.199167
vt 0.847702 0.200636
vt 0.851811 0.201183
vt 0.848765 0.202410
vt 0.852274 0.203198
vt 0.849828 0.204183
vt 0.852738 0.205212
vt 0.850890 0.205957
vt 0.853202 0.207226
vt 0.851952 0.207730
vt 0.855987 0.190653
vt 0.855806 0.192713
vt 0.855626 0.194774
vt 0.855446 0.196834
vt 0.855266 0.198895
vt 0.855086 0.200955
vt 0.854906 0.203014
vt 0.854726 0.205074
vt 0.854545 0.207133
vt 0.862306 0.192226
vt 0.861499 0.194131
vt 0.860692 0.196035
vt 0.859886 0.197940
vt 0.859079 0.199844
vt 0.858272 0.201748
vt 0.857465 0.203652
vt 0.856659 0.205555
vt 0.855852 0.207458
vt 0.867832 0.195672
vt 0.866477 0.197235
vt 0.865122 0.198798
vt 0.863767 0.200360
vt 0.862413 0.201923
vt 0.861058 0.203485
vt 0.859704 0.205047
vt 0.858349 0.206609
vt 0.856995 0.208171
vt 0.872026 0.200654
vt 0.870255 0.201723
vt 0.868484 0.202792
vt 0.866713 0.203861
vt 0.864943 0.204929
vt 0.863173 0.205998
vt 0.861402 0.207066
vt 0.859632 0.208134
vt 0.857863 0.209202
vt 0.874479 0.206687
vt 0.872464 0.207158
vt 0.870450 0.207628
vt 0.868436 0.208099
vt 0.866422 0.208569
vt 0.864409 0.209039
vt 0.862396 0.209510
vt 0.860382 0.209980
vt 0.858370 0.210450
vt 0.874951 0.213182
vt 0.872890 0.213009
vt 0.870829 0.212835
vt 0.868768 0.212662
vt 0.866707 0.212488
vt 0.864647 0.212315
vt 0.862587 0.212141
vt 0.860527 0.211967
vt 0.858467 0.211793
vt 0.873398 0.219506
vt 0.871491 0.218706
vt 0.869583 0.217905
vt 0.867676 0.217104
vt 0.865770 0.216304
vt 0.863863 0.215503
vt 0.861957 0.214702
vt 0.860050 0.213902
vt 0.858145 0.213101
vt 0.869970 0.225043
vt 0.868402 0.223693
vt 0.866835 0.222344
vt 0.865268 0.220994
vt 0.863701 0.219644
vt 0.862134 0.218295
vt 0.860567 0.216945
vt 0.859001 0.215595
vt 0.857435 0.214246
vt 0.865002 0.229253
vt 0.863927 0.227486
vt 0.862852 0.225718
vt 0.861777 0.223951
vt 0.860703 0.222184
vt 0.859628 0.220417
vt 0.858554 0.218650
vt 0.857480 0.216883
vt 0.856407 0.215116
vt 0.858978 0.231725
vt 0.858501 0.229713
vt 0.858023 0.227700
vt 0.857545 0.225688
vt 0.857068 0.223675
vt 0.856591 0.221663
vt 0.856113 0.219651
vt 0.855636 0.217639
vt 0.855160 0.215626
vt 0.852486 0.232221
vt 0.852652 0.230159
vt 0.852819 0.228097
vt 0.852984 0.226035
vt 0.853151 0.223974
vt 0.853317 0.221912
vt 0.853483 0.219850
vt 0.853649 0.217789
vt 0.853816 0.215727
vt 0.846158 0.230692
vt 0.846952 0.228781
vt 0.847745 0.226871
vt 0.848539 0.224960
vt 0.849332 0.223050
vt 0.850125 0.221139
vt 0.850919 0.219229
vt 0.851713 0.217319
vt 0.852507 0.215409
vt 0.840386 0.227095
vt 0.841754 0.225542
vt 0.843121 0.223990
vt 0.844488 0.222438
vt 0.845856 0.220885
vt 0.847223 0.219333
vt 0.848590 0.217780
vt 0.849958 0.216228
vt 0.851325 0.214675
vt 0.836232 0.222084
vt 0.838011 0.221028
vt 0.839790 0.219972
vt 0.841569 0.218917
vt 0.843348 0.217862
vt 0.845127 0.216806
vt 0.846906 0.215750
vt 0.848685 0.214694
vt 0.850463 0.213638
vt 0.833824 0.216036
vt 0.835842 0.215580
vt 0.837859 0.215124
vt 0.839877 0.214668
vt 0.841895 0.214212
vt 0.843912 0.213756
vt 0.845929 0.213300
vt 0.847947 0.212843
vt 0.849964 0.212387
vt 0.833396 0.209540
vt 0.835456 0.209728
vt 0.837516 0.209916
vt 0.839576 0.210104
vt 0.841636 0.210292
vt 0.843696 0.210479
vt 0.845755 0.210667
vt 0.847815 0.210855
vt 0.849874 0.211042
vt 0.834992 0.203228
vt 0.836894 0.204042
vt 0.838795 0.204855
vt 0.840697 0.205669
vt 0.842598 0.206482
vt 0.844500 0.207296
vt 0.846401 0.208110
vt 0.848302 0.208923
vt 0.850203 0.209736
vt 0.838455 0.197715
vt 0.840014 0.199075
vt 0.841572 0.200436
vt 0.843130 0.201796
vt 0.844688 0.203156
vt 0.846246 0.204516
vt 0.847804 0.205876
vt 0.849362 0.207235
vt 0.850919 0.208595
vt 0.909563 0.214930
vt 0.910094 0.214753
vt 0.910388 0.216521
vt 0.910654 0.214748
vt 0.911187 0.214917
vt 0.911643 0.215242
vt 0.911977 0.215691
vt 0.912155 0.216221
vt 0.912162 0.216781
vt 0.911995 0.217315
vt 0.911672 0.217772
vt 0.911223 0.218107
vt 0.910694 0.218287
vt 0.910134 0.218296
vt 0.909599 0.218130
vt 0.909140 0.217808
vt 0.908793 0.217344
vt 0.908618 0.216811
vt 0.908615 0.216251
vt 0.908785 0.215716
vt 0.909112 0.215262
vt 0.918938 0.161620
vt 0.924348 0.159792
vt 0.907396 0.198443
vt 0.901973 0.200243
vt 0.930057 0.159707
vt 0.913111 0.198402
vt 0.935519 0.161373
vt 0.918562 0.200123
vt 0.940208 0.164632
vt 0.923216 0.203440
vt 0.943675 0.169169
vt 0.926623 0.208030
vt 0.945587 0.174550
vt 0.928450 0.213446
vt 0.945760 0.180258
vt 0.928519 0.219162
vt 0.944177 0.185745
vt 0.926823 0.224621
vt 0.940991 0.190484
vt 0.923528 0.229291
vt 0.936507 0.194020
vt 0.918954 0.232719
vt 0.931156 0.196014
vt 0.913547 0.234572
vt 0.925451 0.196274
vt 0.907834 0.234669
vt 0.919941 0.194776
vt 0.902369 0.233002
vt 0.915154 0.191663
vt 0.897682 0.229735
vt 0.911549 0.187235
vt 0.894049 0.224843
vt 0.909264 0.180801
vt 0.892285 0.219411
vt 0.909267 0.175091
vt 0.892277 0.213699
vt 0.911017 0.169655
vt 0.894027 0.208261
vt 0.914348 0.165017
vt 0.897367 0.203626
vt 0.917872 0.139278
vt 0.912438 0.163135
vt 0.918001 0.138729
vt 0.912786 0.137760
vt 0.918239 0.137711
vt 0.918153 0.138077
vt 0.912877 0.137097
vt 0.912929 0.136724
vt 0.922924 0.140712
vt 0.923103 0.140177
vt 0.923316 0.139543
vt 0.923435 0.139186
vt 0.927821 0.142609
vt 0.928049 0.142094
vt 0.928319 0.141481
vt 0.928471 0.141137
vt 0.932520 0.144953
vt 0.932795 0.144460
vt 0.933122 0.143876
vt 0.933305 0.143548
vt 0.936982 0.147723
vt 0.937302 0.147258
vt 0.937681 0.146706
vt 0.937894 0.146396
vt 0.941168 0.150895
vt 0.941529 0.150461
vt 0.941958 0.149947
vt 0.942199 0.149658
vt 0.945041 0.154441
vt 0.945441 0.154043
vt 0.945916 0.153571
vt 0.946182 0.153306
vt 0.948569 0.158332
vt 0.949004 0.157972
vt 0.949520 0.157547
vt 0.949810 0.157307
vt 0.951720 0.162533
vt 0.952186 0.162216
vt 0.952740 0.161839
vt 0.953051 0.161628
vt 0.954467 0.167008
vt 0.954961 0.166736
vt 0.955547 0.166412
vt 0.955877 0.166231
vt 0.956788 0.171720
vt 0.957305 0.171494
vt 0.957918 0.171226
vt 0.958263 0.171076
vt 0.958661 0.176626
vt 0.959196 0.176449
vt 0.959832 0.176240
vt 0.960189 0.176122
vt 0.960070 0.181685
vt 0.960620 0.181559
vt 0.961273 0.181409
vt 0.961639 0.181325
vt 0.961004 0.186853
vt 0.961563 0.186778
vt 0.962227 0.186690
vt 0.962600 0.186640
vt 0.961455 0.192085
vt 0.962018 0.192063
vt 0.962687 0.192036
vt 0.963062 0.192022
vt 0.891850 0.139337
vt 0.891704 0.138791
vt 0.891552 0.138139
vt 0.963023 0.197416
vt 0.896999 0.138352
vt 0.896920 0.137794
vt 0.896825 0.137132
vt 0.896772 0.136760
vt 0.902227 0.137854
vt 0.902200 0.137290
vt 0.902167 0.136622
vt 0.902149 0.136246
vt 0.907479 0.137842
vt 0.907503 0.137279
vt 0.907533 0.136610
vt 0.907550 0.136234
vt 0.907666 0.200076
vt 0.902732 0.201713
vt 0.907936 0.201707
vt 0.903491 0.203182
vt 0.908206 0.203339
vt 0.904250 0.204651
vt 0.908476 0.204970
vt 0.905010 0.206120
vt 0.908746 0.206601
vt 0.905769 0.207589
vt 0.909015 0.208232
vt 0.906528 0.209058
vt 0.909285 0.209863
vt 0.907286 0.210527
vt 0.909554 0.211493
vt 0.908045 0.211995
vt 0.909824 0.213123
vt 0.908804 0.213463
vt 0.912865 0.200038
vt 0.912620 0.201673
vt 0.912374 0.203309
vt 0.912128 0.204943
vt 0.911882 0.206578
vt 0.911636 0.208213
vt 0.911391 0.209847
vt 0.911145 0.211482
vt 0.910899 0.213115
vt 0.917824 0.201603
vt 0.917086 0.203083
vt 0.916349 0.204563
vt 0.915611 0.206043
vt 0.914873 0.207523
vt 0.914136 0.209002
vt 0.913398 0.210482
vt 0.912661 0.211960
vt 0.911924 0.213439
vt 0.922059 0.204621
vt 0.920901 0.205802
vt 0.919743 0.206982
vt 0.918585 0.208163
vt 0.917428 0.209343
vt 0.916270 0.210524
vt 0.915113 0.211703
vt 0.913956 0.212883
vt 0.912800 0.214063
vt 0.925158 0.208796
vt 0.923693 0.209563
vt 0.922227 0.210329
vt 0.920762 0.211096
vt 0.919297 0.211862
vt 0.917833 0.212628
vt 0.916368 0.213394
vt 0.914904 0.214160
vt 0.913440 0.214926
vt 0.926820 0.213724
vt 0.925189 0.214002
vt 0.923559 0.214280
vt 0.921929 0.214557
vt 0.920299 0.214835
vt 0.918670 0.215113
vt 0.917041 0.215390
vt 0.915412 0.215667
vt 0.913783 0.215944
vt 0.926882 0.218924
vt 0.925245 0.218686
vt 0.923609 0.218448
vt 0.921973 0.218210
vt 0.920337 0.217972
vt 0.918701 0.217734
vt 0.917065 0.217496
vt 0.915430 0.217258
vt 0.913796 0.217019
vt 0.925339 0.223890
vt 0.923856 0.223159
vt 0.922372 0.222428
vt 0.920889 0.221698
vt 0.919406 0.220967
vt 0.917923 0.220237
vt 0.916440 0.219506
vt 0.914958 0.218776
vt 0.913476 0.218046
vt 0.922341 0.228139
vt 0.921155 0.226986
vt 0.919969 0.225834
vt 0.918783 0.224682
vt 0.917597 0.223530
vt 0.916411 0.222378
vt 0.915226 0.221227
vt 0.914041 0.220075
vt 0.912856 0.218924
vt 0.918181 0.231257
vt 0.917407 0.229796
vt 0.916633 0.228334
vt 0.915860 0.226872
vt 0.915086 0.225411
vt 0.914313 0.223950
vt 0.913540 0.222489
vt 0.912767 0.221028
vt 0.911995 0.219567
vt 0.913262 0.232942
vt 0.912976 0.231313
vt 0.912690 0.229685
vt 0.912404 0.228056
vt 0.912118 0.226427
vt 0.911833 0.224799
vt 0.911547 0.223171
vt 0.911262 0.221543
vt 0.910977 0.219915
vt 0.908063 0.233031
vt 0.908293 0.231393
vt 0.908523 0.229755
vt 0.908753 0.228117
vt 0.908982 0.226480
vt 0.909212 0.224842
vt 0.909442 0.223205
vt 0.909672 0.221568
vt 0.909902 0.219932
vt 0.903091 0.231514
vt 0.903814 0.230027
vt 0.904537 0.228539
vt 0.905260 0.227052
vt 0.905982 0.225564
vt 0.906705 0.224077
vt 0.907428 0.222590
vt 0.908151 0.221102
vt 0.908874 0.219616
vt 0.898828 0.228542
vt 0.899974 0.227349
vt 0.901119 0.226156
vt 0.902265 0.224963
vt 0.903410 0.223770
vt 0.904556 0.222577
vt 0.905701 0.221384
vt 0.906847 0.220191
vt 0.907993 0.218999
vt 0.895524 0.224093
vt 0.896998 0.223343
vt 0.898472 0.222594
vt 0.899947 0.221845
vt 0.901421 0.221095
vt 0.902896 0.220345
vt 0.904370 0.219596
vt 0.905845 0.218846
vt 0.907319 0.218095
vt 0.893919 0.219151
vt 0.895552 0.218892
vt 0.897185 0.218632
vt 0.898819 0.218372
vt 0.900452 0.218113
vt 0.902085 0.217853
vt 0.903719 0.217593
vt 0.905351 0.217333
vt 0.906985 0.217073
vt 0.893911 0.213955
vt 0.895545 0.214210
vt 0.897179 0.214466
vt 0.898813 0.214721
vt 0.900447 0.214976
vt 0.902081 0.215232
vt 0.903715 0.215487
vt 0.905348 0.215742
vt 0.906982 0.215997
vt 0.895504 0.209007
vt 0.896980 0.209753
vt 0.898456 0.210499
vt 0.899932 0.211245
vt 0.901408 0.211991
vt 0.902884 0.212737
vt 0.904359 0.213482
vt 0.905834 0.214228
vt 0.907310 0.214973
vt 0.898542 0.204790
vt 0.899717 0.205954
vt 0.900892 0.207118
vt 0.902066 0.208282
vt 0.903241 0.209446
vt 0.904415 0.210610
vt 0.905589 0.211773
vt 0.906764 0.212937
vt 0.907938 0.214100
vt 0.851469 0.339607
vt 0.852084 0.339356
vt 0.852570 0.341425
vt 0.852746 0.339307
vt 0.853391 0.339465
vt 0.853956 0.339814
vt 0.854385 0.340320
vt 0.854638 0.340934
vt 0.854688 0.341596
vt 0.854532 0.342242
vt 0.854184 0.342807
vt 0.853679 0.343238
vt 0.853065 0.343492
vt 0.852403 0.343544
vt 0.851757 0.343388
vt 0.851177 0.343032
vt 0.850749 0.342523
vt 0.850499 0.341907
vt 0.850452 0.341245
vt 0.850611 0.340600
vt 0.850962 0.340035
vt 0.838658 0.271267
vt 0.844940 0.268751
vt 0.847615 0.320302
vt 0.841342 0.322860
vt 0.851691 0.268285
vt 0.854371 0.319804
vt 0.858260 0.269915
vt 0.860951 0.321414
vt 0.864010 0.273482
vt 0.866715 0.324975
vt 0.868388 0.278643
vt 0.871099 0.330140
vt 0.870970 0.284899
vt 0.873676 0.336405
vt 0.871506 0.291645
vt 0.874196 0.343160
vt 0.869945 0.298230
vt 0.872607 0.349746
vt 0.866437 0.304018
vt 0.869065 0.355520
vt 0.861322 0.308449
vt 0.863915 0.359920
vt 0.855094 0.311095
vt 0.857659 0.362518
vt 0.848354 0.311702
vt 0.850908 0.363062
vt 0.841753 0.310210
vt 0.844319 0.361498
vt 0.835929 0.306763
vt 0.838298 0.357779
vt 0.830972 0.300919
vt 0.833955 0.352585
vt 0.828521 0.294611
vt 0.831424 0.346304
vt 0.828126 0.287855
vt 0.830951 0.339549
vt 0.829824 0.281304
vt 0.832584 0.332976
vt 0.833451 0.275591
vt 0.836163 0.327226
vt 0.870288 0.267569
vt 0.831074 0.273498
vt 0.870622 0.267092
vt 0.865229 0.263739
vt 0.871220 0.266239
vt 0.871006 0.266544
vt 0.865551 0.263152
vt 0.865730 0.262826
vt 0.875231 0.271453
vt 0.875616 0.271015
vt 0.876058 0.270513
vt 0.876303 0.270233
vt 0.879720 0.275855
vt 0.880150 0.275462
vt 0.880644 0.275010
vt 0.880919 0.274759
vt 0.883700 0.280721
vt 0.884171 0.280377
vt 0.884711 0.279983
vt 0.885012 0.279763
vt 0.887124 0.285994
vt 0.887629 0.285704
vt 0.888210 0.285371
vt 0.888532 0.285185
vt 0.889950 0.291610
vt 0.890484 0.291377
vt 0.891097 0.291110
vt 0.891438 0.290961
vt 0.892144 0.297501
vt 0.892700 0.297328
vt 0.893339 0.297130
vt 0.893695 0.297019
vt 0.893680 0.303598
vt 0.894252 0.303486
vt 0.894909 0.303358
vt 0.895274 0.303288
vt 0.894540 0.309825
vt 0.895121 0.309777
vt 0.895788 0.309722
vt 0.896159 0.309692
vt 0.894713 0.316110
vt 0.895296 0.316125
vt 0.895965 0.316144
vt 0.896337 0.316154
vt 0.894198 0.322375
vt 0.894775 0.322455
vt 0.895438 0.322546
vt 0.895806 0.322597
vt 0.892999 0.328547
vt 0.893564 0.328689
vt 0.894213 0.328852
vt 0.894574 0.328943
vt 0.891133 0.334550
vt 0.891679 0.334753
vt 0.892306 0.334987
vt 0.892654 0.335116
vt 0.888620 0.340313
vt 0.889141 0.340575
vt 0.889738 0.340875
vt 0.890070 0.341042
vt 0.834701 0.257258
vt 0.834656 0.256677
vt 0.834628 0.256008
vt 0.886854 0.346643
vt 0.840977 0.257302
vt 0.841013 0.256721
vt 0.841055 0.256053
vt 0.841079 0.255682
vt 0.847220 0.258040
vt 0.847320 0.257466
vt 0.847435 0.256807
vt 0.847499 0.256440
vt 0.853346 0.259456
vt 0.853508 0.258896
vt 0.853694 0.258254
vt 0.853797 0.257896
vt 0.859279 0.261535
vt 0.859501 0.260996
vt 0.859757 0.260378
vt 0.859899 0.260034
vt 0.848062 0.322209
vt 0.842355 0.324535
vt 0.848509 0.324114
vt 0.843368 0.326210
vt 0.848956 0.326020
vt 0.844381 0.327885
vt 0.849403 0.327926
vt 0.845394 0.329560
vt 0.849850 0.329832
vt 0.846407 0.331235
vt 0.850297 0.331737
vt 0.847419 0.332910
vt 0.850744 0.333642
vt 0.848432 0.334585
vt 0.851190 0.335547
vt 0.849444 0.336259
vt 0.851637 0.337452
vt 0.850457 0.337933
vt 0.854208 0.321755
vt 0.854046 0.323706
vt 0.853883 0.325657
vt 0.853721 0.327608
vt 0.853558 0.329558
vt 0.853396 0.331509
vt 0.853233 0.333459
vt 0.853071 0.335408
vt 0.852908 0.337358
vt 0.860195 0.323220
vt 0.859439 0.325025
vt 0.858683 0.326831
vt 0.857926 0.328637
vt 0.857170 0.330442
vt 0.856414 0.332247
vt 0.855658 0.334052
vt 0.854902 0.335856
vt 0.854147 0.337661
vt 0.865438 0.326459
vt 0.864162 0.327944
vt 0.862886 0.329428
vt 0.861610 0.330913
vt 0.860334 0.332397
vt 0.859058 0.333881
vt 0.857782 0.335364
vt 0.856507 0.336848
vt 0.855231 0.338331
vt 0.869427 0.331158
vt 0.867755 0.332177
vt 0.866083 0.333195
vt 0.864411 0.334214
vt 0.862740 0.335232
vt 0.861069 0.336250
vt 0.859397 0.337268
vt 0.857726 0.338285
vt 0.856056 0.339303
vt 0.871772 0.336858
vt 0.869867 0.337312
vt 0.867963 0.337765
vt 0.866059 0.338218
vt 0.864154 0.338671
vt 0.862251 0.339124
vt 0.860347 0.339577
vt 0.858443 0.340030
vt 0.856541 0.340482
vt 0.872244 0.343004
vt 0.870293 0.342847
vt 0.868342 0.342691
vt 0.866390 0.342535
vt 0.864439 0.342379
vt 0.862488 0.342222
vt 0.860538 0.342066
vt 0.858588 0.341910
vt 0.856638 0.341753
vt 0.870799 0.348995
vt 0.868990 0.348245
vt 0.867182 0.347494
vt 0.865374 0.346744
vt 0.863567 0.345993
vt 0.861759 0.345243
vt 0.859952 0.344493
vt 0.858145 0.343743
vt 0.856338 0.342992
vt 0.867576 0.354248
vt 0.866087 0.352977
vt 0.864599 0.351706
vt 0.863110 0.350434
vt 0.861622 0.349163
vt 0.860134 0.347892
vt 0.858646 0.346621
vt 0.857158 0.345350
vt 0.855671 0.344079
vt 0.862891 0.358252
vt 0.861866 0.356583
vt 0.860842 0.354915
vt 0.859818 0.353246
vt 0.858794 0.351578
vt 0.857771 0.349910
vt 0.856747 0.348242
vt 0.855724 0.346574
vt 0.854701 0.344906
vt 0.857199 0.360615
vt 0.856740 0.358712
vt 0.856280 0.356809
vt 0.855820 0.354907
vt 0.855360 0.353004
vt 0.854900 0.351101
vt 0.854441 0.349199
vt 0.853982 0.347296
vt 0.853523 0.345394
vt 0.851057 0.361110
vt 0.851206 0.359157
vt 0.851355 0.357205
vt 0.851505 0.355253
vt 0.851654 0.353302
vt 0.851803 0.351350
vt 0.851952 0.349398
vt 0.852102 0.347446
vt 0.852252 0.345495
vt 0.845062 0.359687
vt 0.845806 0.357875
vt 0.846549 0.356065
vt 0.847293 0.354253
vt 0.848036 0.352442
vt 0.848780 0.350631
vt 0.849523 0.348820
vt 0.850267 0.347009
vt 0.851011 0.345199
vt 0.839586 0.356305
vt 0.840874 0.354831
vt 0.842162 0.353356
vt 0.843450 0.351882
vt 0.844738 0.350407
vt 0.846026 0.348933
vt 0.847314 0.347458
vt 0.848602 0.345983
vt 0.849890 0.344508
vt 0.835635 0.351579
vt 0.837314 0.350573
vt 0.838994 0.349567
vt 0.840673 0.348561
vt 0.842353 0.347555
vt 0.844033 0.346549
vt 0.845712 0.345543
vt 0.847391 0.344537
vt 0.849070 0.343531
vt 0.833332 0.345865
vt 0.835240 0.345425
vt 0.837148 0.344986
vt 0.839055 0.344546
vt 0.840963 0.344107
vt 0.842870 0.343667
vt 0.844778 0.343228
vt 0.846685 0.342788
vt 0.848593 0.342348
vt 0.832902 0.339719
vt 0.834852 0.339888
vt 0.836803 0.340058
vt 0.838753 0.340228
vt 0.840703 0.340398
vt 0.842653 0.340567
vt 0.844603 0.340737
vt 0.846553 0.340907
vt 0.848502 0.341076
vt 0.834387 0.333739
vt 0.836190 0.334501
vt 0.837993 0.335264
vt 0.839796 0.336027
vt 0.841599 0.336789
vt 0.843402 0.337552
vt 0.845204 0.338314
vt 0.847007 0.339076
vt 0.848809 0.339838
vt 0.837644 0.328507
vt 0.839124 0.329789
vt 0.840604 0.331070
vt 0.842084 0.332351
vt 0.843564 0.333633
vt 0.845044 0.334913
vt 0.846523 0.336194
vt 0.848003 0.337475
vt 0.849482 0.338756
vt 0.472976 0.473862
vt 0.467802 0.436987
vt 0.472475 0.436923
vt 0.472912 0.469189
vt 0.478029 0.436848
vt 0.478467 0.469114
vt 0.477966 0.432175
vt 0.483140 0.469051
vt 0.781999 0.358789
vt 0.782633 0.358519
vt 0.783169 0.360656
vt 0.783319 0.358458
vt 0.783990 0.358611
vt 0.784581 0.358964
vt 0.785034 0.359482
vt 0.785306 0.360115
vt 0.785369 0.360801
vt 0.785217 0.361472
vt 0.784865 0.362064
vt 0.784348 0.362519
vt 0.783715 0.362792
vt 0.783029 0.362856
vt 0.782357 0.362705
vt 0.781750 0.362345
vt 0.781299 0.361824
vt 0.781030 0.361189
vt 0.780970 0.360503
vt 0.781125 0.359832
vt 0.781480 0.359241
vt 0.773834 0.290664
vt 0.780273 0.287873
vt 0.777700 0.338833
vt 0.771236 0.341583
vt 0.787257 0.287194
vt 0.784697 0.338211
vt 0.794112 0.288692
vt 0.791545 0.339776
vt 0.800176 0.292222
vt 0.797577 0.343378
vt 0.804864 0.297444
vt 0.802204 0.348664
vt 0.807722 0.303853
vt 0.804975 0.355120
vt 0.808474 0.310829
vt 0.805620 0.362116
vt 0.807047 0.317700
vt 0.804076 0.368969
vt 0.803581 0.323801
vt 0.800494 0.375012
vt 0.798408 0.328543
vt 0.795223 0.379656
vt 0.792029 0.331467
vt 0.788778 0.382448
vt 0.785061 0.332292
vt 0.781786 0.383117
vt 0.778176 0.330937
vt 0.774930 0.381599
vt 0.772039 0.327534
vt 0.768628 0.377838
vt 0.766731 0.321622
vt 0.764044 0.372520
vt 0.764008 0.315154
vt 0.761321 0.366048
vt 0.763401 0.308164
vt 0.760724 0.359051
vt 0.764971 0.301324
vt 0.762314 0.352210
vt 0.768564 0.295297
vt 0.765935 0.346192
vt 0.795825 0.273512
vt 0.766039 0.293197
vt 0.796113 0.272994
vt 0.790302 0.270175
vt 0.796626 0.272068
vt 0.796443 0.272399
vt 0.790565 0.269548
vt 0.790711 0.269199
vt 0.801238 0.276915
vt 0.801580 0.276432
vt 0.801973 0.275876
vt 0.802192 0.275568
vt 0.806245 0.280890
vt 0.806638 0.280447
vt 0.807090 0.279938
vt 0.807341 0.279655
vt 0.810788 0.285389
vt 0.811227 0.284992
vt 0.811732 0.284535
vt 0.812012 0.284282
vt 0.814810 0.290359
vt 0.815291 0.290012
vt 0.815842 0.289613
vt 0.816149 0.289392
vt 0.818265 0.295739
vt 0.818780 0.295446
vt 0.819372 0.295110
vt 0.819701 0.294924
vt 0.821110 0.301464
vt 0.821654 0.301230
vt 0.822279 0.300961
vt 0.822627 0.300811
vt 0.823311 0.307467
vt 0.823878 0.307293
vt 0.824528 0.307094
vt 0.824890 0.306984
vt 0.824842 0.313674
vt 0.825425 0.313564
vt 0.826093 0.313437
vt 0.826465 0.313367
vt 0.825685 0.320012
vt 0.826276 0.319966
vt 0.826954 0.319913
vt 0.827331 0.319884
vt 0.825829 0.326403
vt 0.826421 0.326422
vt 0.827101 0.326445
vt 0.827479 0.326457
vt 0.825272 0.332773
vt 0.825859 0.332856
vt 0.826532 0.332953
vt 0.826907 0.333006
vt 0.824022 0.339042
vt 0.824596 0.339190
vt 0.825255 0.339359
vt 0.825621 0.339454
vt 0.822093 0.345138
vt 0.822647 0.345347
vt 0.823283 0.345588
vt 0.823637 0.345722
vt 0.758737 0.266864
vt 0.758630 0.266280
vt 0.758531 0.265606
vt 0.820979 0.351728
vt 0.765090 0.266241
vt 0.765065 0.265650
vt 0.765036 0.264970
vt 0.765021 0.264592
vt 0.771483 0.266324
vt 0.771523 0.265733
vt 0.771569 0.265054
vt 0.771594 0.264677
vt 0.777828 0.267106
vt 0.777932 0.266523
vt 0.778053 0.265853
vt 0.778119 0.265481
vt 0.784050 0.268578
vt 0.784217 0.268010
vt 0.784410 0.267357
vt 0.784517 0.266994
vt 0.778193 0.340803
vt 0.772313 0.343304
vt 0.778687 0.342772
vt 0.773389 0.345026
vt 0.779180 0.344741
vt 0.774466 0.346747
vt 0.779674 0.346710
vt 0.775542 0.348468
vt 0.780167 0.348679
vt 0.776619 0.350188
vt 0.780660 0.350647
vt 0.777695 0.351909
vt 0.781153 0.352616
vt 0.778771 0.353630
vt 0.781647 0.354584
vt 0.779847 0.355349
vt 0.782140 0.356551
vt 0.780923 0.357069
vt 0.784559 0.340236
vt 0.784421 0.342262
vt 0.784283 0.344287
vt 0.784146 0.346312
vt 0.784008 0.348337
vt 0.783870 0.350362
vt 0.783732 0.352386
vt 0.783594 0.354411
vt 0.783457 0.356434
vt 0.790789 0.341661
vt 0.790034 0.343545
vt 0.789278 0.345429
vt 0.788522 0.347313
vt 0.787767 0.349197
vt 0.787011 0.351080
vt 0.786256 0.352963
vt 0.785500 0.354846
vt 0.784745 0.356729
vt 0.796277 0.344937
vt 0.794977 0.346497
vt 0.793677 0.348056
vt 0.792377 0.349615
vt 0.791078 0.351174
vt 0.789778 0.352732
vt 0.788478 0.354291
vt 0.787179 0.355849
vt 0.785880 0.357406
vt 0.800487 0.349747
vt 0.798769 0.350829
vt 0.797052 0.351911
vt 0.795334 0.352993
vt 0.793617 0.354075
vt 0.791900 0.355157
vt 0.790183 0.356239
vt 0.788467 0.357320
vt 0.786750 0.358402
vt 0.803007 0.355620
vt 0.801040 0.356120
vt 0.799072 0.356620
vt 0.797105 0.357119
vt 0.795138 0.357619
vt 0.793171 0.358119
vt 0.791204 0.358618
vt 0.789238 0.359117
vt 0.787272 0.359616
vt 0.803594 0.361984
vt 0.801568 0.361853
vt 0.799542 0.361722
vt 0.797517 0.361590
vt 0.795491 0.361459
vt 0.793466 0.361327
vt 0.791441 0.361196
vt 0.789417 0.361064
vt 0.787392 0.360933
vt 0.802189 0.368219
vt 0.800303 0.367470
vt 0.798416 0.366720
vt 0.796530 0.365970
vt 0.794643 0.365221
vt 0.792757 0.364471
vt 0.790872 0.363722
vt 0.788986 0.362972
vt 0.787101 0.362222
vt 0.798930 0.373717
vt 0.797366 0.372422
vt 0.795803 0.371127
vt 0.794240 0.369832
vt 0.792677 0.368538
vt 0.791114 0.367243
vt 0.789551 0.365948
vt 0.787988 0.364654
vt 0.786426 0.363359
vt 0.794135 0.377942
vt 0.793047 0.376228
vt 0.791959 0.374514
vt 0.790871 0.372800
vt 0.789783 0.371086
vt 0.788695 0.369373
vt 0.787608 0.367659
vt 0.786520 0.365946
vt 0.785434 0.364232
vt 0.788271 0.380482
vt 0.787764 0.378516
vt 0.787258 0.376550
vt 0.786751 0.374584
vt 0.786244 0.372619
vt 0.785738 0.370653
vt 0.785232 0.368687
vt 0.784725 0.366722
vt 0.784220 0.364757
vt 0.781910 0.381091
vt 0.782034 0.379064
vt 0.782158 0.377038
vt 0.782282 0.375012
vt 0.782406 0.372985
vt 0.782530 0.370959
vt 0.782654 0.368933
vt 0.782779 0.366907
vt 0.782903 0.364882
vt 0.775672 0.379710
vt 0.776415 0.377820
vt 0.777157 0.375931
vt 0.777899 0.374041
vt 0.778642 0.372151
vt 0.779384 0.370262
vt 0.780127 0.368372
vt 0.780869 0.366483
vt 0.781613 0.364594
vt 0.769940 0.376289
vt 0.771253 0.374740
vt 0.772565 0.373191
vt 0.773877 0.371642
vt 0.775190 0.370093
vt 0.776502 0.368544
vt 0.777814 0.366995
vt 0.779127 0.365445
vt 0.780439 0.363896
vt 0.765769 0.371451
vt 0.767495 0.370381
vt 0.769221 0.369312
vt 0.770946 0.368242
vt 0.772672 0.367173
vt 0.774398 0.366104
vt 0.776123 0.365034
vt 0.777849 0.363965
vt 0.779574 0.362895
vt 0.763292 0.365562
vt 0.765263 0.365077
vt 0.767234 0.364591
vt 0.769205 0.364105
vt 0.771177 0.363620
vt 0.773148 0.363134
vt 0.775119 0.362648
vt 0.777089 0.362162
vt 0.779060 0.361676
vt 0.762749 0.359196
vt 0.764774 0.359342
vt 0.766799 0.359487
vt 0.768824 0.359632
vt 0.770849 0.359778
vt 0.772874 0.359923
vt 0.774898 0.360069
vt 0.776922 0.360214
vt 0.778946 0.360359
vt 0.764196 0.352973
vt 0.766077 0.353735
vt 0.767959 0.354497
vt 0.769840 0.355260
vt 0.771721 0.356022
vt 0.773602 0.356784
vt 0.775483 0.357547
vt 0.777364 0.358309
vt 0.779245 0.359071
vt 0.767490 0.347498
vt 0.769045 0.348803
vt 0.770600 0.350108
vt 0.772155 0.351413
vt 0.773709 0.352718
vt 0.775263 0.354024
vt 0.776818 0.355328
vt 0.778372 0.356633
vt 0.779926 0.357937
vt 0.779989 0.492100
vt 0.780586 0.491829
vt 0.781146 0.493850
vt 0.781237 0.491755
vt 0.781879 0.491885
vt 0.782450 0.492207
vt 0.782893 0.492690
vt 0.783166 0.493285
vt 0.783242 0.493937
vt 0.783113 0.494579
vt 0.782792 0.495151
vt 0.782311 0.495595
vt 0.781715 0.495870
vt 0.781064 0.495947
vt 0.780421 0.495819
vt 0.779835 0.495490
vt 0.779393 0.495005
vt 0.779123 0.494407
vt 0.779050 0.493755
vt 0.779182 0.493113
vt 0.779505 0.492543
vt 0.764450 0.434680
vt 0.769055 0.430066
vt 0.775433 0.473210
vt 0.769345 0.475978
vt 0.774854 0.427088
vt 0.782077 0.472455
vt 0.781288 0.426035
vt 0.788630 0.473785
vt 0.787735 0.427007
vt 0.794454 0.477072
vt 0.793571 0.429912
vt 0.798981 0.481995
vt 0.798234 0.434469
vt 0.801768 0.488074
vt 0.801272 0.440237
vt 0.802544 0.494716
vt 0.802392 0.446660
vt 0.801235 0.501274
vt 0.801487 0.453116
vt 0.797966 0.507108
vt 0.798643 0.458982
vt 0.793059 0.511649
vt 0.794135 0.463692
vt 0.786990 0.514457
vt 0.788399 0.466790
vt 0.780353 0.515256
vt 0.781988 0.467977
vt 0.773793 0.513972
vt 0.775523 0.467139
vt 0.767709 0.510540
vt 0.768914 0.463850
vt 0.763222 0.505586
vt 0.764348 0.459197
vt 0.760480 0.499490
vt 0.761431 0.453367
vt 0.759750 0.492845
vt 0.760444 0.446922
vt 0.761103 0.486299
vt 0.761484 0.440486
vt 0.764409 0.480487
vt 0.800913 0.414552
vt 0.758585 0.439538
vt 0.801402 0.414059
vt 0.795744 0.409033
vt 0.802275 0.413178
vt 0.801963 0.413493
vt 0.796240 0.408409
vt 0.796516 0.408062
vt 0.805935 0.420111
vt 0.806475 0.419674
vt 0.807095 0.419173
vt 0.807440 0.418894
vt 0.810318 0.426186
vt 0.810903 0.425811
vt 0.811574 0.425380
vt 0.811947 0.425141
vt 0.814011 0.432704
vt 0.814633 0.432395
vt 0.815347 0.432041
vt 0.815744 0.431844
vt 0.816967 0.439587
vt 0.817620 0.439348
vt 0.818368 0.439074
vt 0.818785 0.438921
vt 0.819153 0.446752
vt 0.819827 0.446586
vt 0.820601 0.446396
vt 0.821032 0.446290
vt 0.820542 0.454113
vt 0.821230 0.454022
vt 0.822020 0.453918
vt 0.822460 0.453860
vt 0.821116 0.461583
vt 0.821810 0.461567
vt 0.822607 0.461550
vt 0.823050 0.461540
vt 0.820869 0.469070
vt 0.821561 0.469131
vt 0.822355 0.469200
vt 0.822797 0.469239
vt 0.819805 0.476485
vt 0.820486 0.476621
vt 0.821267 0.476778
vt 0.821702 0.476865
vt 0.817935 0.483739
vt 0.818597 0.483949
vt 0.819357 0.484190
vt 0.819779 0.484324
vt 0.815282 0.490745
vt 0.815917 0.491026
vt 0.816646 0.491349
vt 0.817052 0.491528
vt 0.811879 0.497419
vt 0.812479 0.497767
vt 0.813169 0.498168
vt 0.813552 0.498391
vt 0.807766 0.503680
vt 0.808324 0.504092
vt 0.808965 0.504565
vt 0.809322 0.504829
vt 0.761200 0.395264
vt 0.761265 0.394572
vt 0.761367 0.393780
vt 0.804415 0.510758
vt 0.768562 0.396581
vt 0.768722 0.395906
vt 0.768906 0.395131
vt 0.769008 0.394699
vt 0.775745 0.398707
vt 0.775978 0.398053
vt 0.776246 0.397302
vt 0.776395 0.396885
vt 0.782653 0.401606
vt 0.782956 0.400982
vt 0.783304 0.400265
vt 0.783498 0.399866
vt 0.789201 0.405244
vt 0.789571 0.404656
vt 0.789996 0.403982
vt 0.790232 0.403607
vt 0.775948 0.475073
vt 0.770410 0.477591
vt 0.776464 0.476935
vt 0.771475 0.479203
vt 0.776979 0.478798
vt 0.772540 0.480816
vt 0.777495 0.480660
vt 0.773604 0.482428
vt 0.778010 0.482522
vt 0.774669 0.484041
vt 0.778525 0.484384
vt 0.775733 0.485654
vt 0.779040 0.486246
vt 0.776797 0.487266
vt 0.779556 0.488107
vt 0.777861 0.488878
vt 0.780071 0.489968
vt 0.778925 0.490489
vt 0.781993 0.474385
vt 0.781909 0.476316
vt 0.781825 0.478247
vt 0.781741 0.480177
vt 0.781657 0.482107
vt 0.781573 0.484038
vt 0.781489 0.485967
vt 0.781405 0.487897
vt 0.781321 0.489826
vt 0.787955 0.475596
vt 0.787280 0.477407
vt 0.786605 0.479217
vt 0.785929 0.481027
vt 0.785254 0.482838
vt 0.784579 0.484648
vt 0.783904 0.486457
vt 0.783229 0.488267
vt 0.782554 0.490076
vt 0.793253 0.478586
vt 0.792053 0.480101
vt 0.790852 0.481614
vt 0.789651 0.483128
vt 0.788451 0.484642
vt 0.787250 0.486155
vt 0.786050 0.487669
vt 0.784850 0.489182
vt 0.783650 0.490695
vt 0.797371 0.483065
vt 0.795762 0.484135
vt 0.794153 0.485205
vt 0.792544 0.486275
vt 0.790935 0.487344
vt 0.789326 0.488414
vt 0.787718 0.489483
vt 0.786109 0.490552
vt 0.784501 0.491621
vt 0.799907 0.488595
vt 0.798046 0.489117
vt 0.796186 0.489638
vt 0.794325 0.490160
vt 0.792465 0.490681
vt 0.790605 0.491202
vt 0.788745 0.491723
vt 0.786885 0.492244
vt 0.785026 0.492765
vt 0.800613 0.494638
vt 0.798682 0.494560
vt 0.796752 0.494482
vt 0.794821 0.494405
vt 0.792891 0.494327
vt 0.790960 0.494249
vt 0.789030 0.494171
vt 0.787101 0.494093
vt 0.785171 0.494015
vt 0.799422 0.500604
vt 0.797609 0.499934
vt 0.795796 0.499265
vt 0.793984 0.498596
vt 0.792171 0.497926
vt 0.790359 0.497257
vt 0.788547 0.496588
vt 0.786735 0.495918
vt 0.784924 0.495249
vt 0.796448 0.505912
vt 0.794930 0.504716
vt 0.793412 0.503520
vt 0.791895 0.502324
vt 0.790377 0.501129
vt 0.788859 0.499933
vt 0.787342 0.498737
vt 0.785825 0.497542
vt 0.784308 0.496346
vt 0.791984 0.510044
vt 0.790908 0.508438
vt 0.789833 0.506832
vt 0.788758 0.505227
vt 0.787683 0.503621
vt 0.786608 0.502016
vt 0.785533 0.500411
vt 0.784458 0.498806
vt 0.783384 0.497200
vt 0.786463 0.512598
vt 0.785935 0.510739
vt 0.785407 0.508880
vt 0.784879 0.507021
vt 0.784351 0.505162
vt 0.783823 0.503303
vt 0.783296 0.501445
vt 0.782768 0.499586
vt 0.782241 0.497728
vt 0.780424 0.513325
vt 0.780495 0.511394
vt 0.780565 0.509463
vt 0.780636 0.507531
vt 0.780707 0.505600
vt 0.780778 0.503669
vt 0.780849 0.501738
vt 0.780920 0.499807
vt 0.780991 0.497877
vt 0.774455 0.512156
vt 0.775118 0.510341
vt 0.775780 0.508525
vt 0.776443 0.506710
vt 0.777105 0.504894
vt 0.777768 0.503079
vt 0.778430 0.501264
vt 0.779093 0.499448
vt 0.779756 0.497633
vt 0.768921 0.509035
vt 0.770134 0.507530
vt 0.771347 0.506025
vt 0.772559 0.504521
vt 0.773772 0.503016
vt 0.774985 0.501511
vt 0.776198 0.500006
vt 0.777410 0.498502
vt 0.778623 0.496997
vt 0.764839 0.504528
vt 0.766457 0.503470
vt 0.768074 0.502412
vt 0.769691 0.501354
vt 0.771308 0.500296
vt 0.772926 0.499238
vt 0.774543 0.498180
vt 0.776160 0.497122
vt 0.777777 0.496064
vt 0.762345 0.498982
vt 0.764209 0.498474
vt 0.766074 0.497965
vt 0.767938 0.497457
vt 0.769803 0.496949
vt 0.771667 0.496441
vt 0.773531 0.495933
vt 0.775395 0.495425
vt 0.777259 0.494917
vt 0.761680 0.492936
vt 0.763611 0.493028
vt 0.765541 0.493119
vt 0.767471 0.493210
vt 0.769401 0.493301
vt 0.771331 0.493392
vt 0.773261 0.493484
vt 0.775191 0.493575
vt 0.777121 0.493665
vt 0.762911 0.486980
vt 0.764720 0.487662
vt 0.766528 0.488344
vt 0.768336 0.489025
vt 0.770144 0.489707
vt 0.771952 0.490388
vt 0.773760 0.491070
vt 0.775567 0.491751
vt 0.777375 0.492433
vt 0.765919 0.481693
vt 0.767429 0.482899
vt 0.768939 0.484105
vt 0.770449 0.485311
vt 0.771959 0.486517
vt 0.773468 0.487722
vt 0.774978 0.488928
vt 0.776487 0.490133
vt 0.777996 0.491338
vt 0.677552 0.514247
vt 0.662857 0.514135
vt 0.658415 0.514101
vt 0.677586 0.509805
vt 0.681583 0.568354
vt 0.662413 0.572651
vt 0.662447 0.568209
vt 0.677142 0.568321
vt 0.291221 0.441349
vt 0.310333 0.429144
vt 0.313336 0.429146
vt 0.291164 0.444454
vt 0.316338 0.429148
vt 0.290150 0.447390
vt 0.319341 0.429150
vt 0.288278 0.449869
vt 0.322343 0.429152
vt 0.285732 0.451648
vt 0.325345 0.429154
vt 0.282761 0.452554
vt 0.328348 0.429156
vt 0.279655 0.452496
vt 0.331350 0.429158
vt 0.276719 0.451482
vt 0.274305 0.429121
vt 0.274240 0.449611
vt 0.277307 0.429123
vt 0.272461 0.447065
vt 0.280310 0.429125
vt 0.271556 0.444093
vt 0.283312 0.429127
vt 0.271613 0.440988
vt 0.286315 0.429129
vt 0.272627 0.438052
vt 0.289317 0.429131
vt 0.274499 0.435573
vt 0.292319 0.429133
vt 0.277045 0.433794
vt 0.295322 0.429135
vt 0.280016 0.432889
vt 0.298324 0.429137
vt 0.283122 0.432946
vt 0.301326 0.429139
vt 0.286058 0.433960
vt 0.304329 0.429141
vt 0.288536 0.435832
vt 0.307331 0.429143
vt 0.290316 0.438378
vt 0.281388 0.442721
vt 0.081318 0.029910
vt 0.065587 0.029617
vt 0.060833 0.029529
vt 0.081406 0.025155
vt 0.084997 0.087881
vt 0.064424 0.092255
vt 0.064512 0.087501
vt 0.080243 0.087793
vt 0.836352 0.608055
vt 0.836872 0.607827
vt 0.837331 0.609585
vt 0.837436 0.607771
vt 0.837991 0.607892
vt 0.838481 0.608178
vt 0.838859 0.608601
vt 0.839088 0.609121
vt 0.839145 0.609685
vt 0.839026 0.610240
vt 0.838741 0.610731
vt 0.838318 0.611110
vt 0.837799 0.611340
vt 0.837234 0.611399
vt 0.836679 0.611280
vt 0.836176 0.610988
vt 0.835800 0.610563
vt 0.835573 0.610042
vt 0.835518 0.609476
vt 0.835640 0.608922
vt 0.835928 0.608432
vt 0.837057 0.549739
vt 0.842898 0.547040
vt 0.832641 0.591644
vt 0.827336 0.593965
vt 0.849286 0.546264
vt 0.838402 0.591073
vt 0.855603 0.547487
vt 0.844060 0.592305
vt 0.861239 0.550591
vt 0.849061 0.595223
vt 0.865650 0.555275
vt 0.852919 0.599541
vt 0.868411 0.561087
vt 0.855257 0.604839
vt 0.869253 0.567466
vt 0.855847 0.610599
vt 0.868095 0.573796
vt 0.854632 0.616260
vt 0.865051 0.579464
vt 0.851730 0.621271
vt 0.860413 0.583924
vt 0.847425 0.625142
vt 0.854629 0.586745
vt 0.842136 0.627497
vt 0.848260 0.587653
vt 0.836380 0.628108
vt 0.841918 0.586562
vt 0.830716 0.626914
vt 0.836218 0.583577
vt 0.825491 0.623867
vt 0.831223 0.578273
vt 0.821668 0.619523
vt 0.828585 0.572404
vt 0.819370 0.614211
vt 0.827876 0.566009
vt 0.818820 0.608450
vt 0.829165 0.559705
vt 0.820072 0.602799
vt 0.832327 0.554101
vt 0.823006 0.597808
vt 0.849194 0.533201
vt 0.829967 0.552232
vt 0.849537 0.532603
vt 0.842825 0.529226
vt 0.850150 0.531534
vt 0.849931 0.531916
vt 0.843141 0.528500
vt 0.843317 0.528097
vt 0.855433 0.537251
vt 0.855840 0.536694
vt 0.856306 0.536055
vt 0.856566 0.535699
vt 0.861191 0.541959
vt 0.861656 0.541450
vt 0.862190 0.540866
vt 0.862487 0.540541
vt 0.866400 0.547270
vt 0.866918 0.546815
vt 0.867513 0.546292
vt 0.867843 0.546002
vt 0.870996 0.553119
vt 0.871560 0.552723
vt 0.872209 0.552269
vt 0.872569 0.552016
vt 0.874924 0.559435
vt 0.875529 0.559103
vt 0.876223 0.558723
vt 0.876609 0.558511
vt 0.878137 0.566144
vt 0.878774 0.565880
vt 0.879506 0.565578
vt 0.879913 0.565410
vt 0.880597 0.573164
vt 0.881259 0.572971
vt 0.882019 0.572751
vt 0.882442 0.572628
vt 0.882274 0.580411
vt 0.882953 0.580292
vt 0.883733 0.580156
vt 0.884167 0.580081
vt 0.883147 0.587797
vt 0.883835 0.587754
vt 0.884625 0.587704
vt 0.885065 0.587677
vt 0.883207 0.595235
vt 0.883896 0.595268
vt 0.884686 0.595305
vt 0.885126 0.595325
vt 0.882452 0.602635
vt 0.883133 0.602743
vt 0.883915 0.602866
vt 0.884350 0.602935
vt 0.880892 0.609908
vt 0.881557 0.610089
vt 0.882321 0.610298
vt 0.882746 0.610414
vt 0.878545 0.616967
vt 0.879187 0.617220
vt 0.879922 0.617510
vt 0.880332 0.617672
vt 0.806161 0.524842
vt 0.806046 0.524161
vt 0.805942 0.523376
vt 0.877139 0.624614
vt 0.813561 0.524225
vt 0.813542 0.523536
vt 0.813520 0.522745
vt 0.813508 0.522305
vt 0.820997 0.524429
vt 0.821053 0.523742
vt 0.821118 0.522953
vt 0.821155 0.522514
vt 0.828365 0.525445
vt 0.828497 0.524769
vt 0.828648 0.523992
vt 0.828732 0.523560
vt 0.835578 0.527263
vt 0.835783 0.526604
vt 0.836018 0.525848
vt 0.836149 0.525428
vt 0.833064 0.593263
vt 0.828238 0.595375
vt 0.833487 0.594882
vt 0.829140 0.596784
vt 0.833910 0.596501
vt 0.830042 0.598193
vt 0.834334 0.598120
vt 0.830944 0.599603
vt 0.834757 0.599738
vt 0.831845 0.601012
vt 0.835180 0.601356
vt 0.832747 0.602421
vt 0.835603 0.602975
vt 0.833648 0.603830
vt 0.836026 0.604592
vt 0.834549 0.605239
vt 0.836448 0.606210
vt 0.835450 0.606647
vt 0.838306 0.592743
vt 0.838209 0.594414
vt 0.838112 0.596084
vt 0.838016 0.597754
vt 0.837919 0.599424
vt 0.837823 0.601094
vt 0.837726 0.602764
vt 0.837629 0.604433
vt 0.837533 0.606102
vt 0.843453 0.593865
vt 0.842845 0.595424
vt 0.842238 0.596983
vt 0.841632 0.598542
vt 0.841025 0.600101
vt 0.840418 0.601660
vt 0.839811 0.603218
vt 0.839204 0.604776
vt 0.838597 0.606334
vt 0.848003 0.596519
vt 0.846944 0.597815
vt 0.845886 0.599111
vt 0.844828 0.600407
vt 0.843770 0.601703
vt 0.842712 0.602998
vt 0.841654 0.604294
vt 0.840596 0.605589
vt 0.839538 0.606884
vt 0.851512 0.600448
vt 0.850106 0.601354
vt 0.848700 0.602261
vt 0.847293 0.603167
vt 0.845887 0.604073
vt 0.844481 0.604979
vt 0.843075 0.605885
vt 0.841669 0.606791
vt 0.840264 0.607696
vt 0.853639 0.605267
vt 0.852022 0.605696
vt 0.850404 0.606124
vt 0.848787 0.606552
vt 0.847170 0.606981
vt 0.845553 0.607409
vt 0.843936 0.607837
vt 0.842320 0.608265
vt 0.840704 0.608693
vt 0.854176 0.610508
vt 0.852505 0.610416
vt 0.850835 0.610325
vt 0.849164 0.610234
vt 0.847494 0.610143
vt 0.845823 0.610051
vt 0.844153 0.609960
vt 0.842484 0.609869
vt 0.840814 0.609777
vt 0.853070 0.615658
vt 0.851509 0.615056
vt 0.849948 0.614454
vt 0.848387 0.613852
vt 0.846826 0.613250
vt 0.845266 0.612648
vt 0.843705 0.612046
vt 0.842145 0.611444
vt 0.840585 0.610842
vt 0.850431 0.620216
vt 0.849131 0.619162
vt 0.847832 0.618108
vt 0.846532 0.617054
vt 0.845233 0.616000
vt 0.843934 0.614946
vt 0.842635 0.613892
vt 0.841337 0.612839
vt 0.840038 0.611785
vt 0.846514 0.623738
vt 0.845603 0.622335
vt 0.844692 0.620931
vt 0.843781 0.619528
vt 0.842870 0.618125
vt 0.841959 0.616722
vt 0.841048 0.615319
vt 0.840138 0.613916
vt 0.839228 0.612513
vt 0.841702 0.625881
vt 0.841268 0.624265
vt 0.840834 0.622649
vt 0.840400 0.621033
vt 0.839966 0.619417
vt 0.839532 0.617802
vt 0.839099 0.616186
vt 0.838665 0.614571
vt 0.838232 0.612955
vt 0.836465 0.626436
vt 0.836550 0.624765
vt 0.836636 0.623094
vt 0.836721 0.621423
vt 0.836806 0.619752
vt 0.836891 0.618081
vt 0.836976 0.616410
vt 0.837062 0.614739
vt 0.837148 0.613069
vt 0.831312 0.625350
vt 0.831909 0.623787
vt 0.832504 0.622223
vt 0.833100 0.620660
vt 0.833696 0.619096
vt 0.834292 0.617533
vt 0.834889 0.615969
vt 0.835485 0.614406
vt 0.836082 0.612843
vt 0.826560 0.622580
vt 0.827628 0.621292
vt 0.828697 0.620004
vt 0.829765 0.618716
vt 0.830834 0.617429
vt 0.831903 0.616141
vt 0.832971 0.614853
vt 0.834040 0.613565
vt 0.835108 0.612277
vt 0.823082 0.618627
vt 0.824495 0.617731
vt 0.825908 0.616835
vt 0.827321 0.615939
vt 0.828735 0.615043
vt 0.830148 0.614148
vt 0.831561 0.613252
vt 0.832974 0.612356
vt 0.834387 0.611460
vt 0.820991 0.613795
vt 0.822611 0.613378
vt 0.824231 0.612961
vt 0.825852 0.612544
vt 0.827472 0.612127
vt 0.829093 0.611710
vt 0.830713 0.611294
vt 0.832333 0.610877
vt 0.833953 0.610460
vt 0.820490 0.608553
vt 0.822160 0.608655
vt 0.823830 0.608758
vt 0.825500 0.608861
vt 0.827170 0.608964
vt 0.828840 0.609067
vt 0.830510 0.609169
vt 0.832179 0.609272
vt 0.833849 0.609375
vt 0.821630 0.603411
vt 0.823187 0.604024
vt 0.824744 0.604636
vt 0.826301 0.605249
vt 0.827858 0.605861
vt 0.829414 0.606474
vt 0.830971 0.607086
vt 0.832528 0.607698
vt 0.834084 0.608310
vt 0.824299 0.598871
vt 0.825591 0.599934
vt 0.826884 0.600996
vt 0.828176 0.602059
vt 0.829468 0.603122
vt 0.830760 0.604184
vt 0.832052 0.605246
vt 0.833344 0.606309
vt 0.834636 0.607371
vt 0.013265 0.631023
vt 0.013367 0.624471
vt 0.014239 0.624485
vt 0.042990 0.613033
vt 0.013469 0.617919
vt 0.014341 0.617933
vt 0.013571 0.611368
vt 0.014443 0.611381
vt 0.013672 0.604816
vt 0.014544 0.604829
vt 0.013774 0.598264
vt 0.014646 0.598277
vt 0.013876 0.591712
vt 0.014748 0.591725
vt 0.013978 0.585160
vt 0.014850 0.585174
vt 0.014079 0.578608
vt 0.014951 0.578622
vt 0.014181 0.572056
vt 0.015053 0.572070
vt 0.014283 0.565505
vt 0.015155 0.565518
vt 0.014385 0.558953
vt 0.015257 0.558966
vt 0.014486 0.552401
vt 0.015358 0.552414
vt 0.014588 0.545849
vt 0.015460 0.545862
vt 0.014690 0.539297
vt 0.015562 0.539310
vt 0.014791 0.532745
vt 0.015664 0.532759
vt 0.014893 0.526193
vt 0.015765 0.526207
vt 0.014995 0.519642
vt 0.015867 0.519655
vt 0.015097 0.513090
vt 0.013934 0.644140
vt 0.013164 0.637575
vt 0.014036 0.637588
vt 0.043503 0.565191
vt 0.044865 0.563109
vt 0.049060 0.532803
vt 0.047352 0.532795
vt 0.042399 0.567479
vt 0.045645 0.532787
vt 0.041570 0.569922
vt 0.043937 0.532779
vt 0.041025 0.572473
vt 0.042230 0.532771
vt 0.040766 0.575089
vt 0.040522 0.532762
vt 0.040794 0.577729
vt 0.038815 0.532754
vt 0.041105 0.580353
vt 0.037108 0.532746
vt 0.041690 0.582924
vt 0.035401 0.532738
vt 0.042540 0.585403
vt 0.033693 0.532730
vt 0.043639 0.587749
vt 0.031986 0.532722
vt 0.044968 0.589919
vt 0.030278 0.532714
vt 0.046499 0.591865
vt 0.028571 0.532706
vt 0.048193 0.593538
vt 0.026863 0.532698
vt 0.049995 0.594889
vt 0.025156 0.532690
vt 0.051834 0.595883
vt 0.023449 0.532682
vt 0.052205 0.557943
vt 0.021741 0.532674
vt 0.050190 0.558667
vt 0.054182 0.532827
vt 0.048254 0.559791
vt 0.052474 0.532819
vt 0.046461 0.561290
vt 0.050767 0.532811
vt 0.259664 0.475824
vt 0.256152 0.446788
vt 0.259823 0.446808
vt 0.259684 0.472154
vt 0.264186 0.446832
vt 0.264047 0.472177
vt 0.264206 0.443162
vt 0.267718 0.472197
vt 0.667268 0.025534
vt 0.666704 0.049522
vt 0.666534 0.056772
vt 0.660018 0.025363
vt 0.755708 0.020359
vt 0.762224 0.051768
vt 0.754973 0.051598
vt 0.755537 0.027610
vt 0.779503 0.611350
vt 0.780078 0.611079
vt 0.780647 0.613033
vt 0.780709 0.610999
vt 0.781334 0.611118
vt 0.781891 0.611423
vt 0.782327 0.611886
vt 0.782600 0.612460
vt 0.782681 0.613091
vt 0.782564 0.613716
vt 0.782260 0.614274
vt 0.781798 0.614712
vt 0.781224 0.614985
vt 0.780593 0.615068
vt 0.779968 0.614952
vt 0.779395 0.614640
vt 0.778961 0.614175
vt 0.778691 0.613599
vt 0.778612 0.612967
vt 0.778732 0.612342
vt 0.779039 0.611785
vt 0.771136 0.582140
vt 0.766686 0.577258
vt 0.774848 0.593084
vt 0.768978 0.595844
vt 0.763950 0.571245
vt 0.781283 0.592268
vt 0.763192 0.564683
vt 0.787657 0.593477
vt 0.764486 0.558205
vt 0.793347 0.596593
vt 0.767707 0.552437
vt 0.797799 0.601312
vt 0.772542 0.547937
vt 0.800578 0.607174
vt 0.778526 0.545138
vt 0.801414 0.613607
vt 0.785080 0.544312
vt 0.800225 0.619984
vt 0.791571 0.545538
vt 0.797128 0.625684
vt 0.797372 0.548698
vt 0.792424 0.630150
vt 0.801923 0.553487
vt 0.786572 0.632949
vt 0.804784 0.559441
vt 0.780144 0.633807
vt 0.805678 0.565986
vt 0.773765 0.632643
vt 0.804520 0.572490
vt 0.767820 0.629389
vt 0.800873 0.579021
vt 0.763407 0.624639
vt 0.795945 0.583420
vt 0.760671 0.618761
vt 0.789904 0.586093
vt 0.759880 0.612325
vt 0.783334 0.586782
vt 0.761111 0.605957
vt 0.776870 0.585420
vt 0.764246 0.600279
vt 0.798078 0.540049
vt 0.775770 0.588310
vt 0.798449 0.539609
vt 0.793446 0.535833
vt 0.799112 0.538824
vt 0.798875 0.539105
vt 0.793815 0.535285
vt 0.794020 0.534980
vt 0.802591 0.544306
vt 0.803008 0.543910
vt 0.803486 0.543455
vt 0.803753 0.543202
vt 0.806611 0.549032
vt 0.807069 0.548684
vt 0.807594 0.548285
vt 0.807887 0.548062
vt 0.810090 0.554170
vt 0.810583 0.553874
vt 0.811149 0.553534
vt 0.811464 0.553345
vt 0.812985 0.559657
vt 0.813508 0.559417
vt 0.814108 0.559141
vt 0.814441 0.558988
vt 0.815263 0.565429
vt 0.815808 0.565247
vt 0.816435 0.565039
vt 0.816783 0.564923
vt 0.816895 0.571415
vt 0.817457 0.571294
vt 0.818103 0.571155
vt 0.818462 0.571078
vt 0.817862 0.577543
vt 0.818434 0.577485
vt 0.819091 0.577418
vt 0.819456 0.577380
vt 0.818152 0.583741
vt 0.818728 0.583745
vt 0.819388 0.583751
vt 0.819755 0.583754
vt 0.817763 0.589933
vt 0.818334 0.590001
vt 0.818990 0.590078
vt 0.819355 0.590121
vt 0.816698 0.596046
vt 0.817259 0.596175
vt 0.817902 0.596324
vt 0.818260 0.596407
vt 0.814971 0.602005
vt 0.815514 0.602195
vt 0.816137 0.602413
vt 0.816483 0.602535
vt 0.812602 0.607739
vt 0.813120 0.607987
vt 0.813716 0.608273
vt 0.814047 0.608431
vt 0.809619 0.613180
vt 0.810107 0.613483
vt 0.810667 0.613832
vt 0.810979 0.614026
vt 0.764018 0.526745
vt 0.764025 0.526170
vt 0.764058 0.525510
vt 0.807320 0.619245
vt 0.770183 0.527347
vt 0.770270 0.526779
vt 0.770371 0.526127
vt 0.770427 0.525764
vt 0.776253 0.528628
vt 0.776403 0.528073
vt 0.776574 0.527435
vt 0.776670 0.527080
vt 0.782148 0.530566
vt 0.782357 0.530030
vt 0.782597 0.529415
vt 0.782731 0.529073
vt 0.787794 0.533137
vt 0.788061 0.532627
vt 0.788367 0.532042
vt 0.788537 0.531717
vt 0.775371 0.594884
vt 0.770031 0.597395
vt 0.775895 0.596684
vt 0.771084 0.598946
vt 0.776418 0.598484
vt 0.772137 0.600497
vt 0.776941 0.600284
vt 0.773189 0.602048
vt 0.777464 0.602084
vt 0.774242 0.603599
vt 0.777987 0.603883
vt 0.775294 0.605150
vt 0.778510 0.605683
vt 0.776347 0.606700
vt 0.779033 0.607482
vt 0.777399 0.608251
vt 0.779555 0.609281
vt 0.778451 0.609801
vt 0.781226 0.594142
vt 0.781169 0.596016
vt 0.781111 0.597889
vt 0.781054 0.599763
vt 0.780996 0.601636
vt 0.780939 0.603509
vt 0.780881 0.605382
vt 0.780824 0.607255
vt 0.780766 0.609127
vt 0.787024 0.595242
vt 0.786392 0.597007
vt 0.785760 0.598771
vt 0.785127 0.600536
vt 0.784495 0.602300
vt 0.783862 0.604064
vt 0.783230 0.605828
vt 0.782598 0.607591
vt 0.781966 0.609355
vt 0.792201 0.598076
vt 0.791055 0.599560
vt 0.789909 0.601044
vt 0.788764 0.602527
vt 0.787618 0.604010
vt 0.786472 0.605493
vt 0.785327 0.606976
vt 0.784182 0.608459
vt 0.783036 0.609941
vt 0.796251 0.602370
vt 0.794703 0.603428
vt 0.793156 0.604485
vt 0.791609 0.605543
vt 0.790061 0.606601
vt 0.788514 0.607658
vt 0.786967 0.608715
vt 0.785420 0.609772
vt 0.783874 0.610829
vt 0.798780 0.607703
vt 0.796981 0.608231
vt 0.795183 0.608761
vt 0.793384 0.609289
vt 0.791586 0.609818
vt 0.789789 0.610347
vt 0.787991 0.610876
vt 0.786194 0.611404
vt 0.784396 0.611932
vt 0.799540 0.613555
vt 0.797666 0.613504
vt 0.795792 0.613453
vt 0.793919 0.613401
vt 0.792045 0.613350
vt 0.790172 0.613298
vt 0.788299 0.613246
vt 0.786426 0.613195
vt 0.784553 0.613143
vt 0.798458 0.619357
vt 0.796691 0.618730
vt 0.794925 0.618104
vt 0.793158 0.617477
vt 0.791392 0.616850
vt 0.789626 0.616223
vt 0.787860 0.615597
vt 0.786094 0.614970
vt 0.784329 0.614343
vt 0.795640 0.624543
vt 0.794153 0.623401
vt 0.792666 0.622260
vt 0.791178 0.621119
vt 0.789691 0.619978
vt 0.788204 0.618838
vt 0.786718 0.617697
vt 0.785231 0.616556
vt 0.783745 0.615415
vt 0.791361 0.628606
vt 0.790298 0.627062
vt 0.789235 0.625518
vt 0.788172 0.623974
vt 0.787109 0.622430
vt 0.786046 0.620886
vt 0.784983 0.619342
vt 0.783921 0.617799
vt 0.782859 0.616255
vt 0.786037 0.631152
vt 0.785502 0.629355
vt 0.784967 0.627559
vt 0.784432 0.625762
vt 0.783896 0.623966
vt 0.783361 0.622169
vt 0.782826 0.620373
vt 0.782292 0.618577
vt 0.781757 0.616781
vt 0.780189 0.631933
vt 0.780233 0.630059
vt 0.780278 0.628184
vt 0.780322 0.626310
vt 0.780367 0.624436
vt 0.780412 0.622562
vt 0.780456 0.620688
vt 0.780501 0.618815
vt 0.780547 0.616941
vt 0.774385 0.630873
vt 0.775005 0.629104
vt 0.775625 0.627335
vt 0.776245 0.625566
vt 0.776865 0.623796
vt 0.777485 0.622027
vt 0.778105 0.620258
vt 0.778725 0.618489
vt 0.779346 0.616720
vt 0.768978 0.627914
vt 0.770135 0.626440
vt 0.771293 0.624965
vt 0.772451 0.623490
vt 0.773608 0.622016
vt 0.774766 0.620541
vt 0.775924 0.619066
vt 0.777081 0.617592
vt 0.778239 0.616116
vt 0.764962 0.623593
vt 0.766518 0.622547
vt 0.768073 0.621501
vt 0.769629 0.620454
vt 0.771185 0.619408
vt 0.772740 0.618362
vt 0.774296 0.617316
vt 0.775851 0.616269
vt 0.777406 0.615223
vt 0.762473 0.618245
vt 0.764276 0.617729
vt 0.766078 0.617212
vt 0.767880 0.616696
vt 0.769682 0.616180
vt 0.771484 0.615664
vt 0.773286 0.615148
vt 0.775088 0.614632
vt 0.776890 0.614116
vt 0.761754 0.612389
vt 0.763627 0.612453
vt 0.765501 0.612518
vt 0.767374 0.612582
vt 0.769248 0.612647
vt 0.771121 0.612711
vt 0.772994 0.612776
vt 0.774867 0.612840
vt 0.776740 0.612904
vt 0.762874 0.606596
vt 0.764636 0.607235
vt 0.766399 0.607874
vt 0.768161 0.608512
vt 0.769923 0.609151
vt 0.771685 0.609790
vt 0.773447 0.610428
vt 0.775209 0.611067
vt 0.776971 0.611705
vt 0.765725 0.601430
vt 0.767205 0.602581
vt 0.768685 0.603732
vt 0.770164 0.604883
vt 0.771644 0.606034
vt 0.773123 0.607185
vt 0.774602 0.608335
vt 0.776081 0.609486
vt 0.777560 0.610636
vt 0.321692 0.440156
vt 0.323694 0.434055
vt 0.325804 0.434056
vt 0.322680 0.442262
vt 0.327913 0.434057
vt 0.322969 0.444570
vt 0.330023 0.434058
vt 0.322531 0.446855
vt 0.332133 0.434059
vt 0.321408 0.448892
vt 0.334243 0.434060
vt 0.319710 0.450483
vt 0.336352 0.434060
vt 0.317604 0.451471
vt 0.338462 0.434061
vt 0.315296 0.451760
vt 0.340572 0.434062
vt 0.313012 0.451322
vt 0.342681 0.434063
vt 0.310974 0.450199
vt 0.344791 0.434064
vt 0.309384 0.448501
vt 0.346901 0.434065
vt 0.308395 0.446396
vt 0.306816 0.434047
vt 0.308106 0.444087
vt 0.308926 0.434048
vt 0.308544 0.441803
vt 0.311036 0.434049
vt 0.309667 0.439765
vt 0.313146 0.434050
vt 0.311365 0.438175
vt 0.315255 0.434051
vt 0.313471 0.437186
vt 0.317365 0.434052
vt 0.315779 0.436897
vt 0.319474 0.434053
vt 0.318064 0.437336
vt 0.321584 0.434054
vt 0.320101 0.438458
vt 0.315538 0.444329
vt 0.693874 0.346057
vt 0.693648 0.270296
vt 0.712672 0.240460
vt 0.713100 0.383359
vt 0.657917 0.938921
vt 0.711219 0.120186
vt 0.708018 0.113475
vt 0.703007 0.107983
vt 0.696624 0.104188
vt 0.689399 0.102402
vt 0.681975 0.102794
vt 0.674982 0.105326
vt 0.636820 0.558623
vt 0.692930 0.496894
vt 0.636808 0.554488
vt 0.636795 0.550353
vt 0.636783 0.546218
vt 0.636771 0.542083
vt 0.636758 0.537948
vt 0.636746 0.533813
vt 0.636733 0.529678
vt 0.636719 0.524855
vt 0.636702 0.519282
vt 0.694811 0.502141
vt 0.713442 0.497720
vt 0.036265 0.348031
vt 0.115362 0.829649
vt 0.115468 0.865034
vt 0.017266 0.385447
vt 0.016600 0.167035
vt 0.093034 0.038795
vt 0.093056 0.046229
vt 0.093079 0.053663
vt 0.093101 0.061098
vt 0.093123 0.068533
vt 0.094613 0.565073
vt 0.094598 0.560250
vt 0.094586 0.556115
vt 0.094573 0.551980
vt 0.094561 0.547845
vt 0.094549 0.543710
vt 0.094536 0.539575
vt 0.094524 0.535440
vt 0.094511 0.531304
vt 0.071667 0.498757
vt 0.073549 0.504004
vt 0.114608 0.578414
vt 0.014138 0.631037
vt 0.049637 0.615091
vt 0.054789 0.539419
vt 0.047530 0.539941
vt 0.041141 0.542144
vt 0.035781 0.545436
vt 0.031424 0.549416
vt 0.027976 0.553823
vt 0.025340 0.558491
vt 0.023430 0.563312
vt 0.022178 0.568214
vt 0.021533 0.573143
vt 0.021460 0.578064
vt 0.021937 0.582945
vt 0.022955 0.587764
vt 0.024525 0.592500
vt 0.026679 0.597129
vt 0.029481 0.601614
vt 0.033034 0.605883
vt 0.037484 0.609787
vt 0.050889 0.506824
vt 0.049182 0.506816
vt 0.052597 0.506832
vt 0.054304 0.506840
vt 0.056012 0.506848
vt 0.023571 0.506695
vt 0.025279 0.506703
vt 0.026986 0.506711
vt 0.028693 0.506719
vt 0.030401 0.506728
vt 0.032108 0.506736
vt 0.033816 0.506744
vt 0.035523 0.506752
vt 0.037230 0.506760
vt 0.038938 0.506768
vt 0.040645 0.506776
vt 0.042353 0.506784
vt 0.044060 0.506792
vt 0.045767 0.506800
vt 0.047475 0.506808
vt 0.267856 0.446852
vt 0.264027 0.475848
vt 0.259843 0.443138
vt 0.256013 0.472133
vt 0.482702 0.436784
vt 0.478531 0.473787
vt 0.472411 0.432250
vt 0.468239 0.469253
vt 0.115855 0.993848
vt 0.059758 0.087412
vt 0.080154 0.092547
vt 0.065676 0.024863
vt 0.086072 0.029998
vt 0.783175 0.589869
vt 0.793126 0.536311
vt 0.790700 0.589080
vt 0.797620 0.586018
vt 0.803265 0.580979
vt 0.807442 0.573498
vt 0.808769 0.566049
vt 0.807745 0.558551
vt 0.804468 0.551731
vt 0.799255 0.546246
vt 0.792610 0.542627
vt 0.785175 0.541222
vt 0.777668 0.542168
vt 0.770813 0.545374
vt 0.765274 0.550529
vt 0.761586 0.557136
vt 0.760104 0.564556
vt 0.760971 0.572073
vt 0.764105 0.578960
vt 0.769202 0.584553
vt 0.861822 0.639286
vt 0.855327 0.639159
vt 0.868318 0.639412
vt 0.874814 0.639538
vt 0.881309 0.639664
vt 0.887805 0.639790
vt 0.894301 0.639916
vt 0.770883 0.637516
vt 0.777379 0.637642
vt 0.783874 0.637769
vt 0.790370 0.637895
vt 0.796866 0.638022
vt 0.803361 0.638148
vt 0.809857 0.638275
vt 0.816353 0.638401
vt 0.822848 0.638528
vt 0.829344 0.638654
vt 0.835840 0.638780
vt 0.842335 0.638907
vt 0.848831 0.639033
vt 0.861745 0.643266
vt 0.855249 0.643140
vt 0.868241 0.643392
vt 0.874736 0.643518
vt 0.881232 0.643645
vt 0.887727 0.643771
vt 0.764310 0.641369
vt 0.770805 0.641496
vt 0.777301 0.641623
vt 0.783797 0.641749
vt 0.803284 0.642129
vt 0.809780 0.642255
vt 0.816275 0.642382
vt 0.822771 0.642508
vt 0.829267 0.642634
vt 0.835762 0.642761
vt 0.842258 0.642887
vt 0.848754 0.643013
vt 0.757393 0.446910
vt 0.795312 0.409577
vt 0.758523 0.454291
vt 0.761865 0.460970
vt 0.767095 0.466299
vt 0.774665 0.470067
vt 0.782071 0.471027
vt 0.789414 0.469667
vt 0.795984 0.466118
vt 0.801148 0.460724
vt 0.804406 0.454004
vt 0.800679 0.432645
vt 0.795339 0.427425
vt 0.788653 0.424097
vt 0.781269 0.422983
vt 0.773900 0.424190
vt 0.767256 0.427601
vt 0.761982 0.432887
vt 0.782968 0.515987
vt 0.788423 0.516026
vt 0.777514 0.515949
vt 0.772059 0.515910
vt 0.766605 0.515872
vt 0.761150 0.515833
vt 0.864785 0.516570
vt 0.859330 0.516531
vt 0.853876 0.516492
vt 0.848421 0.516453
vt 0.842967 0.516414
vt 0.837512 0.516375
vt 0.832058 0.516336
vt 0.826604 0.516297
vt 0.821149 0.516258
vt 0.815695 0.516220
vt 0.810240 0.516181
vt 0.804786 0.516142
vt 0.799331 0.516104
vt 0.793877 0.516065
vt 0.782944 0.519330
vt 0.788399 0.519369
vt 0.777490 0.519291
vt 0.772036 0.519253
vt 0.766581 0.519214
vt 0.761127 0.519175
vt 0.755672 0.519137
vt 0.859306 0.519873
vt 0.853852 0.519834
vt 0.848397 0.519795
vt 0.842943 0.519756
vt 0.837489 0.519717
vt 0.832034 0.519679
vt 0.826580 0.519640
vt 0.821125 0.519601
vt 0.815671 0.519562
vt 0.810216 0.519523
vt 0.804762 0.519485
vt 0.799308 0.519446
vt 0.793853 0.519407
vt 0.021864 0.506687
vt 0.055889 0.532835
vt 0.045609 0.669340
vt 0.041681 0.669403
vt 0.034655 0.724183
vt 0.049468 0.668791
vt 0.038508 0.723834
vt 0.053219 0.667692
vt 0.042281 0.722933
vt 0.056763 0.666045
vt 0.045876 0.721479
vt 0.060013 0.663890
vt 0.049206 0.719507
vt 0.062899 0.661278
vt 0.052197 0.717063
vt 0.065360 0.658270
vt 0.054788 0.714206
vt 0.067349 0.654931
vt 0.056927 0.710997
vt 0.068825 0.651330
vt 0.058571 0.707503
vt 0.069756 0.647540
vt 0.059684 0.703794
vt 0.070119 0.643638
vt 0.060241 0.699945
vt 0.069902 0.639704
vt 0.060223 0.696035
vt 0.069099 0.635823
vt 0.059624 0.692149
vt 0.067724 0.632084
vt 0.058449 0.688374
vt 0.065804 0.628582
vt 0.056723 0.684806
vt 0.063404 0.625416
vt 0.054504 0.681548
vt 0.060658 0.622695
vt 0.051919 0.678713
vt 0.026817 0.673754
vt 0.035142 0.618988
vt 0.779408 0.614649
vt 0.778271 0.616140
vt 0.777136 0.617631
vt 0.776000 0.619124
vt 0.774865 0.620616
vt 0.773730 0.622108
vt 0.772595 0.623601
vt 0.771460 0.625093
vt 0.770325 0.626585
vt 0.769190 0.628078
vt 0.768055 0.629570
vt 0.754803 0.058848
vt 0.762788 0.027780
vt 0.659454 0.049351
vt 0.667439 0.018283
vt 0.658005 0.568175
vt 0.677108 0.572762
vt 0.662891 0.509694
vt 0.681994 0.514280
vt 0.090479 0.512531
vt 0.069375 0.507780
vt 0.086013 0.576997
vt 0.064908 0.572245
vt 0.412217 0.474636
vt 0.404514 0.471178
vt 0.415659 0.467562
vt 0.407957 0.464104
vt 0.412467 0.462218
vt 0.404626 0.458962
vt 0.415726 0.455009
vt 0.407885 0.451753
vt 0.064005 0.900637
vt 0.330543 0.479545
vt 0.065829 0.830912
vt 0.400639 0.477115
vt 0.026809 0.899663
vt 0.328246 0.441157
vt 0.028633 0.829939
vt 0.398341 0.438728
vt 0.242722 0.481777
vt 0.076550 0.986181
vt 0.488228 0.481040
vt 0.076088 0.739036
vt 0.488065 0.426941
vt 0.016088 0.744395
vt 0.242560 0.427678
vt 0.016550 0.991540
vt 0.286314 0.430559
vt 0.331349 0.430588
vt 0.271303 0.429119
vt 0.307330 0.430573
vt 0.310333 0.430575
vt 0.304328 0.430571
vt 0.301325 0.430569
vt 0.298323 0.430567
vt 0.295321 0.430565
vt 0.292318 0.430563
vt 0.289316 0.430561
vt 0.283311 0.430558
vt 0.280309 0.430556
vt 0.277307 0.430554
vt 0.328347 0.430586
vt 0.325344 0.430585
vt 0.322342 0.430583
vt 0.319340 0.430581
vt 0.316337 0.430579
vt 0.313335 0.430577
vt 0.287546 0.433201
vt 0.329432 0.433337
vt 0.287551 0.431804
vt 0.302206 0.433249
vt 0.304300 0.433256
vt 0.300112 0.433242
vt 0.298017 0.433235
vt 0.295923 0.433228
vt 0.293829 0.433222
vt 0.291735 0.433215
vt 0.289640 0.433208
vt 0.327338 0.433331
vt 0.325243 0.433324
vt 0.323149 0.433317
vt 0.321055 0.433310
vt 0.318960 0.433303
vt 0.316866 0.433296
vt 0.314772 0.433290
vt 0.312678 0.433283
vt 0.310583 0.433276
vt 0.308489 0.433269
vt 0.306395 0.433262
vt 0.304706 0.435453
vt 0.346900 0.435473
vt 0.304706 0.434046
vt 0.321584 0.435461
vt 0.323693 0.435462
vt 0.319474 0.435460
vt 0.317364 0.435459
vt 0.315254 0.435458
vt 0.313145 0.435457
vt 0.311035 0.435456
vt 0.308925 0.435455
vt 0.306816 0.435454
vt 0.344790 0.435472
vt 0.342681 0.435471
vt 0.340571 0.435470
vt 0.338461 0.435469
vt 0.336351 0.435468
vt 0.334242 0.435467
vt 0.332132 0.435466
vt 0.330022 0.435465
vt 0.327913 0.435464
vt 0.325803 0.435463
vt 0.421110 0.430203
vt 0.377538 0.430779
vt 0.421129 0.431656
vt 0.416752 0.430260
vt 0.414574 0.430289
vt 0.418931 0.430231
vt 0.379717 0.430750
vt 0.381895 0.430721
vt 0.384074 0.430692
vt 0.386252 0.430663
vt 0.388431 0.430635
vt 0.390610 0.430606
vt 0.392788 0.430577
vt 0.394967 0.430548
vt 0.397145 0.430519
vt 0.399324 0.430491
vt 0.401502 0.430462
vt 0.403681 0.430433
vt 0.405860 0.430404
vt 0.408038 0.430375
vt 0.410217 0.430347
vt 0.412395 0.430318
vt 0.388087 0.429403
vt 0.431961 0.429407
vt 0.388088 0.427940
vt 0.394668 0.429404
vt 0.396862 0.429404
vt 0.392475 0.429404
vt 0.390281 0.429404
vt 0.429767 0.429407
vt 0.427574 0.429407
vt 0.425380 0.429407
vt 0.423186 0.429406
vt 0.420993 0.429406
vt 0.418799 0.429406
vt 0.416605 0.429406
vt 0.414411 0.429406
vt 0.412218 0.429405
vt 0.410024 0.429405
vt 0.407830 0.429405
vt 0.405637 0.429405
vt 0.403443 0.429405
vt 0.401249 0.429405
vt 0.399056 0.429404
vt 0.013062 0.644127
vt 0.015969 0.513103
vt 0.807026 0.619025
vt 0.764082 0.525143
vt 0.806504 0.618620
vt 0.806061 0.618251
vt 0.894223 0.643897
vt 0.764387 0.637389
vt 0.836187 0.610996
vt 0.835137 0.612299
vt 0.834087 0.613602
vt 0.833038 0.614906
vt 0.831989 0.616210
vt 0.830941 0.617514
vt 0.829892 0.618818
vt 0.828843 0.620122
vt 0.827794 0.621426
vt 0.826745 0.622730
vt 0.921182 0.635211
vt 0.876745 0.624419
vt 0.805892 0.522938
vt 0.876042 0.624053
vt 0.779848 0.495499
vt 0.778656 0.497021
vt 0.777466 0.498544
vt 0.776276 0.500067
vt 0.775086 0.501590
vt 0.773897 0.503113
vt 0.772707 0.504636
vt 0.771517 0.506159
vt 0.770328 0.507683
vt 0.769138 0.509206
vt 0.864761 0.519912
vt 0.767948 0.510729
vt 0.804082 0.510465
vt 0.761432 0.393341
vt 0.803493 0.509927
vt 0.802996 0.509440
vt 0.755696 0.515794
vt 0.844146 0.487457
vt 0.842978 0.488910
vt 0.841810 0.490364
vt 0.840644 0.491819
vt 0.839477 0.493273
vt 0.838311 0.494728
vt 0.837144 0.496183
vt 0.835978 0.497637
vt 0.834812 0.499092
vt 0.833645 0.500546
vt 0.813951 0.510627
vt 0.921510 0.513854
vt 0.832479 0.502001
vt 0.825362 0.427801
vt 0.850353 0.404349
vt 0.823586 0.434968
vt 0.824096 0.442333
vt 0.826843 0.449186
vt 0.869354 0.484401
vt 0.832319 0.455503
vt 0.838712 0.459195
vt 0.845931 0.460746
vt 0.853276 0.460006
vt 0.860040 0.457046
vt 0.865568 0.452152
vt 0.869327 0.445798
vt 0.870953 0.438596
vt 0.870290 0.431243
vt 0.867400 0.424449
vt 0.862565 0.418870
vt 0.856250 0.415045
vt 0.849065 0.413344
vt 0.841706 0.413931
vt 0.834882 0.416749
vt 0.870367 0.485093
vt 0.820785 0.395506
vt 0.869820 0.484732
vt 0.840841 0.511433
vt 0.846219 0.511594
vt 0.835463 0.511272
vt 0.830085 0.511111
vt 0.824707 0.510949
vt 0.819329 0.510788
vt 0.916132 0.513693
vt 0.921609 0.510558
vt 0.814050 0.507331
vt 0.910754 0.513531
vt 0.905376 0.513369
vt 0.899998 0.513208
vt 0.894620 0.513047
vt 0.889242 0.512885
vt 0.883864 0.512724
vt 0.878486 0.512562
vt 0.873108 0.512401
vt 0.867730 0.512239
vt 0.862352 0.512078
vt 0.856975 0.511917
vt 0.851597 0.511755
vt 0.840939 0.508137
vt 0.846317 0.508298
vt 0.835561 0.507976
vt 0.830183 0.507815
vt 0.824805 0.507654
vt 0.819427 0.507492
vt 0.916231 0.510397
vt 0.910853 0.510235
vt 0.905475 0.510074
vt 0.900097 0.509912
vt 0.894719 0.509751
vt 0.889341 0.509589
vt 0.883963 0.509428
vt 0.878585 0.509266
vt 0.873207 0.509105
vt 0.867829 0.508944
vt 0.862451 0.508782
vt 0.857073 0.508621
vt 0.851695 0.508460
vt 0.781764 0.362354
vt 0.780473 0.363922
vt 0.779184 0.365491
vt 0.777895 0.367060
vt 0.776606 0.368629
vt 0.775318 0.370198
vt 0.774029 0.371767
vt 0.772741 0.373336
vt 0.771452 0.374905
vt 0.770164 0.376474
vt 0.868720 0.391767
vt 0.761923 0.300101
vt 0.790073 0.270722
vt 0.760125 0.307936
vt 0.760820 0.315943
vt 0.763940 0.323351
vt 0.819508 0.350974
vt 0.770019 0.330124
vt 0.777049 0.334022
vt 0.784935 0.335574
vt 0.792917 0.334629
vt 0.800224 0.331279
vt 0.806149 0.325848
vt 0.810120 0.318859
vt 0.811754 0.310989
vt 0.810892 0.302998
vt 0.807619 0.295657
vt 0.802250 0.289675
vt 0.795303 0.285631
vt 0.787451 0.283916
vt 0.779451 0.284694
vt 0.772076 0.287891
vt 0.820638 0.351565
vt 0.758483 0.265231
vt 0.820030 0.351259
vt 0.868814 0.388377
vt 0.758177 0.385321
vt 0.785836 0.386084
vt 0.791368 0.386237
vt 0.780304 0.385931
vt 0.774773 0.385779
vt 0.769241 0.385626
vt 0.763709 0.385473
vt 0.863282 0.388225
vt 0.857750 0.388071
vt 0.852218 0.387918
vt 0.846686 0.387766
vt 0.841155 0.387612
vt 0.835623 0.387460
vt 0.830091 0.387307
vt 0.824559 0.387153
vt 0.819027 0.387001
vt 0.813496 0.386848
vt 0.807964 0.386695
vt 0.802432 0.386542
vt 0.796900 0.386389
vt 0.785743 0.389474
vt 0.791275 0.389627
vt 0.780211 0.389321
vt 0.774679 0.389168
vt 0.769147 0.389016
vt 0.763616 0.388863
vt 0.758084 0.388711
vt 0.768875 0.378044
vt 0.863188 0.391614
vt 0.857656 0.391461
vt 0.852125 0.391308
vt 0.846593 0.391155
vt 0.841061 0.391002
vt 0.835529 0.390849
vt 0.829997 0.390696
vt 0.824465 0.390543
vt 0.818934 0.390391
vt 0.813402 0.390238
vt 0.807870 0.390085
vt 0.802338 0.389932
vt 0.796806 0.389779
vt 0.851190 0.343041
vt 0.849922 0.344534
vt 0.848656 0.346028
vt 0.847391 0.347522
vt 0.846125 0.349016
vt 0.844860 0.350510
vt 0.843594 0.352005
vt 0.842329 0.353499
vt 0.841064 0.354993
vt 0.839799 0.356487
vt 0.814683 0.374878
vt 0.923886 0.377850
vt 0.838533 0.357981
vt 0.826919 0.280042
vt 0.864949 0.264250
vt 0.824974 0.287546
vt 0.825427 0.295285
vt 0.828234 0.302511
vt 0.885493 0.345755
vt 0.833912 0.309205
vt 0.840583 0.313153
vt 0.848144 0.314862
vt 0.855864 0.314168
vt 0.862999 0.311136
vt 0.868858 0.306060
vt 0.872876 0.299431
vt 0.874664 0.291888
vt 0.874049 0.284160
vt 0.871092 0.276994
vt 0.866078 0.271083
vt 0.859491 0.266996
vt 0.851967 0.265130
vt 0.844233 0.265663
vt 0.837037 0.268546
vt 0.886537 0.346448
vt 0.834620 0.255635
vt 0.885974 0.346088
vt 0.841984 0.375620
vt 0.847444 0.375768
vt 0.836524 0.375471
vt 0.831063 0.375323
vt 0.825603 0.375174
vt 0.820143 0.375026
vt 0.918426 0.377701
vt 0.923977 0.374504
vt 0.814774 0.371532
vt 0.912966 0.377553
vt 0.907506 0.377404
vt 0.902046 0.377255
vt 0.896585 0.377106
vt 0.891125 0.376958
vt 0.885665 0.376809
vt 0.880205 0.376660
vt 0.874745 0.376512
vt 0.869284 0.376363
vt 0.863824 0.376214
vt 0.858364 0.376066
vt 0.852904 0.375917
vt 0.842075 0.372274
vt 0.847535 0.372423
vt 0.836615 0.372126
vt 0.831154 0.371977
vt 0.825694 0.371829
vt 0.820234 0.371680
vt 0.918517 0.374356
vt 0.913057 0.374207
vt 0.907597 0.374058
vt 0.902137 0.373909
vt 0.896677 0.373760
vt 0.891217 0.373612
vt 0.885756 0.373463
vt 0.880296 0.373314
vt 0.874836 0.373166
vt 0.869376 0.373017
vt 0.863916 0.372869
vt 0.858455 0.372720
vt 0.852995 0.372571
vt 0.093168 0.083404
vt 0.760748 0.148480
vt 0.796481 0.125885
vt 0.756913 0.156311
vt 0.755667 0.164941
vt 0.757131 0.173538
vt 0.814793 0.211543
vt 0.761879 0.182195
vt 0.768340 0.188051
vt 0.776288 0.191640
vt 0.784953 0.192616
vt 0.793499 0.190883
vt 0.801101 0.186611
vt 0.807023 0.180210
vt 0.810695 0.172301
vt 0.811761 0.163646
vt 0.810118 0.155083
vt 0.805925 0.147437
vt 0.799587 0.141448
vt 0.791716 0.137694
vt 0.783073 0.136538
vt 0.774492 0.138091
vt 0.815854 0.212304
vt 0.765221 0.115767
vt 0.815281 0.211907
vt 0.782025 0.220959
vt 0.780648 0.222619
vt 0.779273 0.224280
vt 0.777898 0.225942
vt 0.776523 0.227603
vt 0.775149 0.229265
vt 0.773775 0.230926
vt 0.772400 0.232587
vt 0.771026 0.234249
vt 0.769651 0.235910
vt 0.758577 0.249888
vt 0.899270 0.250273
vt 0.768277 0.237572
vt 0.793751 0.249983
vt 0.800785 0.250002
vt 0.786716 0.249964
vt 0.779681 0.249945
vt 0.772647 0.249926
vt 0.765612 0.249907
vt 0.892236 0.250253
vt 0.885201 0.250233
vt 0.878166 0.250214
vt 0.871132 0.250195
vt 0.864097 0.250175
vt 0.857063 0.250156
vt 0.850028 0.250137
vt 0.842993 0.250118
vt 0.835958 0.250098
vt 0.828924 0.250079
vt 0.821889 0.250060
vt 0.814855 0.250041
vt 0.807820 0.250021
vt 0.852705 0.213131
vt 0.851359 0.214702
vt 0.850015 0.216275
vt 0.848671 0.217848
vt 0.847328 0.219421
vt 0.845984 0.220995
vt 0.844641 0.222568
vt 0.843297 0.224141
vt 0.841954 0.225715
vt 0.840610 0.227288
vt 0.807063 0.238313
vt 0.942559 0.246534
vt 0.839267 0.228861
vt 0.833700 0.143921
vt 0.857241 0.125283
vt 0.829867 0.151410
vt 0.828518 0.159713
vt 0.829784 0.168030
vt 0.888892 0.205297
vt 0.834216 0.176461
vt 0.840349 0.182219
vt 0.847954 0.185817
vt 0.856295 0.186905
vt 0.864568 0.185380
vt 0.871974 0.181388
vt 0.877795 0.175316
vt 0.881472 0.167749
vt 0.882647 0.159419
vt 0.881208 0.151131
vt 0.877294 0.143684
vt 0.871282 0.137799
vt 0.863754 0.134045
vt 0.855437 0.132782
vt 0.847134 0.134135
vt 0.890044 0.205862
vt 0.825314 0.120556
vt 0.889424 0.205570
vt 0.840937 0.240367
vt 0.847712 0.240778
vt 0.834162 0.239956
vt 0.827387 0.239545
vt 0.820612 0.239134
vt 0.813837 0.238724
vt 0.935784 0.246122
vt 0.929010 0.245711
vt 0.922235 0.245300
vt 0.915460 0.244888
vt 0.908685 0.244477
vt 0.901910 0.244066
vt 0.895135 0.243655
vt 0.888361 0.243244
vt 0.881586 0.242833
vt 0.874811 0.242422
vt 0.868036 0.242011
vt 0.861261 0.241600
vt 0.854487 0.241189
vt 0.908804 0.217360
vt 0.907345 0.218141
vt 0.905887 0.218923
vt 0.904429 0.219705
vt 0.902972 0.220488
vt 0.901515 0.221271
vt 0.900058 0.222054
vt 0.898601 0.222837
vt 0.897144 0.223620
vt 0.895687 0.224403
vt 0.876713 0.131284
vt 0.968087 0.134584
vt 0.894229 0.225185
vt 0.908623 0.168448
vt 0.912709 0.138318
vt 0.906618 0.174674
vt 0.906615 0.181215
vt 0.961415 0.197328
vt 0.909233 0.188584
vt 0.913362 0.193658
vt 0.918846 0.197223
vt 0.925157 0.198939
vt 0.931692 0.198641
vt 0.937821 0.196357
vt 0.942957 0.192306
vt 0.946606 0.186878
vt 0.948419 0.180593
vt 0.948222 0.174055
vt 0.946032 0.167891
vt 0.942061 0.162694
vt 0.936690 0.158961
vt 0.930433 0.157052
vt 0.923893 0.157149
vt 0.917696 0.159244
vt 0.962647 0.197404
vt 0.891472 0.137771
vt 0.961978 0.197373
vt 0.894988 0.131943
vt 0.899556 0.132108
vt 0.890419 0.131778
vt 0.885850 0.131613
vt 0.881282 0.131449
vt 0.963518 0.134418
vt 0.968210 0.131176
vt 0.876836 0.127875
vt 0.958949 0.134254
vt 0.954381 0.134088
vt 0.949812 0.133923
vt 0.945243 0.133758
vt 0.940675 0.133593
vt 0.936106 0.133428
vt 0.931537 0.133263
vt 0.926969 0.133098
vt 0.922400 0.132933
vt 0.917831 0.132768
vt 0.913263 0.132603
vt 0.908694 0.132438
vt 0.904125 0.132273
vt 0.895111 0.128535
vt 0.899679 0.128700
vt 0.890542 0.128370
vt 0.885973 0.128205
vt 0.881405 0.128040
vt 0.963641 0.131011
vt 0.959073 0.130845
vt 0.954504 0.130680
vt 0.949935 0.130515
vt 0.945366 0.130350
vt 0.940798 0.130185
vt 0.936229 0.130020
vt 0.931660 0.129855
vt 0.927092 0.129689
vt 0.922523 0.129524
vt 0.917954 0.129360
vt 0.913386 0.129195
vt 0.908817 0.129030
vt 0.904248 0.128865
vt 0.635234 0.029814
vt 0.093145 0.075967
vt 0.093012 0.031441
vt 0.711242 0.127540
vt 0.017586 0.129617
vt 0.053621 0.596517
vt 0.057192 0.615123
vt 0.804213 0.573321
vt 0.807091 0.574451
vt 0.802300 0.629748
vt 0.875440 0.623713
vt 0.774689 0.466876
vt 0.773710 0.469766
vt 0.771309 0.326940
vt 0.769183 0.329443
vt 0.835241 0.306170
vt 0.833124 0.308526
vt 0.911009 0.186238
vt 0.908614 0.187443
vt 0.807314 0.234161
vt 0.833542 0.175556
vt 0.833554 0.452599
vt 0.831562 0.454865
vt 0.758589 0.245577
vt 0.761164 0.181269
vt 0.826344 0.558650
vt 0.842549 0.529858
vt 0.824868 0.565871
vt 0.825680 0.573197
vt 0.828702 0.579919
vt 0.834423 0.585995
vt 0.833642 0.585389
vt 0.840953 0.589414
vt 0.848216 0.590664
vt 0.855513 0.589624
vt 0.862137 0.586393
vt 0.867450 0.581284
vt 0.870937 0.574791
vt 0.872263 0.567541
vt 0.871298 0.560234
vt 0.868137 0.553576
vt 0.863084 0.548211
vt 0.856628 0.544656
vt 0.849392 0.543254
vt 0.842075 0.544143
vt 0.835385 0.547235
vt 0.831978 0.633846
vt 0.837925 0.633937
vt 0.826032 0.633755
vt 0.820085 0.633664
vt 0.814138 0.633573
vt 0.808191 0.633483
vt 0.802244 0.633392
vt 0.825697 0.624034
vt 0.915235 0.635119
vt 0.909288 0.635028
vt 0.903341 0.634937
vt 0.897394 0.634846
vt 0.891447 0.634755
vt 0.885500 0.634664
vt 0.879554 0.634573
vt 0.873607 0.634482
vt 0.867660 0.634391
vt 0.861713 0.634300
vt 0.855766 0.634209
vt 0.849819 0.634118
vt 0.843872 0.634027
vt 0.832034 0.630202
vt 0.837981 0.630292
vt 0.826087 0.630111
vt 0.820140 0.630020
vt 0.814194 0.629929
vt 0.808247 0.629839
vt 0.921238 0.631566
vt 0.835536 0.583048
vt 0.915291 0.631475
vt 0.909344 0.631384
vt 0.903397 0.631293
vt 0.897450 0.631202
vt 0.891503 0.631111
vt 0.885556 0.631020
vt 0.879609 0.630929
vt 0.873663 0.630838
vt 0.867716 0.630747
vt 0.861769 0.630656
vt 0.855822 0.630565
vt 0.849875 0.630474
vt 0.843928 0.630383
vt 0.796788 0.642002
vt 0.790293 0.641876
vt 0.793762 0.245672
vt 0.800797 0.245691
vt 0.786728 0.245653
vt 0.779693 0.245634
vt 0.772658 0.245615
vt 0.765624 0.245596
vt 0.899282 0.245962
vt 0.764028 0.179151
vt 0.892248 0.245942
vt 0.885213 0.245923
vt 0.878178 0.245904
vt 0.871144 0.245884
vt 0.864109 0.245865
vt 0.857074 0.245845
vt 0.850040 0.245826
vt 0.843005 0.245807
vt 0.835970 0.245787
vt 0.828936 0.245768
vt 0.821901 0.245749
vt 0.814866 0.245730
vt 0.807832 0.245711
vt 0.841189 0.236216
vt 0.847963 0.236626
vt 0.834414 0.235805
vt 0.827639 0.235394
vt 0.820864 0.234983
vt 0.814089 0.234572
vt 0.942811 0.242382
vt 0.836341 0.173561
vt 0.936036 0.241970
vt 0.929262 0.241559
vt 0.922487 0.241148
vt 0.915712 0.240737
vt 0.908937 0.240326
vt 0.902162 0.239914
vt 0.895387 0.239503
vt 0.888613 0.239092
vt 0.881838 0.238681
vt 0.875063 0.238270
vt 0.868288 0.237859
vt 0.861513 0.237448
vt 0.854738 0.237037
vt 0.804159 0.439252
vt 0.805443 0.446608
vt 0.114666 0.597562
vt 0.271302 0.430550
vt 0.274304 0.430552
vt 0.094629 0.570646
vt 0.636851 0.569020
vn 0.000000 0.453575 0.891218
vn 0.000000 0.453575 0.891218
vn 0.000000 0.472108 0.881541
vn 0.000000 0.472108 0.881541
vn 0.000000 0.204618 -0.978842
vn 0.000000 0.204618 -0.978842
vn 0.000000 0.204618 -0.978842
vn 0.000000 0.204618 -0.978842
vn 0.000000 -1.000000 0.000000
vn 0.000000 -1.000000 0.000000
vn 0.000000 -0.992158 0.124993
vn 0.000000 -0.992158 0.124992
vn 1.000000 0.000000 -0.000000
vn 1.000000 0.000000 -0.000000
vn 1.000000 0.000000 0.000000
vn 1.000000 0.000000 0.000000
vn 1.000000 0.000000 0.000000
vn 1.000000 0.000000 0.000000
vn -0.000000 -0.227958 -0.973671
vn -0.000000 -0.227958 -0.973671
vn -0.000000 -0.227958 -0.973671
vn -0.000000 -0.227958 -0.973671
vn -1.000000 -0.000002 0.000000
vn -1.000000 -0.000002 0.000000
vn -1.000000 -0.000001 0.000000
vn -1.000000 -0.000000 0.000000
vn -1.000000 -0.000002 0.000000
vn -1.000000 -0.000002 0.000000
vn 0.000000 -0.942316 -0.334724
vn 0.000000 -0.870170 -0.492752
vn 0.000000 -0.870170 -0.492752
vn 0.000000 -0.942316 -0.334724
vn -0.000000 0.870170 -0.492752
vn -0.000000 0.870170 -0.492751
vn -0.000000 0.942317 -0.334723
vn -0.000000 0.942317 -0.334723
vn 0.000000 -0.645505 -0.763756
vn 0.000000 -0.645505 -0.763756
vn 0.000000 -0.422618 -0.906308
vn 0.000000 -0.422618 -0.906308
vn 0.000000 -0.258819 -0.965926
vn 0.000000 -0.258819 -0.965926
vn 0.000000 -0.087155 -0.996195
vn 0.000000 -0.087155 -0.996195
vn 0.000000 0.087155 -0.996195
vn 0.000000 0.087155 -0.996195
vn 0.000000 0.258819 -0.965926
vn 0.000000 0.258819 -0.965926
vn 0.000000 0.422618 -0.906308
vn 0.000000 0.422618 -0.906308
vn -0.000000 0.645504 -0.763757
vn -0.000000 0.645504 -0.763757
vn 1.000000 0.000000 -0.000000
vn 1.000000 -0.000006 -0.000002
vn 1.000000 -0.000015 -0.000001
vn 1.000000 0.000000 -0.000001
vn 1.000000 0.000000 -0.000001
vn 1.000000 0.000000 -0.000001
vn 1.000000 0.000000 -0.000001
vn 1.000000 0.000015 -0.000001
vn 1.000000 0.000006 -0.000002
vn -1.000000 -0.000021 0.000003
vn -1.000000 0.000015 0.000002
vn -1.000000 0.000000 0.000002
vn -1.000000 0.000000 0.000002
vn -1.000000 0.000000 0.000002
vn -1.000000 0.000000 0.000002
vn -1.000000 -0.000015 0.000002
vn -1.000000 -0.000033 0.000016
vn -1.000000 0.000001 0.000000
vn 0.000000 -0.977646 0.210259
vn 0.000000 -0.977646 0.210260
vn 0.000000 -0.999575 0.029161
vn 0.000000 -0.999575 0.029160
vn 0.000000 -0.831246 -0.555905
vn 0.000000 -0.831246 -0.555905
vn 0.000000 0.195807 0.980642
vn 0.000000 0.195807 0.980642
vn 0.000000 -0.097446 0.995241
vn 0.000000 -0.097445 0.995241
vn 0.000000 -0.382258 0.924056
vn 0.000000 -0.382258 0.924056
vn 0.000000 -0.634127 0.773229
vn 0.000000 -0.634127 0.773229
vn 0.000000 -0.831342 0.555761
vn 0.000000 -0.831342 0.555761
vn 0.000000 -0.975415 0.220378
vn 0.000000 -0.975415 0.220378
vn 0.000000 -1.000000 -0.000000
vn 0.000000 -1.000000 -0.000000
vn -1.000000 0.000001 0.000000
vn -1.000000 0.000001 0.000000
vn -1.000000 0.000001 0.000000
vn -1.000000 0.000001 0.000000
vn -1.000000 0.000001 0.000000
vn -1.000000 0.000001 0.000000
vn -1.000000 0.000001 0.000000
vn -1.000000 0.000001 0.000000
vn -0.000000 0.000000 0.000000
vn -0.000000 0.000000 0.000000
vn -1.000000 0.000001 0.000000
vn -1.000000 0.000001 0.000000
vn -1.000000 0.000001 0.000000
vn -1.000000 0.000001 0.000000
vn -1.000000 0.000001 0.000000
vn -1.000000 0.000001 0.000000
vn 1.000000 0.000000 -0.000000
vn 1.000000 0.000000 -0.000000
vn 1.000000 0.000000 -0.000000
vn 1.000000 0.000000 -0.000000
vn 1.000000 0.000000 -0.000000
vn 1.000000 0.000000 -0.000000
vn 1.000000 0.000000 -0.000000
vn 1.000000 0.000000 -0.000000
vn 1.000000 0.000000 -0.000000
vn 1.000000 0.000000 -0.000000
vn 1.000000 0.000000 -0.000000
vn 1.000000 0.000000 -0.000000
vn 1.000000 0.000000 -0.000000
vn 1.000000 0.000000 -0.000000
vn 1.000000 0.000000 -0.000000
vn 1.000000 0.000000 -0.000000
vn 0.000000 1.000000 0.000000
vn 0.000000 1.000000 0.000000
vn 0.000000 1.000000 0.000000
vn 0.000000 1.000000 0.000000
vn 0.000000 1.000000 -0.000000
vn 0.000000 1.000000 -0.000000
vn 0.000000 1.000000 -0.000000
vn 0.000000 1.000000 -0.000000
vn 0.000000 0.000000 -1.000000
vn 0.000000 0.000000 -1.000000
vn 0.000000 0.000000 -1.000000
vn 0.000000 0.000000 -1.000000
vn -1.000000 0.000000 0.000000
vn -1.000000 0.000000 0.000000
vn -1.000000 0.000000 0.000000
vn -1.000000 0.000000 0.000000
vn 0.000000 0.000000 1.000000
vn 0.000000 0.000000 1.000000
vn 0.000000 0.000000 1.000000
vn 0.000000 0.000000 1.000000
vn 1.000000 0.000000 0.000000
vn 1.000000 0.000000 0.000000
vn 1.000000 0.000000 0.000000
vn 1.000000 0.000000 0.000000
vn 0.000000 1.000000 0.000000
vn 0.000000 1.000000 0.000000
vn 0.000000 1.000000 0.000000
vn 0.000000 1.000000 0.000000
vn 0.000000 1.000000 -0.000000
vn 0.000000 1.000000 -0.000000
vn 0.000000 1.000000 -0.000000
vn 0.000000 1.000000 -0.000000
vn 0.000000 1.000000 0.000000
vn 0.000000 1.000000 0.000000
vn 0.000000 1.000000 0.000000
vn 0.000000 1.000000 0.000000
vn 0.000000 0.000000 1.000000
vn 0.000000 0.000000 1.000000
vn 0.000000 0.000000 1.000000
vn 0.000000 0.000000 1.000000
vn 1.000000 0.000000 0.000000
vn 1.000000 0.000000 0.000000
vn 1.000000 0.000000 0.000000
vn 1.000000 0.000000 0.000000
vn 0.000000 0.000000 -1.000000
vn 0.000000 0.000000 -1.000000
vn 0.000000 0.000000 -1.000000
vn 0.000000 0.000000 -1.000000
vn -1.000000 0.000000 0.000000
vn -1.000000 0.000000 0.000000
vn -1.000000 0.000000 0.000000
vn -1.000000 0.000000 0.000000
vn -0.000000 -0.983920 -0.178610
vn -0.000000 -0.983920 -0.178610
vn 0.000000 -0.986023 0.166607
vn 0.000000 -0.986023 0.166607
vn 0.000000 -0.983994 -0.178205
vn 0.000000 -0.983994 -0.178204
vn 0.000000 0.000000 1.000000
vn 0.000000 0.000000 1.000000
vn 0.000000 0.000000 1.000000
vn 0.000000 0.000000 1.000000
vn 0.000000 0.000000 -1.000000
vn 0.000000 0.000000 -1.000000
vn 0.000000 0.000000 -1.000000
vn 0.000000 0.000000 -1.000000
vn 0.000000 -1.000000 0.000000
vn 0.000000 -1.000000 0.000000
vn 0.000000 -1.000000 0.000000
vn 0.000000 -1.000000 0.000000
vn 1.000000 0.000000 0.000000
vn 1.000000 0.000000 0.000000
vn 1.000000 0.000000 0.000000
vn 1.000000 0.000000 0.000000
vn -1.000000 0.000000 0.000000
vn -1.000000 0.000000 0.000000
vn -1.000000 0.000000 0.000000
vn -1.000000 0.000000 0.000000
vn 0.000000 0.000000 1.000000
vn 0.000000 0.000000 1.000000
vn 0.000000 0.000000 1.000000
vn 0.000000 0.000000 1.000000
vn 0.000000 1.000000 0.000000
vn 0.000000 1.000000 0.000000
vn 0.000000 1.000000 0.000000
vn 0.000000 1.000000 0.000000
vn 0.000000 0.000000 -1.000000
vn 0.000000 0.000000 -1.000000
vn 0.000000 0.000000 -1.000000
vn 0.000000 0.000000 -1.000000
vn 1.000000 0.000000 0.000000
vn 1.000000 0.000000 0.000000
vn 1.000000 0.000000 0.000000
vn 1.000000 0.000000 0.000000
vn -1.000000 0.000000 0.000000
vn -1.000000 0.000000 0.000000
vn -1.000000 0.000000 0.000000
vn -1.000000 0.000000 0.000000
vn 0.000000 0.000000 1.000000
vn 0.000000 0.000000 1.000000
vn 0.000000 0.000000 1.000000
vn 0.000000 0.000000 1.000000
vn 0.000000 1.000000 0.000000
vn 0.000000 1.000000 0.000000
vn 0.000000 1.000000 0.000000
vn 0.000000 1.000000 0.000000
vn 0.000000 0.000000 -1.000000
vn 0.000000 0.000000 -1.000000
vn 0.000000 0.000000 -1.000000
vn 0.000000 0.000000 -1.000000
vn 1.000000 0.000000 0.000000
vn 1.000000 0.000000 0.000000
vn 1.000000 0.000000 0.000000
vn 1.000000 0.000000 0.000000
vn -1.000000 0.000000 0.000000
vn -1.000000 0.000000 0.000000
vn -1.000000 0.000000 0.000000
vn -1.000000 0.000000 0.000000
vn 0.951057 0.000000 -0.309016
vn 0.951057 0.000000 -0.309016
vn 0.809017 0.000000 -0.587785
vn 0.809017 0.000000 -0.587785
vn 0.587787 0.000000 -0.809016
vn 0.587787 0.000000 -0.809016
vn 0.309016 0.000000 -0.951057
vn 0.309016 0.000000 -0.951057
vn 0.000000 0.000000 -1.000000
vn 0.000000 0.000000 -1.000000
vn -0.309019 0.000000 -0.951056
vn -0.309019 0.000000 -0.951056
vn -0.587787 0.000000 -0.809016
vn -0.587787 0.000000 -0.809016
vn -0.809017 0.000000 -0.587786
vn -0.809017 0.000000 -0.587786
vn -0.951057 0.000000 -0.309016
vn -0.951057 0.000000 -0.309016
vn -1.000000 0.000000 0.000000
vn -1.000000 0.000000 0.000000
vn -0.951057 0.000000 0.309017
vn -0.951057 0.000000 0.309017
vn -0.809018 0.000000 0.587784
vn -0.809018 0.000000 0.587784
vn -0.587787 0.000000 0.809016
vn -0.587787 0.000000 0.809016
vn -0.309016 0.000000 0.951057
vn -0.309016 0.000000 0.951057
vn 0.000000 0.000000 1.000000
vn 0.000000 0.000000 1.000000
vn 0.309017 0.000000 0.951057
vn 0.309017 0.000000 0.951057
vn 0.587787 0.000000 0.809016
vn 0.587787 0.000000 0.809016
vn 0.809017 0.000000 0.587785
vn 0.809017 0.000000 0.587785
vn 0.951057 0.000000 0.309017
vn 0.951057 0.000000 0.309017
vn 1.000000 0.000000 0.000001
vn 1.000000 0.000000 0.000001
vn 0.000000 1.000000 -0.000000
vn 0.000000 1.000000 -0.000000
vn 0.000000 1.000000 0.000001
vn 0.000000 1.000000 -0.000000
vn 0.000000 1.000000 -0.000000
vn 0.000000 1.000000 0.000000
vn 0.000000 1.000000 -0.000000
vn 0.000000 1.000000 -0.000000
vn 0.000000 1.000000 0.000001
vn 0.000000 1.000000 0.000000
vn 0.000000 1.000000 0.000000
vn 0.000000 1.000000 -0.000001
vn 0.000000 1.000000 -0.000001
vn 0.000000 1.000000 0.000000
vn 0.000000 1.000000 0.000000
vn 0.000000 1.000000 0.000000
vn 0.000000 1.000000 0.000000
vn 0.000000 1.000000 0.000000
vn 0.000000 1.000000 -0.000001
vn 0.000000 1.000000 -0.000001
vn 0.000000 1.000000 0.000001
vn 0.951057 0.000000 -0.309016
vn 0.951057 0.000000 -0.309016
vn 0.809017 0.000000 -0.587785
vn 0.809017 0.000000 -0.587785
vn 0.587787 0.000000 -0.809016
vn 0.587787 0.000000 -0.809016
vn 0.309015 0.000000 -0.951057
vn 0.309015 0.000000 -0.951057
vn 0.000000 0.000000 -1.000000
vn 0.000000 0.000000 -1.000000
vn -0.309019 0.000000 -0.951056
vn -0.309019 0.000000 -0.951056
vn -0.587787 0.000000 -0.809016
vn -0.587787 0.000000 -0.809016
vn -0.809016 0.000000 -0.587786
vn -0.809016 0.000000 -0.587786
vn -0.951056 0.000000 -0.309017
vn -0.951056 0.000000 -0.309017
vn -1.000000 0.000000 0.000000
vn -1.000000 0.000000 0.000000
vn -0.951056 0.000000 0.309018
vn -0.951056 0.000000 0.309018
vn -0.809017 0.000000 0.587785
vn -0.809017 0.000000 0.587785
vn -0.587787 0.000000 0.809016
vn -0.587787 0.000000 0.809016
vn -0.309015 0.000000 0.951057
vn -0.309015 0.000000 0.951057
vn 0.000000 0.000000 1.000000
vn 0.000000 0.000000 1.000000
vn 0.309018 0.000000 0.951056
vn 0.309018 0.000000 0.951056
vn 0.587788 0.000000 0.809015
vn 0.587788 0.000000 0.809015
vn 0.809018 0.000000 0.587784
vn 0.809018 0.000000 0.587784
vn 0.951056 0.000000 0.309018
vn 0.951056 0.000000 0.309018
vn 1.000000 0.000000 0.000002
vn 1.000000 0.000000 0.000002
vn 0.000000 1.000000 -0.000000
vn 0.000000 1.000000 0.000000
vn 0.000000 1.000000 0.000001
vn 0.000000 1.000000 0.000000
vn 0.000000 1.000000 0.000000
vn 0.000000 1.000000 0.000000
vn 0.000000 1.000000 0.000000
vn 0.000000 1.000000 0.000000
vn 0.000000 1.000000 0.000001
vn 0.000000 1.000000 0.000001
vn 0.000000 1.000000 0.000000
vn 0.000000 1.000000 -0.000001
vn 0.000000 1.000000 -0.000001
vn 0.000000 1.000000 0.000000
vn 0.000000 1.000000 0.000000
vn 0.000000 1.000000 0.000000
vn 0.000000 1.000000 0.000000
vn 0.000000 1.000000 0.000000
vn 0.000000 1.000000 -0.000000
vn 0.000000 1.000000 -0.000001
vn 0.000000 1.000000 0.000001
vn 0.951057 0.000000 -0.309015
vn 0.951057 0.000000 -0.309015
vn 0.809017 0.000000 -0.587785
vn 0.809017 0.000000 -0.587785
vn 0.587787 0.000000 -0.809016
vn 0.587787 0.000000 -0.809016
vn 0.309015 0.000000 -0.951057
vn 0.309015 0.000000 -0.951057
vn 0.000000 0.000000 -1.000000
vn 0.000000 0.000000 -1.000000
vn -0.309019 0.000000 -0.951056
vn -0.309019 0.000000 -0.951056
vn -0.587787 0.000000 -0.809016
vn -0.587787 0.000000 -0.809016
vn -0.809016 0.000000 -0.587786
vn -0.809016 0.000000 -0.587786
vn -0.951057 0.000000 -0.309016
vn -0.951057 0.000000 -0.309016
vn -1.000000 0.000000 -0.000000
vn -1.000000 0.000000 -0.000000
vn -0.951057 0.000000 0.309017
vn -0.951057 0.000000 0.309017
vn -0.809017 0.000000 0.587785
vn -0.809017 0.000000 0.587785
vn -0.587787 0.000000 0.809016
vn -0.587787 0.000000 0.809016
vn -0.309015 0.000000 0.951057
vn -0.309015 0.000000 0.951057
vn 0.000000 0.000000 1.000000
vn 0.000000 0.000000 1.000000
vn 0.309018 0.000000 0.951056
vn 0.309018 0.000000 0.951056
vn 0.587787 0.000000 0.809016
vn 0.587787 0.000000 0.809016
vn 0.809018 0.000000 0.587784
vn 0.809018 0.000000 0.587784
vn 0.951057 0.000000 0.309016
vn 0.951057 0.000000 0.309016
vn 1.000000 0.000000 0.000003
vn 1.000000 0.000000 0.000003
vn 0.000000 1.000000 -0.000000
vn 0.000000 1.000000 -0.000000
vn 0.000000 1.000000 -0.000000
vn 0.000000 1.000000 0.000000
vn 0.000000 1.000000 0.000000
vn 0.000000 1.000000 0.000000
vn 0.000000 1.000000 0.000000
vn 0.000000 1.000000 0.000000
vn 0.000000 1.000000 0.000001
vn 0.000000 1.000000 -0.000000
vn 0.000000 1.000000 0.000000
vn 0.000000 1.000000 0.000000
vn 0.000000 1.000000 -0.000001
vn 0.000000 1.000000 0.000000
vn 0.000000 1.000000 0.000000
vn 0.000000 1.000000 0.000000
vn 0.000000 1.000000 0.000000
vn 0.000000 1.000000 0.000000
vn 0.000000 1.000000 0.000000
vn 0.000000 1.000000 0.000000
vn 0.000000 1.000000 -0.000000
vn 0.058927 0.998079 -0.019145
vn 0.050127 0.998079 -0.036422
vn 0.000000 1.000000 -0.000000
vn 0.036419 0.998079 -0.050129
vn 0.019147 0.998079 -0.058927
vn 0.000000 0.998079 -0.061960
vn -0.019146 0.998079 -0.058926
vn -0.036419 0.998079 -0.050126
vn -0.050127 0.998079 -0.036419
vn -0.058927 0.998079 -0.019145
vn -0.061960 0.998079 -0.000000
vn -0.058928 0.998079 0.019146
vn -0.050127 0.998079 0.036420
vn -0.036419 0.998079 0.050128
vn -0.019147 0.998079 0.058928
vn 0.000000 0.998079 0.061961
vn 0.019147 0.998079 0.058927
vn 0.036419 0.998079 0.050127
vn 0.050127 0.998079 0.036420
vn 0.058928 0.998079 0.019146
vn 0.061960 0.998079 -0.000000
vn 0.951057 0.000015 -0.309016
vn 0.809017 0.000014 -0.587786
vn 0.809017 0.000014 -0.587786
vn 0.951057 0.000015 -0.309016
vn 0.587785 0.000013 -0.809017
vn 0.587785 0.000013 -0.809017
vn 0.309017 0.000013 -0.951057
vn 0.309017 0.000013 -0.951057
vn 0.000000 0.000013 -1.000000
vn 0.000000 0.000013 -1.000000
vn -0.309017 0.000014 -0.951057
vn -0.309017 0.000014 -0.951057
vn -0.587786 0.000012 -0.809017
vn -0.587786 0.000012 -0.809017
vn -0.809017 0.000012 -0.587785
vn -0.809017 0.000012 -0.587785
vn -0.951057 0.000013 -0.309017
vn -0.951057 0.000013 -0.309017
vn -1.000000 0.000014 0.000000
vn -1.000000 0.000014 0.000000
vn -0.951056 0.000013 0.309018
vn -0.951056 0.000013 0.309018
vn -0.809017 0.000013 0.587786
vn -0.809017 0.000013 0.587786
vn -0.587786 0.000014 0.809017
vn -0.587786 0.000014 0.809017
vn -0.309017 0.000014 0.951057
vn -0.309017 0.000014 0.951057
vn 0.000000 0.000013 1.000000
vn 0.000000 0.000013 1.000000
vn 0.309017 0.000013 0.951057
vn 0.309017 0.000013 0.951057
vn 0.587785 0.000012 0.809017
vn 0.587785 0.000012 0.809017
vn 0.809017 0.000011 0.587785
vn 0.809017 0.000011 0.587785
vn 0.951056 0.000009 0.309017
vn 0.951056 0.000009 0.309017
vn 1.000000 0.000012 0.000001
vn 1.000000 0.000012 0.000001
vn 0.105050 0.993881 -0.034132
vn -0.108951 0.993417 0.035401
vn -0.114557 0.993417 -0.000000
vn 0.110455 0.993881 0.000000
vn 0.865396 0.414760 -0.281185
vn 0.909930 0.414763 0.000001
vn 0.932335 0.197438 -0.302934
vn 0.915610 0.270466 -0.297500
vn 0.962732 0.270456 0.000001
vn 0.980319 0.197418 0.000001
vn 0.089360 0.993881 -0.064924
vn -0.092680 0.993417 0.067336
vn 0.736149 0.414759 -0.534845
vn 0.778865 0.270463 -0.565880
vn 0.793091 0.197438 -0.576217
vn 0.064924 0.993881 -0.089361
vn -0.067336 0.993417 0.092680
vn 0.534844 0.414761 -0.736149
vn 0.565880 0.270461 -0.778865
vn 0.576215 0.197433 -0.793093
vn 0.034132 0.993881 -0.105050
vn -0.035401 0.993416 0.108952
vn 0.281183 0.414765 -0.865394
vn 0.297500 0.270461 -0.915612
vn 0.302935 0.197428 -0.932337
vn 0.000000 0.993881 -0.110456
vn -0.000000 0.993416 0.114559
vn 0.000000 0.414767 -0.909928
vn -0.000000 0.270464 -0.962730
vn 0.000000 0.197427 -0.980318
vn -0.034133 0.993881 -0.105049
vn 0.035401 0.993416 0.108952
vn -0.281183 0.414769 -0.865392
vn -0.297500 0.270467 -0.915610
vn -0.302935 0.197433 -0.932336
vn -0.064924 0.993881 -0.089360
vn 0.067336 0.993417 0.092680
vn -0.534842 0.414768 -0.736146
vn -0.565879 0.270466 -0.778864
vn -0.576215 0.197438 -0.793092
vn -0.089360 0.993881 -0.064924
vn 0.092680 0.993417 0.067336
vn -0.736146 0.414770 -0.534841
vn -0.778864 0.270466 -0.565879
vn -0.793092 0.197428 -0.576218
vn -0.105048 0.993881 -0.034132
vn 0.108951 0.993417 0.035401
vn -0.865390 0.414773 -0.281182
vn -0.915610 0.270466 -0.297500
vn -0.932339 0.197418 -0.302936
vn -0.110454 0.993881 0.000000
vn 0.114558 0.993417 -0.000000
vn -0.909925 0.414773 0.000000
vn -0.962731 0.270462 -0.000000
vn -0.980319 0.197418 -0.000000
vn -0.105049 0.993881 0.034132
vn 0.108951 0.993417 -0.035401
vn -0.865391 0.414771 0.281184
vn -0.915611 0.270462 0.297501
vn -0.932339 0.197418 0.302936
vn -0.089360 0.993881 0.064924
vn 0.092679 0.993417 -0.067336
vn -0.736146 0.414768 0.534842
vn -0.778865 0.270462 0.565880
vn -0.793092 0.197428 0.576219
vn -0.064924 0.993881 0.089360
vn 0.067335 0.993417 -0.092680
vn -0.534842 0.414771 0.736145
vn -0.565879 0.270467 0.778864
vn -0.576214 0.197438 0.793092
vn -0.034132 0.993881 0.105049
vn 0.035400 0.993417 -0.108951
vn -0.281182 0.414771 0.865391
vn -0.297502 0.270468 0.915609
vn -0.302932 0.197435 0.932337
vn 0.000000 0.993881 0.110456
vn -0.000000 0.993417 -0.114558
vn 0.000000 0.414769 0.909927
vn 0.000000 0.270465 0.962730
vn 0.000000 0.197430 0.980317
vn 0.034132 0.993881 0.105049
vn -0.035400 0.993417 -0.108951
vn 0.281184 0.414772 0.865390
vn 0.297500 0.270463 0.915611
vn 0.302935 0.197428 0.932337
vn 0.064924 0.993881 0.089360
vn -0.067335 0.993417 -0.092679
vn 0.534842 0.414772 0.736144
vn 0.565880 0.270459 0.778865
vn 0.576213 0.197423 0.793097
vn 0.089360 0.993881 0.064923
vn -0.092679 0.993417 -0.067335
vn 0.736145 0.414771 0.534842
vn 0.778865 0.270462 0.565880
vn 0.793093 0.197418 0.576220
vn 0.105049 0.993881 0.034132
vn -0.108950 0.993417 -0.035401
vn 0.865391 0.414770 0.281183
vn 0.915613 0.270455 0.297501
vn 0.932341 0.197408 0.302937
vn 0.076825 0.996732 -0.024962
vn 0.065351 0.996732 -0.047481
vn 0.065351 0.996732 -0.047480
vn 0.076824 0.996732 -0.024962
vn 0.065351 0.996732 -0.047480
vn 0.076824 0.996732 -0.024962
vn 0.065351 0.996732 -0.047480
vn 0.076825 0.996732 -0.024962
vn 0.065351 0.996732 -0.047481
vn 0.076824 0.996732 -0.024962
vn 0.065351 0.996732 -0.047480
vn 0.076824 0.996732 -0.024962
vn 0.065351 0.996732 -0.047480
vn 0.076825 0.996732 -0.024962
vn 0.065352 0.996732 -0.047481
vn 0.076825 0.996732 -0.024963
vn 0.065352 0.996732 -0.047482
vn 0.076826 0.996732 -0.024963
vn 0.065351 0.996732 -0.047481
vn 0.076825 0.996732 -0.024961
vn 0.047480 0.996732 -0.065352
vn 0.047480 0.996732 -0.065351
vn 0.047480 0.996732 -0.065351
vn 0.047480 0.996732 -0.065350
vn 0.047480 0.996732 -0.065350
vn 0.047480 0.996732 -0.065351
vn 0.047480 0.996732 -0.065351
vn 0.047481 0.996732 -0.065352
vn 0.047481 0.996732 -0.065352
vn 0.047480 0.996732 -0.065352
vn 0.024962 0.996732 -0.076824
vn 0.024962 0.996732 -0.076825
vn 0.024962 0.996732 -0.076825
vn 0.024962 0.996732 -0.076824
vn 0.024962 0.996732 -0.076823
vn 0.024962 0.996732 -0.076825
vn 0.024962 0.996732 -0.076825
vn 0.024962 0.996732 -0.076825
vn 0.024962 0.996732 -0.076826
vn 0.024962 0.996732 -0.076824
vn -0.000000 0.996732 -0.080777
vn -0.000000 0.996732 -0.080778
vn 0.000000 0.996732 -0.080778
vn 0.000000 0.996732 -0.080777
vn -0.000000 0.996732 -0.080777
vn 0.000000 0.996732 -0.080779
vn 0.000000 0.996732 -0.080778
vn 0.000000 0.996732 -0.080779
vn 0.000000 0.996732 -0.080779
vn -0.000000 0.996732 -0.080777
vn -0.024962 0.996732 -0.076825
vn -0.024962 0.996732 -0.076824
vn -0.024962 0.996732 -0.076824
vn -0.024962 0.996732 -0.076824
vn -0.024962 0.996732 -0.076824
vn -0.024962 0.996732 -0.076824
vn -0.024962 0.996732 -0.076824
vn -0.024962 0.996732 -0.076825
vn -0.024962 0.996732 -0.076825
vn -0.024962 0.996732 -0.076824
vn -0.047480 0.996732 -0.065352
vn -0.047480 0.996732 -0.065351
vn -0.047480 0.996732 -0.065350
vn -0.047480 0.996732 -0.065350
vn -0.047480 0.996732 -0.065350
vn -0.047480 0.996732 -0.065351
vn -0.047480 0.996732 -0.065350
vn -0.047481 0.996732 -0.065351
vn -0.047481 0.996732 -0.065352
vn -0.047480 0.996732 -0.065351
vn -0.065351 0.996732 -0.047480
vn -0.065351 0.996732 -0.047480
vn -0.065351 0.996732 -0.047480
vn -0.065351 0.996732 -0.047480
vn -0.065351 0.996732 -0.047480
vn -0.065351 0.996732 -0.047481
vn -0.065351 0.996732 -0.047480
vn -0.065351 0.996732 -0.047481
vn -0.065352 0.996732 -0.047482
vn -0.065351 0.996732 -0.047481
vn -0.076825 0.996732 -0.024961
vn -0.076825 0.996732 -0.024961
vn -0.076824 0.996732 -0.024962
vn -0.076824 0.996732 -0.024962
vn -0.076825 0.996732 -0.024962
vn -0.076825 0.996732 -0.024962
vn -0.076825 0.996732 -0.024962
vn -0.076825 0.996732 -0.024962
vn -0.076826 0.996732 -0.024963
vn -0.076824 0.996732 -0.024962
vn -0.080778 0.996732 0.000000
vn -0.080778 0.996732 0.000000
vn -0.080778 0.996732 -0.000000
vn -0.080778 0.996732 -0.000000
vn -0.080778 0.996732 -0.000000
vn -0.080778 0.996732 -0.000000
vn -0.080778 0.996732 0.000000
vn -0.080779 0.996732 0.000000
vn -0.080779 0.996732 0.000000
vn -0.080778 0.996732 0.000000
vn -0.076825 0.996732 0.024962
vn -0.076825 0.996732 0.024962
vn -0.076825 0.996732 0.024962
vn -0.076825 0.996732 0.024962
vn -0.076825 0.996732 0.024962
vn -0.076825 0.996732 0.024961
vn -0.076825 0.996732 0.024961
vn -0.076825 0.996732 0.024962
vn -0.076826 0.996732 0.024963
vn -0.076825 0.996732 0.024962
vn -0.065351 0.996732 0.047481
vn -0.065351 0.996732 0.047481
vn -0.065351 0.996732 0.047480
vn -0.065351 0.996732 0.047480
vn -0.065351 0.996732 0.047480
vn -0.065351 0.996732 0.047480
vn -0.065351 0.996732 0.047479
vn -0.065351 0.996732 0.047480
vn -0.065352 0.996732 0.047482
vn -0.065351 0.996732 0.047482
vn -0.047480 0.996732 0.065352
vn -0.047480 0.996732 0.065351
vn -0.047480 0.996732 0.065350
vn -0.047480 0.996732 0.065351
vn -0.047480 0.996732 0.065350
vn -0.047480 0.996732 0.065351
vn -0.047480 0.996732 0.065350
vn -0.047481 0.996732 0.065351
vn -0.047481 0.996732 0.065352
vn -0.047480 0.996732 0.065352
vn -0.024962 0.996732 0.076824
vn -0.024962 0.996732 0.076824
vn -0.024962 0.996732 0.076825
vn -0.024962 0.996732 0.076824
vn -0.024962 0.996732 0.076824
vn -0.024962 0.996732 0.076824
vn -0.024962 0.996732 0.076824
vn -0.024962 0.996732 0.076826
vn -0.024962 0.996732 0.076825
vn -0.024962 0.996732 0.076824
vn 0.000000 0.996732 0.080777
vn 0.000000 0.996732 0.080778
vn 0.000000 0.996732 0.080778
vn 0.000000 0.996732 0.080777
vn 0.000000 0.996732 0.080777
vn -0.000000 0.996732 0.080779
vn -0.000000 0.996732 0.080778
vn 0.000000 0.996732 0.080779
vn 0.000000 0.996732 0.080779
vn 0.000000 0.996732 0.080777
vn 0.024962 0.996732 0.076824
vn 0.024962 0.996732 0.076824
vn 0.024962 0.996732 0.076824
vn 0.024962 0.996732 0.076824
vn 0.024962 0.996732 0.076824
vn 0.024962 0.996732 0.076824
vn 0.024962 0.996732 0.076824
vn 0.024962 0.996732 0.076825
vn 0.024962 0.996732 0.076825
vn 0.024962 0.996732 0.076824
vn 0.047480 0.996732 0.065351
vn 0.047480 0.996732 0.065350
vn 0.047480 0.996732 0.065350
vn 0.047480 0.996732 0.065351
vn 0.047480 0.996732 0.065350
vn 0.047480 0.996732 0.065351
vn 0.047480 0.996732 0.065350
vn 0.047480 0.996732 0.065351
vn 0.047481 0.996732 0.065352
vn 0.047480 0.996732 0.065350
vn 0.065351 0.996732 0.047480
vn 0.065351 0.996732 0.047480
vn 0.065351 0.996732 0.047480
vn 0.065351 0.996732 0.047480
vn 0.065351 0.996732 0.047480
vn 0.065351 0.996732 0.047480
vn 0.065351 0.996732 0.047480
vn 0.065351 0.996732 0.047481
vn 0.065352 0.996732 0.047482
vn 0.065351 0.996732 0.047481
vn 0.076824 0.996732 0.024961
vn 0.076824 0.996732 0.024961
vn 0.076825 0.996732 0.024962
vn 0.076825 0.996732 0.024962
vn 0.076824 0.996732 0.024962
vn 0.076825 0.996732 0.024962
vn 0.076825 0.996732 0.024962
vn 0.076825 0.996732 0.024963
vn 0.076826 0.996732 0.024963
vn 0.076824 0.996732 0.024962
vn 0.080778 0.996732 -0.000000
vn 0.080778 0.996732 -0.000000
vn 0.080778 0.996732 -0.000000
vn 0.080778 0.996732 -0.000000
vn 0.080778 0.996732 -0.000000
vn 0.080778 0.996732 -0.000000
vn 0.080778 0.996732 -0.000000
vn 0.080779 0.996732 0.000001
vn 0.080779 0.996732 0.000001
vn 0.080778 0.996732 0.000000
vn 0.058927 0.998079 -0.019151
vn 0.050127 0.998079 -0.036421
vn 0.000000 1.000000 -0.000001
vn 0.036419 0.998079 -0.050126
vn 0.019147 0.998079 -0.058927
vn -0.000000 0.998079 -0.061959
vn -0.019147 0.998079 -0.058927
vn -0.036419 0.998079 -0.050127
vn -0.050127 0.998079 -0.036419
vn -0.058927 0.998079 -0.019146
vn -0.061960 0.998079 0.000000
vn -0.058928 0.998079 0.019148
vn -0.050127 0.998079 0.036420
vn -0.036419 0.998079 0.050126
vn -0.019147 0.998079 0.058927
vn -0.000000 0.998079 0.061959
vn 0.019147 0.998079 0.058927
vn 0.036419 0.998079 0.050126
vn 0.050127 0.998079 0.036420
vn 0.058928 0.998079 0.019149
vn 0.061960 0.998079 0.000000
vn 0.951057 0.000014 -0.309016
vn 0.809017 0.000014 -0.587785
vn 0.809017 0.000014 -0.587785
vn 0.951057 0.000014 -0.309016
vn 0.587785 0.000014 -0.809017
vn 0.587785 0.000014 -0.809017
vn 0.309017 0.000014 -0.951057
vn 0.309017 0.000014 -0.951057
vn 0.000000 0.000015 -1.000000
vn 0.000000 0.000015 -1.000000
vn -0.309017 0.000014 -0.951057
vn -0.309017 0.000014 -0.951057
vn -0.587786 0.000013 -0.809017
vn -0.587786 0.000013 -0.809017
vn -0.809017 0.000013 -0.587785
vn -0.809017 0.000013 -0.587785
vn -0.951056 0.000014 -0.309017
vn -0.951057 0.000014 -0.309017
vn -1.000000 0.000014 -0.000000
vn -1.000000 0.000014 -0.000000
vn -0.951057 0.000014 0.309017
vn -0.951057 0.000014 0.309017
vn -0.809017 0.000013 0.587785
vn -0.809017 0.000013 0.587785
vn -0.587785 0.000013 0.809017
vn -0.587785 0.000013 0.809017
vn -0.309017 0.000013 0.951056
vn -0.309017 0.000013 0.951056
vn 0.000000 0.000013 1.000000
vn 0.000000 0.000013 1.000000
vn 0.309017 0.000013 0.951057
vn 0.309017 0.000013 0.951057
vn 0.587785 0.000012 0.809017
vn 0.587785 0.000012 0.809017
vn 0.809017 0.000012 0.587785
vn 0.809017 0.000012 0.587785
vn 0.951057 0.000013 0.309017
vn 0.951057 0.000013 0.309017
vn 1.000000 0.000013 0.000001
vn 1.000000 0.000013 0.000001
vn 0.105053 0.993881 -0.034134
vn -0.108947 0.993417 0.035399
vn -0.114553 0.993417 0.000000
vn 0.110459 0.993881 0.000000
vn 0.865394 0.414766 -0.281182
vn 0.909927 0.414768 0.000001
vn 0.932337 0.197428 -0.302935
vn 0.915612 0.270461 -0.297500
vn 0.962731 0.270461 0.000001
vn 0.980318 0.197423 0.000001
vn 0.089364 0.993881 -0.064927
vn -0.092676 0.993417 0.067333
vn 0.736147 0.414767 -0.534842
vn 0.778865 0.270465 -0.565879
vn 0.793090 0.197438 -0.576217
vn 0.064927 0.993881 -0.089365
vn -0.067333 0.993417 0.092676
vn 0.534842 0.414768 -0.736147
vn 0.565879 0.270464 -0.778865
vn 0.576213 0.197437 -0.793093
vn 0.034134 0.993881 -0.105053
vn -0.035399 0.993417 0.108948
vn 0.281183 0.414767 -0.865393
vn 0.297500 0.270463 -0.915611
vn 0.302933 0.197435 -0.932336
vn 0.000000 0.993881 -0.110459
vn 0.000000 0.993417 0.114554
vn 0.000000 0.414767 -0.909928
vn 0.000000 0.270464 -0.962730
vn 0.000000 0.197434 -0.980316
vn -0.034134 0.993881 -0.105053
vn 0.035399 0.993417 0.108947
vn -0.281183 0.414767 -0.865393
vn -0.297499 0.270465 -0.915611
vn -0.302933 0.197434 -0.932337
vn -0.064927 0.993881 -0.089364
vn 0.067333 0.993417 0.092676
vn -0.534842 0.414768 -0.736146
vn -0.565878 0.270464 -0.778865
vn -0.576213 0.197431 -0.793095
vn -0.089364 0.993881 -0.064926
vn 0.092676 0.993417 0.067333
vn -0.736147 0.414769 -0.534840
vn -0.778865 0.270464 -0.565878
vn -0.793091 0.197430 -0.576218
vn -0.105053 0.993881 -0.034133
vn 0.108946 0.993417 0.035399
vn -0.865392 0.414769 -0.281182
vn -0.915611 0.270464 -0.297500
vn -0.932336 0.197430 -0.302937
vn -0.110459 0.993881 -0.000000
vn 0.114552 0.993417 -0.000000
vn -0.909927 0.414769 0.000000
vn -0.962731 0.270462 -0.000000
vn -0.980318 0.197426 -0.000001
vn -0.105053 0.993881 0.034134
vn 0.108946 0.993417 -0.035399
vn -0.865392 0.414769 0.281182
vn -0.915612 0.270462 0.297499
vn -0.932337 0.197426 0.302937
vn -0.089364 0.993881 0.064927
vn 0.092675 0.993417 -0.067332
vn -0.736147 0.414769 0.534841
vn -0.778865 0.270464 0.565878
vn -0.793091 0.197430 0.576218
vn -0.064926 0.993881 0.089364
vn 0.067332 0.993417 -0.092675
vn -0.534842 0.414770 0.736145
vn -0.565878 0.270464 0.778865
vn -0.576214 0.197431 0.793095
vn -0.034134 0.993881 0.105054
vn 0.035399 0.993417 -0.108946
vn -0.281183 0.414769 0.865392
vn -0.297499 0.270463 0.915611
vn -0.302934 0.197428 0.932337
vn -0.000000 0.993881 0.110459
vn -0.000000 0.993417 -0.114553
vn 0.000000 0.414769 0.909927
vn 0.000000 0.270463 0.962731
vn -0.000000 0.197426 0.980318
vn 0.034134 0.993881 0.105053
vn -0.035399 0.993417 -0.108946
vn 0.281182 0.414769 0.865392
vn 0.297499 0.270463 0.915611
vn 0.302933 0.197424 0.932339
vn 0.064926 0.993881 0.089364
vn -0.067332 0.993417 -0.092675
vn 0.534843 0.414766 0.736147
vn 0.565878 0.270461 0.778866
vn 0.576214 0.197424 0.793096
vn 0.089364 0.993881 0.064927
vn -0.092675 0.993417 -0.067332
vn 0.736148 0.414766 0.534842
vn 0.778865 0.270465 0.565878
vn 0.793090 0.197438 0.576217
vn 0.105054 0.993881 0.034134
vn -0.108946 0.993417 -0.035398
vn 0.865392 0.414768 0.281182
vn 0.915610 0.270466 0.297500
vn 0.932335 0.197438 0.302936
vn 0.076825 0.996732 -0.024962
vn 0.065351 0.996732 -0.047480
vn 0.065351 0.996732 -0.047480
vn 0.076825 0.996732 -0.024962
vn 0.065351 0.996732 -0.047480
vn 0.076825 0.996732 -0.024962
vn 0.065351 0.996732 -0.047480
vn 0.076825 0.996732 -0.024962
vn 0.065351 0.996732 -0.047480
vn 0.076824 0.996732 -0.024961
vn 0.065351 0.996732 -0.047480
vn 0.076825 0.996732 -0.024961
vn 0.065351 0.996732 -0.047481
vn 0.076824 0.996732 -0.024962
vn 0.065351 0.996732 -0.047481
vn 0.076825 0.996732 -0.024962
vn 0.065352 0.996732 -0.047481
vn 0.076826 0.996732 -0.024962
vn 0.065351 0.996732 -0.047479
vn 0.076824 0.996732 -0.024963
vn 0.047480 0.996732 -0.065351
vn 0.047480 0.996732 -0.065351
vn 0.047480 0.996732 -0.065351
vn 0.047480 0.996732 -0.065351
vn 0.047480 0.996732 -0.065351
vn 0.047480 0.996732 -0.065350
vn 0.047480 0.996732 -0.065350
vn 0.047481 0.996732 -0.065352
vn 0.047481 0.996732 -0.065352
vn 0.047480 0.996732 -0.065350
vn 0.024962 0.996732 -0.076824
vn 0.024962 0.996732 -0.076825
vn 0.024962 0.996732 -0.076825
vn 0.024962 0.996732 -0.076825
vn 0.024962 0.996732 -0.076825
vn 0.024962 0.996732 -0.076824
vn 0.024962 0.996732 -0.076824
vn 0.024962 0.996732 -0.076825
vn 0.024962 0.996732 -0.076826
vn 0.024962 0.996732 -0.076825
vn 0.000000 0.996732 -0.080777
vn 0.000000 0.996732 -0.080778
vn 0.000000 0.996732 -0.080779
vn 0.000000 0.996732 -0.080779
vn 0.000000 0.996732 -0.080778
vn -0.000000 0.996732 -0.080777
vn 0.000000 0.996732 -0.080778
vn 0.000000 0.996732 -0.080779
vn 0.000000 0.996732 -0.080779
vn -0.000000 0.996732 -0.080777
vn -0.024962 0.996732 -0.076824
vn -0.024962 0.996732 -0.076825
vn -0.024962 0.996732 -0.076825
vn -0.024962 0.996732 -0.076824
vn -0.024962 0.996732 -0.076824
vn -0.024962 0.996732 -0.076824
vn -0.024962 0.996732 -0.076825
vn -0.024962 0.996732 -0.076825
vn -0.024962 0.996732 -0.076825
vn -0.024962 0.996732 -0.076824
vn -0.047480 0.996732 -0.065351
vn -0.047480 0.996732 -0.065351
vn -0.047480 0.996732 -0.065351
vn -0.047480 0.996732 -0.065350
vn -0.047480 0.996732 -0.065351
vn -0.047480 0.996732 -0.065351
vn -0.047480 0.996732 -0.065350
vn -0.047481 0.996732 -0.065351
vn -0.047481 0.996732 -0.065351
vn -0.047480 0.996732 -0.065350
vn -0.065351 0.996732 -0.047480
vn -0.065351 0.996732 -0.047480
vn -0.065351 0.996732 -0.047481
vn -0.065351 0.996732 -0.047481
vn -0.065351 0.996732 -0.047480
vn -0.065351 0.996732 -0.047480
vn -0.065351 0.996732 -0.047480
vn -0.065352 0.996732 -0.047481
vn -0.065352 0.996732 -0.047481
vn -0.065351 0.996732 -0.047479
vn -0.076825 0.996732 -0.024962
vn -0.076825 0.996732 -0.024962
vn -0.076824 0.996732 -0.024962
vn -0.076824 0.996732 -0.024962
vn -0.076824 0.996732 -0.024962
vn -0.076824 0.996732 -0.024962
vn -0.076824 0.996732 -0.024962
vn -0.076825 0.996732 -0.024962
vn -0.076826 0.996732 -0.024962
vn -0.076824 0.996732 -0.024962
vn -0.080778 0.996732 -0.000000
vn -0.080778 0.996732 -0.000000
vn -0.080778 0.996732 -0.000000
vn -0.080778 0.996732 -0.000000
vn -0.080778 0.996732 -0.000000
vn -0.080778 0.996732 -0.000000
vn -0.080778 0.996732 0.000000
vn -0.080779 0.996732 -0.000000
vn -0.080780 0.996732 0.000000
vn -0.080778 0.996732 0.000000
vn -0.076824 0.996732 0.024962
vn -0.076824 0.996732 0.024962
vn -0.076824 0.996732 0.024962
vn -0.076825 0.996732 0.024961
vn -0.076825 0.996732 0.024961
vn -0.076824 0.996732 0.024962
vn -0.076824 0.996732 0.024962
vn -0.076825 0.996732 0.024962
vn -0.076826 0.996732 0.024963
vn -0.076825 0.996732 0.024964
vn -0.065351 0.996732 0.047481
vn -0.065351 0.996732 0.047481
vn -0.065351 0.996732 0.047481
vn -0.065351 0.996732 0.047480
vn -0.065351 0.996732 0.047479
vn -0.065351 0.996732 0.047481
vn -0.065351 0.996732 0.047479
vn -0.065352 0.996732 0.047480
vn -0.065352 0.996732 0.047481
vn -0.065351 0.996732 0.047479
vn -0.047480 0.996732 0.065351
vn -0.047480 0.996732 0.065351
vn -0.047480 0.996732 0.065351
vn -0.047480 0.996732 0.065351
vn -0.047480 0.996732 0.065351
vn -0.047480 0.996732 0.065351
vn -0.047480 0.996732 0.065350
vn -0.047481 0.996732 0.065351
vn -0.047481 0.996732 0.065351
vn -0.047480 0.996732 0.065349
vn -0.024962 0.996732 0.076824
vn -0.024962 0.996732 0.076825
vn -0.024962 0.996732 0.076825
vn -0.024962 0.996732 0.076824
vn -0.024962 0.996732 0.076824
vn -0.024962 0.996732 0.076825
vn -0.024962 0.996732 0.076825
vn -0.024962 0.996732 0.076825
vn -0.024962 0.996732 0.076825
vn -0.024962 0.996732 0.076825
vn 0.000000 0.996732 0.080778
vn 0.000000 0.996732 0.080778
vn 0.000000 0.996732 0.080778
vn 0.000000 0.996732 0.080778
vn 0.000000 0.996732 0.080778
vn -0.000000 0.996732 0.080778
vn 0.000000 0.996732 0.080778
vn 0.000000 0.996732 0.080779
vn -0.000000 0.996732 0.080780
vn -0.000000 0.996732 0.080777
vn 0.024962 0.996732 0.076824
vn 0.024962 0.996732 0.076824
vn 0.024962 0.996732 0.076824
vn 0.024962 0.996732 0.076825
vn 0.024962 0.996732 0.076825
vn 0.024962 0.996732 0.076824
vn 0.024962 0.996732 0.076825
vn 0.024962 0.996732 0.076825
vn 0.024962 0.996732 0.076826
vn 0.024962 0.996732 0.076824
vn 0.047480 0.996732 0.065350
vn 0.047480 0.996732 0.065351
vn 0.047480 0.996732 0.065351
vn 0.047480 0.996732 0.065351
vn 0.047480 0.996732 0.065351
vn 0.047480 0.996732 0.065351
vn 0.047480 0.996732 0.065351
vn 0.047481 0.996732 0.065351
vn 0.047481 0.996732 0.065352
vn 0.047480 0.996732 0.065350
vn 0.065351 0.996732 0.047480
vn 0.065351 0.996732 0.047480
vn 0.065351 0.996732 0.047480
vn 0.065351 0.996732 0.047480
vn 0.065351 0.996732 0.047480
vn 0.065351 0.996732 0.047480
vn 0.065351 0.996732 0.047480
vn 0.065352 0.996732 0.047481
vn 0.065352 0.996732 0.047481
vn 0.065351 0.996732 0.047479
vn 0.076825 0.996732 0.024962
vn 0.076825 0.996732 0.024962
vn 0.076824 0.996732 0.024962
vn 0.076825 0.996732 0.024962
vn 0.076825 0.996732 0.024962
vn 0.076825 0.996732 0.024962
vn 0.076824 0.996732 0.024962
vn 0.076825 0.996732 0.024962
vn 0.076826 0.996732 0.024962
vn 0.076825 0.996732 0.024963
vn 0.080778 0.996732 -0.000000
vn 0.080778 0.996732 0.000000
vn 0.080778 0.996732 -0.000000
vn 0.080778 0.996732 -0.000000
vn 0.080778 0.996732 0.000000
vn 0.080778 0.996732 0.000000
vn 0.080778 0.996732 0.000000
vn 0.080779 0.996732 0.000000
vn 0.080780 0.996732 0.000000
vn 0.080778 0.996732 0.000000
vn 0.363951 -0.923881 -0.118253
vn 0.309595 -0.923881 -0.224933
vn 0.380847 -0.882265 -0.276702
vn 0.447713 -0.882266 -0.145469
vn 0.224934 -0.923881 -0.309595
vn 0.276701 -0.882266 -0.380846
vn 0.118255 -0.923881 -0.363951
vn 0.145470 -0.882266 -0.447712
vn -0.000000 -0.923881 -0.382680
vn 0.000000 -0.882265 -0.470752
vn -0.118255 -0.923880 -0.363952
vn -0.145471 -0.882266 -0.447712
vn -0.224935 -0.923880 -0.309598
vn -0.276702 -0.882265 -0.380848
vn -0.309596 -0.923880 -0.224935
vn -0.380847 -0.882265 -0.276702
vn -0.363952 -0.923880 -0.118254
vn -0.447712 -0.882266 -0.145470
vn -0.382682 -0.923880 0.000000
vn -0.470751 -0.882266 -0.000000
vn -0.363952 -0.923880 0.118253
vn -0.447712 -0.882266 0.145470
vn -0.309596 -0.923881 0.224934
vn -0.380847 -0.882265 0.276701
vn -0.224934 -0.923880 0.309596
vn -0.276702 -0.882265 0.380847
vn -0.118255 -0.923881 0.363951
vn -0.145471 -0.882265 0.447713
vn 0.000000 -0.923881 0.382680
vn -0.000000 -0.882266 0.470752
vn 0.118255 -0.923880 0.363952
vn 0.145470 -0.882266 0.447712
vn 0.224934 -0.923881 0.309596
vn 0.276701 -0.882266 0.380847
vn 0.309595 -0.923881 0.224934
vn 0.380846 -0.882266 0.276701
vn 0.363952 -0.923881 0.118254
vn 0.447713 -0.882265 0.145470
vn 0.382681 -0.923880 0.000001
vn 0.470752 -0.882266 0.000001
vn 0.485139 -0.800251 -0.352475
vn 0.570315 -0.800252 -0.185306
vn 0.352473 -0.800252 -0.485139
vn 0.185306 -0.800252 -0.570315
vn 0.000000 -0.800251 -0.599665
vn -0.185306 -0.800251 -0.570315
vn -0.352474 -0.800251 -0.485139
vn -0.485139 -0.800251 -0.352475
vn -0.570315 -0.800251 -0.185307
vn -0.599664 -0.800252 0.000000
vn -0.570315 -0.800252 0.185307
vn -0.485139 -0.800251 0.352474
vn -0.352474 -0.800251 0.485139
vn -0.185306 -0.800251 0.570316
vn 0.000000 -0.800252 0.599665
vn 0.185306 -0.800252 0.570315
vn 0.352474 -0.800251 0.485139
vn 0.485139 -0.800251 0.352475
vn 0.570315 -0.800251 0.185307
vn 0.599664 -0.800252 0.000001
vn 0.578713 -0.698788 -0.420460
vn 0.680318 -0.698788 -0.221049
vn 0.420460 -0.698788 -0.578713
vn 0.221048 -0.698789 -0.680318
vn -0.000000 -0.698788 -0.715328
vn -0.221049 -0.698788 -0.680318
vn -0.420460 -0.698788 -0.578713
vn -0.578713 -0.698788 -0.420460
vn -0.680318 -0.698788 -0.221049
vn -0.715329 -0.698788 0.000000
vn -0.680318 -0.698788 0.221049
vn -0.578713 -0.698788 0.420460
vn -0.420459 -0.698788 0.578713
vn -0.221048 -0.698789 0.680318
vn -0.000000 -0.698788 0.715328
vn 0.221049 -0.698788 0.680318
vn 0.420459 -0.698788 0.578713
vn 0.578713 -0.698789 0.420459
vn 0.680318 -0.698789 0.221049
vn 0.715329 -0.698788 0.000001
vn 0.658807 -0.580401 -0.478652
vn 0.774474 -0.580402 -0.251641
vn 0.478651 -0.580401 -0.658808
vn 0.251642 -0.580401 -0.774474
vn -0.000000 -0.580401 -0.814331
vn -0.251642 -0.580402 -0.774474
vn -0.478652 -0.580401 -0.658807
vn -0.658807 -0.580402 -0.478652
vn -0.774474 -0.580403 -0.251642
vn -0.814330 -0.580402 0.000000
vn -0.774474 -0.580402 0.251642
vn -0.658807 -0.580401 0.478652
vn -0.478652 -0.580402 0.658807
vn -0.251642 -0.580403 0.774474
vn 0.000000 -0.580401 0.814331
vn 0.251642 -0.580401 0.774474
vn 0.478651 -0.580401 0.658808
vn 0.658807 -0.580402 0.478651
vn 0.774474 -0.580402 0.251641
vn 0.814331 -0.580401 0.000001
vn 0.723291 -0.447994 -0.525502
vn 0.850280 -0.447994 -0.276271
vn 0.525501 -0.447994 -0.723291
vn 0.276272 -0.447994 -0.850279
vn -0.000000 -0.447994 -0.894037
vn -0.276273 -0.447994 -0.850279
vn -0.525503 -0.447993 -0.723291
vn -0.723292 -0.447993 -0.525501
vn -0.850280 -0.447992 -0.276272
vn -0.894038 -0.447991 0.000000
vn -0.850280 -0.447993 0.276273
vn -0.723291 -0.447994 0.525502
vn -0.525502 -0.447993 0.723291
vn -0.276273 -0.447994 0.850279
vn 0.000000 -0.447993 0.894037
vn 0.276273 -0.447994 0.850279
vn 0.525502 -0.447994 0.723291
vn 0.723291 -0.447993 0.525502
vn 0.850280 -0.447993 0.276272
vn 0.894037 -0.447994 0.000000
vn 0.770524 -0.304790 -0.559818
vn 0.905806 -0.304789 -0.294312
vn 0.559818 -0.304790 -0.770524
vn 0.294314 -0.304789 -0.905805
vn -0.000000 -0.304788 -0.952420
vn -0.294314 -0.304788 -0.905805
vn -0.559819 -0.304788 -0.770524
vn -0.770525 -0.304787 -0.559818
vn -0.905806 -0.304786 -0.294314
vn -0.952421 -0.304786 0.000000
vn -0.905805 -0.304788 0.294314
vn -0.770524 -0.304790 0.559818
vn -0.559819 -0.304789 0.770524
vn -0.294314 -0.304788 0.905806
vn 0.000000 -0.304788 0.952420
vn 0.294315 -0.304788 0.905805
vn 0.559818 -0.304788 0.770524
vn 0.770524 -0.304787 0.559819
vn 0.905806 -0.304787 0.294314
vn 0.952420 -0.304788 0.000000
vn 0.799335 -0.154250 -0.580750
vn 0.939675 -0.154251 -0.305317
vn 0.580751 -0.154249 -0.799335
vn 0.305318 -0.154249 -0.939675
vn -0.000000 -0.154249 -0.988032
vn -0.305319 -0.154248 -0.939674
vn -0.580751 -0.154248 -0.799334
vn -0.799335 -0.154247 -0.580751
vn -0.939674 -0.154249 -0.305319
vn -0.988032 -0.154251 0.000000
vn -0.939674 -0.154249 0.305318
vn -0.799335 -0.154248 0.580750
vn -0.580751 -0.154249 0.799335
vn -0.305318 -0.154249 0.939674
vn 0.000000 -0.154248 0.988032
vn 0.305319 -0.154248 0.939674
vn 0.580751 -0.154249 0.799335
vn 0.799335 -0.154249 0.580750
vn 0.939674 -0.154248 0.305319
vn 0.988032 -0.154249 0.000001
vn 0.809017 0.000000 -0.587785
vn 0.951057 0.000000 -0.309015
vn 0.587785 0.000000 -0.809017
vn 0.309017 0.000000 -0.951057
vn 0.000000 0.000000 -1.000000
vn -0.309017 0.000000 -0.951056
vn -0.587786 0.000000 -0.809017
vn -0.809017 -0.000000 -0.587785
vn -0.951056 -0.000000 -0.309018
vn -1.000000 0.000000 -0.000000
vn -0.951057 0.000000 0.309017
vn -0.809017 0.000000 0.587785
vn -0.587785 0.000000 0.809017
vn -0.309017 -0.000000 0.951057
vn 0.000000 -0.000000 1.000000
vn 0.309017 -0.000000 0.951057
vn 0.587785 0.000000 0.809017
vn 0.809017 0.000000 0.587785
vn 0.951056 -0.000000 0.309017
vn 1.000000 -0.000000 0.000002
vn 0.799335 0.154249 -0.580750
vn 0.939675 0.154251 -0.305317
vn 0.580751 0.154248 -0.799335
vn 0.305318 0.154249 -0.939675
vn -0.000000 0.154249 -0.988032
vn -0.305319 0.154248 -0.939674
vn -0.580751 0.154248 -0.799334
vn -0.799335 0.154248 -0.580750
vn -0.939674 0.154249 -0.305319
vn -0.988032 0.154251 0.000000
vn -0.939674 0.154249 0.305318
vn -0.799335 0.154248 0.580750
vn -0.580751 0.154249 0.799335
vn -0.305319 0.154249 0.939674
vn 0.000000 0.154249 0.988032
vn 0.305319 0.154248 0.939674
vn 0.580751 0.154249 0.799335
vn 0.799335 0.154249 0.580751
vn 0.939674 0.154248 0.305319
vn 0.988032 0.154249 0.000001
vn 0.770524 0.304790 -0.559818
vn 0.905805 0.304790 -0.294313
vn 0.559818 0.304790 -0.770524
vn 0.294314 0.304789 -0.905805
vn -0.000000 0.304789 -0.952420
vn -0.294314 0.304789 -0.905805
vn -0.559819 0.304789 -0.770524
vn -0.770525 0.304787 -0.559818
vn -0.905806 0.304787 -0.294314
vn -0.952421 0.304787 0.000000
vn -0.905805 0.304789 0.294314
vn -0.770523 0.304790 0.559818
vn -0.559819 0.304790 0.770524
vn -0.294314 0.304789 0.905805
vn 0.000000 0.304789 0.952420
vn 0.294314 0.304789 0.905805
vn 0.559818 0.304789 0.770524
vn 0.770524 0.304788 0.559819
vn 0.905806 0.304788 0.294313
vn 0.952420 0.304789 0.000000
vn 0.723290 0.447994 -0.525502
vn 0.850279 0.447994 -0.276272
vn 0.525501 0.447994 -0.723291
vn 0.276272 0.447994 -0.850279
vn 0.000000 0.447995 -0.894036
vn -0.276273 0.447994 -0.850279
vn -0.525503 0.447992 -0.723291
vn -0.723291 0.447993 -0.525502
vn -0.850280 0.447992 -0.276273
vn -0.894038 0.447991 -0.000000
vn -0.850280 0.447993 0.276273
vn -0.723290 0.447994 0.525502
vn -0.525502 0.447993 0.723291
vn -0.276272 0.447993 0.850280
vn 0.000000 0.447993 0.894037
vn 0.276273 0.447994 0.850279
vn 0.525501 0.447993 0.723291
vn 0.723291 0.447993 0.525502
vn 0.850280 0.447994 0.276272
vn 0.894036 0.447994 0.000000
vn 0.658808 0.580400 -0.478652
vn 0.774475 0.580400 -0.251642
vn 0.478652 0.580400 -0.658808
vn 0.251642 0.580400 -0.774475
vn 0.000000 0.580401 -0.814331
vn -0.251642 0.580400 -0.774475
vn -0.478652 0.580400 -0.658808
vn -0.658808 0.580400 -0.478652
vn -0.774474 0.580401 -0.251642
vn -0.814331 0.580401 -0.000000
vn -0.774475 0.580401 0.251642
vn -0.658808 0.580400 0.478652
vn -0.478652 0.580400 0.658808
vn -0.251642 0.580401 0.774475
vn 0.000000 0.580400 0.814332
vn 0.251642 0.580400 0.774475
vn 0.478652 0.580400 0.658808
vn 0.658808 0.580401 0.478651
vn 0.774475 0.580401 0.251642
vn 0.814332 0.580400 0.000001
vn 0.578712 0.698789 -0.420460
vn 0.680318 0.698788 -0.221049
vn 0.420460 0.698788 -0.578713
vn 0.221048 0.698789 -0.680318
vn -0.000000 0.698788 -0.715329
vn -0.221049 0.698788 -0.680318
vn -0.420459 0.698788 -0.578713
vn -0.578713 0.698788 -0.420459
vn -0.680318 0.698788 -0.221049
vn -0.715329 0.698788 -0.000000
vn -0.680318 0.698788 0.221048
vn -0.578713 0.698788 0.420459
vn -0.420460 0.698788 0.578713
vn -0.221048 0.698789 0.680317
vn -0.000000 0.698789 0.715328
vn 0.221049 0.698789 0.680318
vn 0.420460 0.698788 0.578713
vn 0.578713 0.698788 0.420459
vn 0.680318 0.698788 0.221049
vn 0.715329 0.698788 0.000001
vn 0.485139 0.800252 -0.352474
vn 0.570314 0.800252 -0.185305
vn 0.352474 0.800252 -0.485139
vn 0.185306 0.800252 -0.570315
vn 0.000000 0.800251 -0.599665
vn -0.185306 0.800252 -0.570315
vn -0.352474 0.800252 -0.485138
vn -0.485139 0.800251 -0.352474
vn -0.570315 0.800251 -0.185306
vn -0.599664 0.800252 0.000000
vn -0.570315 0.800252 0.185307
vn -0.485139 0.800251 0.352474
vn -0.352474 0.800252 0.485139
vn -0.185306 0.800251 0.570315
vn 0.000000 0.800252 0.599664
vn 0.185306 0.800252 0.570315
vn 0.352474 0.800251 0.485139
vn 0.485140 0.800251 0.352474
vn 0.570315 0.800251 0.185307
vn 0.599664 0.800252 0.000001
vn 0.380847 0.882266 -0.276700
vn 0.447712 0.882266 -0.145468
vn 0.276701 0.882266 -0.380845
vn 0.145470 0.882266 -0.447711
vn 0.000000 0.882266 -0.470751
vn -0.145471 0.882266 -0.447712
vn -0.276702 0.882265 -0.380847
vn -0.380848 0.882265 -0.276701
vn -0.447712 0.882266 -0.145469
vn -0.470751 0.882266 0.000001
vn -0.447712 0.882266 0.145470
vn -0.380847 0.882265 0.276701
vn -0.276701 0.882265 0.380846
vn -0.145471 0.882265 0.447712
vn -0.000000 0.882266 0.470751
vn 0.145470 0.882265 0.447712
vn 0.276701 0.882266 0.380847
vn 0.380846 0.882266 0.276701
vn 0.447713 0.882265 0.145470
vn 0.470752 0.882266 0.000001
vn 0.269870 0.942723 -0.196071
vn 0.317251 0.942723 -0.103081
vn 0.196071 0.942724 -0.269867
vn 0.103081 0.942723 -0.317249
vn -0.000000 0.942723 -0.333577
vn -0.103081 0.942722 -0.317252
vn -0.196072 0.942722 -0.269871
vn -0.269870 0.942723 -0.196070
vn -0.317251 0.942723 -0.103079
vn -0.333578 0.942722 0.000000
vn -0.317252 0.942723 0.103080
vn -0.269870 0.942723 0.196070
vn -0.196072 0.942723 0.269868
vn -0.103081 0.942723 0.317250
vn -0.000000 0.942723 0.333578
vn 0.103081 0.942723 0.317251
vn 0.196072 0.942723 0.269869
vn 0.269869 0.942723 0.196071
vn 0.317251 0.942723 0.103082
vn 0.333578 0.942723 0.000000
vn 0.162096 0.979722 -0.117771
vn 0.190556 0.979722 -0.061918
vn 0.117770 0.979722 -0.162096
vn 0.061915 0.979722 -0.190557
vn -0.000000 0.979721 -0.200365
vn -0.061916 0.979722 -0.190557
vn -0.117770 0.979722 -0.162096
vn -0.162096 0.979722 -0.117771
vn -0.190557 0.979722 -0.061915
vn -0.200364 0.979722 0.000000
vn -0.190557 0.979722 0.061915
vn -0.162097 0.979722 0.117769
vn -0.117771 0.979722 0.162093
vn -0.061915 0.979722 0.190555
vn -0.000000 0.979721 0.200365
vn 0.061916 0.979722 0.190557
vn 0.117771 0.979722 0.162096
vn 0.162097 0.979721 0.117774
vn 0.190556 0.979722 0.061920
vn 0.200363 0.979722 0.000000
vn 0.000000 1.000000 0.000000
vn 0.058927 0.998079 -0.019145
vn 0.050127 0.998079 -0.036422
vn 0.000000 1.000000 -0.000000
vn 0.036419 0.998079 -0.050129
vn 0.019147 0.998079 -0.058927
vn 0.000000 0.998079 -0.061960
vn -0.019147 0.998079 -0.058927
vn -0.036419 0.998079 -0.050126
vn -0.050127 0.998079 -0.036419
vn -0.058927 0.998079 -0.019146
vn -0.061960 0.998079 -0.000000
vn -0.058927 0.998079 0.019145
vn -0.050127 0.998079 0.036420
vn -0.036420 0.998079 0.050128
vn -0.019147 0.998079 0.058928
vn -0.000000 0.998079 0.061960
vn 0.019146 0.998079 0.058926
vn 0.036419 0.998079 0.050127
vn 0.050127 0.998079 0.036420
vn 0.058928 0.998079 0.019145
vn 0.061960 0.998079 -0.000000
vn 0.951057 0.000014 -0.309016
vn 0.809017 0.000013 -0.587786
vn 0.809017 0.000013 -0.587786
vn 0.951057 0.000014 -0.309016
vn 0.587785 0.000012 -0.809017
vn 0.587785 0.000012 -0.809017
vn 0.309017 0.000012 -0.951057
vn 0.309017 0.000012 -0.951057
vn 0.000000 0.000013 -1.000000
vn 0.000000 0.000013 -1.000000
vn -0.309017 0.000013 -0.951057
vn -0.309017 0.000013 -0.951057
vn -0.587785 0.000014 -0.809017
vn -0.587785 0.000014 -0.809017
vn -0.809017 0.000013 -0.587785
vn -0.809017 0.000013 -0.587785
vn -0.951057 0.000012 -0.309017
vn -0.951057 0.000012 -0.309017
vn -1.000000 0.000011 -0.000000
vn -1.000000 0.000011 -0.000000
vn -0.951056 0.000012 0.309018
vn -0.951056 0.000012 0.309018
vn -0.809017 0.000012 0.587785
vn -0.809017 0.000012 0.587785
vn -0.587786 0.000012 0.809017
vn -0.587786 0.000012 0.809017
vn -0.309017 0.000013 0.951057
vn -0.309017 0.000013 0.951057
vn 0.000000 0.000013 1.000000
vn 0.000000 0.000013 1.000000
vn 0.309017 0.000013 0.951057
vn 0.309017 0.000013 0.951057
vn 0.587786 0.000011 0.809017
vn 0.587785 0.000011 0.809017
vn 0.809017 0.000010 0.587785
vn 0.809017 0.000010 0.587785
vn 0.951056 0.000010 0.309017
vn 0.951057 0.000010 0.309017
vn 1.000000 0.000011 0.000001
vn 1.000000 0.000011 0.000001
vn 0.105049 0.993881 -0.034132
vn -0.108951 0.993417 0.035401
vn -0.114558 0.993417 -0.000000
vn 0.110455 0.993881 0.000000
vn 0.865395 0.414762 -0.281184
vn 0.909930 0.414762 0.000001
vn 0.932335 0.197438 -0.302935
vn 0.915611 0.270463 -0.297500
vn 0.962732 0.270456 0.000001
vn 0.980319 0.197418 0.000001
vn 0.089359 0.993881 -0.064923
vn -0.092680 0.993416 0.067336
vn 0.736147 0.414764 -0.534844
vn 0.778865 0.270462 -0.565879
vn 0.793092 0.197428 -0.576218
vn 0.064924 0.993881 -0.089360
vn -0.067336 0.993417 0.092679
vn 0.534843 0.414763 -0.736148
vn 0.565880 0.270459 -0.778866
vn 0.576216 0.197423 -0.793095
vn 0.034133 0.993881 -0.105050
vn -0.035400 0.993416 0.108952
vn 0.281183 0.414765 -0.865394
vn 0.297499 0.270462 -0.915612
vn 0.302935 0.197428 -0.932337
vn 0.000000 0.993881 -0.110456
vn -0.000000 0.993416 0.114559
vn 0.000000 0.414766 -0.909928
vn 0.000000 0.270463 -0.962730
vn 0.000000 0.197425 -0.980318
vn -0.034133 0.993881 -0.105050
vn 0.035401 0.993416 0.108953
vn -0.281183 0.414769 -0.865392
vn -0.297500 0.270467 -0.915610
vn -0.302936 0.197430 -0.932337
vn -0.064924 0.993881 -0.089361
vn 0.067336 0.993416 0.092681
vn -0.534843 0.414766 -0.736147
vn -0.565879 0.270466 -0.778864
vn -0.576214 0.197438 -0.793092
vn -0.089361 0.993881 -0.064924
vn 0.092680 0.993416 0.067336
vn -0.736147 0.414768 -0.534842
vn -0.778864 0.270466 -0.565879
vn -0.793092 0.197428 -0.576219
vn -0.105050 0.993881 -0.034132
vn 0.108951 0.993417 0.035401
vn -0.865391 0.414771 -0.281182
vn -0.915610 0.270466 -0.297500
vn -0.932339 0.197418 -0.302935
vn -0.110455 0.993881 -0.000000
vn 0.114557 0.993417 -0.000000
vn -0.909927 0.414768 -0.000000
vn -0.962731 0.270462 0.000000
vn -0.980319 0.197418 0.000000
vn -0.105048 0.993881 0.034132
vn 0.108950 0.993417 -0.035401
vn -0.865392 0.414768 0.281184
vn -0.915610 0.270466 0.297501
vn -0.932337 0.197428 0.302935
vn -0.089360 0.993881 0.064924
vn 0.092679 0.993417 -0.067335
vn -0.736147 0.414765 0.534843
vn -0.778864 0.270466 0.565879
vn -0.793090 0.197438 0.576217
vn -0.064924 0.993881 0.089361
vn 0.067335 0.993417 -0.092679
vn -0.534843 0.414768 0.736146
vn -0.565878 0.270466 0.778864
vn -0.576215 0.197433 0.793093
vn -0.034133 0.993881 0.105050
vn 0.035400 0.993417 -0.108951
vn -0.281182 0.414771 0.865391
vn -0.297502 0.270466 0.915609
vn -0.302932 0.197425 0.932339
vn 0.000000 0.993881 0.110456
vn -0.000000 0.993417 -0.114558
vn 0.000000 0.414769 0.909927
vn 0.000000 0.270464 0.962730
vn 0.000000 0.197425 0.980318
vn 0.034132 0.993881 0.105049
vn -0.035400 0.993417 -0.108951
vn 0.281184 0.414769 0.865391
vn 0.297500 0.270462 0.915611
vn 0.302935 0.197433 0.932336
vn 0.064923 0.993881 0.089360
vn -0.067335 0.993417 -0.092679
vn 0.534843 0.414768 0.736146
vn 0.565880 0.270461 0.778865
vn 0.576210 0.197448 0.793093
vn 0.089360 0.993881 0.064923
vn -0.092679 0.993417 -0.067335
vn 0.736145 0.414771 0.534842
vn 0.778865 0.270462 0.565880
vn 0.793092 0.197428 0.576219
vn 0.105049 0.993881 0.034132
vn -0.108951 0.993417 -0.035401
vn 0.865391 0.414771 0.281183
vn 0.915612 0.270458 0.297501
vn 0.932343 0.197398 0.302937
vn 0.076825 0.996732 -0.024962
vn 0.065351 0.996732 -0.047481
vn 0.065351 0.996732 -0.047480
vn 0.076824 0.996732 -0.024962
vn 0.065351 0.996732 -0.047480
vn 0.076824 0.996732 -0.024962
vn 0.065351 0.996732 -0.047480
vn 0.076825 0.996732 -0.024962
vn 0.065351 0.996732 -0.047481
vn 0.076825 0.996732 -0.024962
vn 0.065351 0.996732 -0.047480
vn 0.076825 0.996732 -0.024962
vn 0.065351 0.996732 -0.047480
vn 0.076825 0.996732 -0.024962
vn 0.065351 0.996732 -0.047481
vn 0.076825 0.996732 -0.024963
vn 0.065352 0.996732 -0.047482
vn 0.076826 0.996732 -0.024963
vn 0.065351 0.996732 -0.047481
vn 0.076824 0.996732 -0.024961
vn 0.047480 0.996732 -0.065352
vn 0.047480 0.996732 -0.065351
vn 0.047480 0.996732 -0.065351
vn 0.047480 0.996732 -0.065350
vn 0.047480 0.996732 -0.065350
vn 0.047480 0.996732 -0.065351
vn 0.047480 0.996732 -0.065351
vn 0.047481 0.996732 -0.065352
vn 0.047481 0.996732 -0.065352
vn 0.047480 0.996732 -0.065352
vn 0.024962 0.996732 -0.076824
vn 0.024962 0.996732 -0.076825
vn 0.024962 0.996732 -0.076825
vn 0.024962 0.996732 -0.076824
vn 0.024962 0.996732 -0.076823
vn 0.024962 0.996732 -0.076825
vn 0.024962 0.996732 -0.076825
vn 0.024962 0.996732 -0.076825
vn 0.024962 0.996732 -0.076826
vn 0.024962 0.996732 -0.076824
vn -0.000000 0.996732 -0.080777
vn -0.000000 0.996732 -0.080778
vn -0.000000 0.996732 -0.080778
vn -0.000000 0.996732 -0.080778
vn -0.000000 0.996732 -0.080777
vn -0.000000 0.996732 -0.080779
vn 0.000000 0.996732 -0.080778
vn 0.000000 0.996732 -0.080779
vn 0.000000 0.996732 -0.080779
vn 0.000000 0.996732 -0.080777
vn -0.024962 0.996732 -0.076824
vn -0.024962 0.996732 -0.076824
vn -0.024962 0.996732 -0.076824
vn -0.024962 0.996732 -0.076824
vn -0.024962 0.996732 -0.076824
vn -0.024962 0.996732 -0.076824
vn -0.024962 0.996732 -0.076824
vn -0.024962 0.996732 -0.076825
vn -0.024962 0.996732 -0.076825
vn -0.024962 0.996732 -0.076824
vn -0.047480 0.996732 -0.065351
vn -0.047480 0.996732 -0.065350
vn -0.047480 0.996732 -0.065350
vn -0.047480 0.996732 -0.065350
vn -0.047480 0.996732 -0.065350
vn -0.047480 0.996732 -0.065351
vn -0.047480 0.996732 -0.065350
vn -0.047481 0.996732 -0.065351
vn -0.047481 0.996732 -0.065352
vn -0.047480 0.996732 -0.065351
vn -0.065351 0.996732 -0.047480
vn -0.065351 0.996732 -0.047480
vn -0.065351 0.996732 -0.047480
vn -0.065351 0.996732 -0.047480
vn -0.065351 0.996732 -0.047480
vn -0.065351 0.996732 -0.047480
vn -0.065351 0.996732 -0.047480
vn -0.065352 0.996732 -0.047481
vn -0.065352 0.996732 -0.047482
vn -0.065351 0.996732 -0.047481
vn -0.076825 0.996732 -0.024961
vn -0.076825 0.996732 -0.024961
vn -0.076825 0.996732 -0.024962
vn -0.076824 0.996732 -0.024962
vn -0.076825 0.996732 -0.024962
vn -0.076825 0.996732 -0.024962
vn -0.076824 0.996732 -0.024962
vn -0.076825 0.996732 -0.024962
vn -0.076826 0.996732 -0.024963
vn -0.076825 0.996732 -0.024962
vn -0.080778 0.996732 0.000000
vn -0.080778 0.996732 0.000000
vn -0.080778 0.996732 0.000000
vn -0.080778 0.996732 0.000000
vn -0.080778 0.996732 -0.000000
vn -0.080778 0.996732 -0.000000
vn -0.080778 0.996732 -0.000000
vn -0.080778 0.996732 -0.000000
vn -0.080779 0.996732 -0.000000
vn -0.080778 0.996732 -0.000000
vn -0.076825 0.996732 0.024962
vn -0.076824 0.996732 0.024962
vn -0.076824 0.996732 0.024962
vn -0.076824 0.996732 0.024962
vn -0.076824 0.996732 0.024962
vn -0.076825 0.996732 0.024962
vn -0.076824 0.996732 0.024961
vn -0.076825 0.996732 0.024961
vn -0.076826 0.996732 0.024963
vn -0.076825 0.996732 0.024962
vn -0.065351 0.996732 0.047481
vn -0.065351 0.996732 0.047481
vn -0.065351 0.996732 0.047480
vn -0.065351 0.996732 0.047480
vn -0.065351 0.996732 0.047481
vn -0.065351 0.996732 0.047480
vn -0.065351 0.996732 0.047479
vn -0.065352 0.996732 0.047480
vn -0.065352 0.996732 0.047482
vn -0.065351 0.996732 0.047482
vn -0.047480 0.996732 0.065352
vn -0.047480 0.996732 0.065351
vn -0.047480 0.996732 0.065350
vn -0.047480 0.996732 0.065351
vn -0.047480 0.996732 0.065351
vn -0.047480 0.996732 0.065351
vn -0.047480 0.996732 0.065350
vn -0.047481 0.996732 0.065351
vn -0.047481 0.996732 0.065352
vn -0.047480 0.996732 0.065352
vn -0.024962 0.996732 0.076824
vn -0.024962 0.996732 0.076824
vn -0.024962 0.996732 0.076825
vn -0.024962 0.996732 0.076824
vn -0.024962 0.996732 0.076824
vn -0.024962 0.996732 0.076824
vn -0.024962 0.996732 0.076824
vn -0.024962 0.996732 0.076826
vn -0.024962 0.996732 0.076825
vn -0.024962 0.996732 0.076825
vn 0.000000 0.996732 0.080777
vn 0.000000 0.996732 0.080778
vn 0.000000 0.996732 0.080778
vn 0.000000 0.996732 0.080777
vn 0.000000 0.996732 0.080777
vn 0.000000 0.996732 0.080779
vn 0.000000 0.996732 0.080778
vn 0.000000 0.996732 0.080780
vn 0.000000 0.996732 0.080779
vn 0.000000 0.996732 0.080777
vn 0.024962 0.996732 0.076824
vn 0.024962 0.996732 0.076824
vn 0.024962 0.996732 0.076824
vn 0.024962 0.996732 0.076824
vn 0.024962 0.996732 0.076824
vn 0.024962 0.996732 0.076825
vn 0.024962 0.996732 0.076824
vn 0.024962 0.996732 0.076825
vn 0.024962 0.996732 0.076825
vn 0.024962 0.996732 0.076824
vn 0.047480 0.996732 0.065351
vn 0.047480 0.996732 0.065350
vn 0.047480 0.996732 0.065350
vn 0.047480 0.996732 0.065351
vn 0.047480 0.996732 0.065350
vn 0.047480 0.996732 0.065351
vn 0.047480 0.996732 0.065351
vn 0.047481 0.996732 0.065351
vn 0.047481 0.996732 0.065352
vn 0.047480 0.996732 0.065351
vn 0.065351 0.996732 0.047480
vn 0.065351 0.996732 0.047480
vn 0.065351 0.996732 0.047480
vn 0.065351 0.996732 0.047480
vn 0.065351 0.996732 0.047480
vn 0.065351 0.996732 0.047480
vn 0.065351 0.996732 0.047480
vn 0.065351 0.996732 0.047481
vn 0.065352 0.996732 0.047482
vn 0.065351 0.996732 0.047481
vn 0.076824 0.996732 0.024961
vn 0.076824 0.996732 0.024961
vn 0.076824 0.996732 0.024962
vn 0.076825 0.996732 0.024962
vn 0.076825 0.996732 0.024962
vn 0.076825 0.996732 0.024962
vn 0.076824 0.996732 0.024962
vn 0.076825 0.996732 0.024963
vn 0.076826 0.996732 0.024963
vn 0.076825 0.996732 0.024962
vn 0.080778 0.996732 0.000000
vn 0.080778 0.996732 -0.000000
vn 0.080778 0.996732 -0.000000
vn 0.080778 0.996732 0.000000
vn 0.080778 0.996732 0.000000
vn 0.080778 0.996732 -0.000000
vn 0.080778 0.996732 -0.000000
vn 0.080778 0.996732 0.000001
vn 0.080779 0.996732 0.000001
vn 0.080778 0.996732 0.000000
vn 0.071668 0.997157 -0.023289
vn 0.060963 0.997157 -0.044294
vn 0.000000 1.000000 0.000000
vn 0.044293 0.997157 -0.060962
vn 0.023287 0.997157 -0.071667
vn 0.000000 0.997157 -0.075357
vn -0.023286 0.997157 -0.071666
vn -0.044293 0.997157 -0.060962
vn -0.060963 0.997157 -0.044294
vn -0.071668 0.997157 -0.023286
vn -0.075356 0.997157 0.000000
vn -0.071668 0.997157 0.023285
vn -0.060964 0.997157 0.044292
vn -0.044293 0.997157 0.060966
vn -0.023286 0.997157 0.071669
vn -0.000000 0.997157 0.075355
vn 0.023287 0.997157 0.071668
vn 0.044293 0.997157 0.060963
vn 0.060965 0.997157 0.044291
vn 0.071669 0.997157 0.023288
vn 0.075357 0.997157 0.000000
vn 0.951057 0.000008 -0.309016
vn 0.809016 0.000009 -0.587786
vn 0.809016 0.000009 -0.587786
vn 0.951057 0.000008 -0.309016
vn 0.587784 0.000010 -0.809018
vn 0.587785 0.000010 -0.809017
vn 0.309018 0.000009 -0.951056
vn 0.309018 0.000009 -0.951056
vn 0.000000 0.000008 -1.000000
vn 0.000000 0.000008 -1.000000
vn -0.309018 0.000009 -0.951056
vn -0.309018 0.000009 -0.951056
vn -0.587785 0.000009 -0.809017
vn -0.587786 0.000009 -0.809017
vn -0.809017 0.000007 -0.587785
vn -0.809017 0.000007 -0.587785
vn -0.951057 0.000008 -0.309017
vn -0.951057 0.000008 -0.309017
vn -1.000000 0.000010 -0.000000
vn -1.000000 0.000010 0.000000
vn -0.951056 0.000010 0.309017
vn -0.951056 0.000010 0.309017
vn -0.809017 0.000010 0.587785
vn -0.809017 0.000010 0.587785
vn -0.587785 0.000010 0.809017
vn -0.587785 0.000010 0.809017
vn -0.309015 0.000011 0.951057
vn -0.309016 0.000011 0.951057
vn 0.000000 0.000012 1.000000
vn 0.000000 0.000012 1.000000
vn 0.309016 0.000010 0.951057
vn 0.309016 0.000010 0.951057
vn 0.587785 0.000007 0.809018
vn 0.587784 0.000007 0.809018
vn 0.809017 0.000008 0.587785
vn 0.809018 0.000008 0.587784
vn 0.951056 0.000009 0.309017
vn 0.951057 0.000009 0.309017
vn 1.000000 0.000007 0.000002
vn 1.000000 0.000007 0.000002
vn 0.125889 0.991201 -0.040903
vn -0.132218 0.990289 0.042960
vn -0.139021 0.990289 0.000000
vn 0.132367 0.991201 0.000001
vn 0.890438 0.351305 -0.289320
vn 0.936258 0.351312 0.000001
vn 0.938305 0.163207 -0.304871
vn 0.926656 0.225065 -0.301089
vn 0.974340 0.225083 0.000000
vn 0.986588 0.163232 -0.000000
vn 0.107087 0.991201 -0.077803
vn -0.112472 0.990289 0.081716
vn 0.757452 0.351305 -0.550320
vn 0.788262 0.225057 -0.572707
vn 0.798172 0.163194 -0.579905
vn 0.077804 0.991201 -0.107087
vn -0.081715 0.990289 0.112471
vn 0.550325 0.351291 -0.757454
vn 0.572706 0.225057 -0.788262
vn 0.579901 0.163219 -0.798170
vn 0.040905 0.991201 -0.125890
vn -0.042960 0.990289 0.132218
vn 0.289324 0.351290 -0.890442
vn 0.301086 0.225051 -0.926660
vn 0.304875 0.163201 -0.938305
vn 0.000000 0.991201 -0.132368
vn 0.000000 0.990289 0.139022
vn 0.000000 0.351295 -0.936265
vn -0.000000 0.225052 -0.974347
vn -0.000000 0.163194 -0.986594
vn -0.040904 0.991201 -0.125889
vn 0.042960 0.990289 0.132217
vn -0.289322 0.351293 -0.890441
vn -0.301088 0.225053 -0.926659
vn -0.304876 0.163207 -0.938304
vn -0.077804 0.991201 -0.107088
vn 0.081715 0.990289 0.112471
vn -0.550326 0.351291 -0.757453
vn -0.572706 0.225059 -0.788261
vn -0.579901 0.163225 -0.798168
vn -0.107087 0.991201 -0.077802
vn 0.112471 0.990289 0.081715
vn -0.757457 0.351291 -0.550322
vn -0.788259 0.225070 -0.572705
vn -0.798163 0.163244 -0.579904
vn -0.125889 0.991201 -0.040903
vn 0.132216 0.990290 0.042960
vn -0.890443 0.351288 -0.289323
vn -0.926655 0.225071 -0.301089
vn -0.938297 0.163257 -0.304870
vn -0.132368 0.991201 -0.000000
vn 0.139020 0.990290 -0.000000
vn -0.936267 0.351288 -0.000000
vn -0.974343 0.225066 0.000000
vn -0.986586 0.163244 0.000000
vn -0.125889 0.991201 0.040904
vn 0.132217 0.990290 -0.042959
vn -0.890441 0.351292 0.289323
vn -0.926655 0.225071 0.301087
vn -0.938298 0.163244 0.304874
vn -0.107088 0.991201 0.077803
vn 0.112470 0.990290 -0.081715
vn -0.757454 0.351292 0.550324
vn -0.788259 0.225071 0.572704
vn -0.798161 0.163256 0.579902
vn -0.077804 0.991201 0.107088
vn 0.081714 0.990290 -0.112470
vn -0.550324 0.351290 0.757455
vn -0.572707 0.225055 0.788262
vn -0.579898 0.163238 0.798167
vn -0.040904 0.991201 0.125889
vn 0.042960 0.990290 -0.132217
vn -0.289322 0.351295 0.890441
vn -0.301091 0.225051 0.926659
vn -0.304873 0.163210 0.938304
vn -0.000000 0.991201 0.132367
vn -0.000000 0.990289 -0.139022
vn -0.000001 0.351305 0.936261
vn -0.000001 0.225056 0.974346
vn -0.000001 0.163194 0.986594
vn 0.040903 0.991201 0.125887
vn -0.042960 0.990289 -0.132218
vn 0.289322 0.351306 0.890436
vn 0.301088 0.225048 0.926660
vn 0.304878 0.163198 0.938305
vn 0.077803 0.991201 0.107087
vn -0.081714 0.990290 -0.112470
vn 0.550323 0.351301 0.757451
vn 0.572710 0.225044 0.788263
vn 0.579901 0.163207 0.798172
vn 0.107088 0.991201 0.077803
vn -0.112470 0.990290 -0.081715
vn 0.757455 0.351292 0.550324
vn 0.788264 0.225049 0.572706
vn 0.798169 0.163207 0.579904
vn 0.125889 0.991201 0.040904
vn -0.132217 0.990289 -0.042960
vn 0.890437 0.351306 0.289322
vn 0.926656 0.225066 0.301087
vn 0.938304 0.163207 0.304876
vn 0.093378 0.995168 -0.030341
vn 0.079432 0.995168 -0.057710
vn 0.079432 0.995168 -0.057710
vn 0.093377 0.995168 -0.030340
vn 0.079432 0.995168 -0.057710
vn 0.093377 0.995169 -0.030339
vn 0.079432 0.995168 -0.057711
vn 0.093378 0.995168 -0.030340
vn 0.079431 0.995168 -0.057711
vn 0.093378 0.995168 -0.030340
vn 0.079432 0.995168 -0.057710
vn 0.093378 0.995168 -0.030340
vn 0.079432 0.995168 -0.057710
vn 0.093378 0.995168 -0.030340
vn 0.079432 0.995168 -0.057711
vn 0.093379 0.995168 -0.030341
vn 0.079433 0.995168 -0.057711
vn 0.093379 0.995168 -0.030341
vn 0.079431 0.995168 -0.057711
vn 0.093377 0.995168 -0.030340
vn 0.057711 0.995168 -0.079431
vn 0.057710 0.995169 -0.079431
vn 0.057711 0.995168 -0.079432
vn 0.057711 0.995168 -0.079432
vn 0.057710 0.995168 -0.079432
vn 0.057711 0.995168 -0.079432
vn 0.057711 0.995169 -0.079431
vn 0.057711 0.995168 -0.079432
vn 0.057711 0.995168 -0.079432
vn 0.057711 0.995168 -0.079431
vn 0.030340 0.995168 -0.093378
vn 0.030340 0.995168 -0.093378
vn 0.030340 0.995168 -0.093378
vn 0.030340 0.995168 -0.093377
vn 0.030340 0.995168 -0.093378
vn 0.030340 0.995168 -0.093378
vn 0.030340 0.995168 -0.093378
vn 0.030340 0.995168 -0.093378
vn 0.030340 0.995168 -0.093379
vn 0.030340 0.995168 -0.093377
vn -0.000000 0.995169 -0.098182
vn -0.000000 0.995169 -0.098182
vn -0.000000 0.995168 -0.098184
vn -0.000000 0.995168 -0.098183
vn 0.000000 0.995168 -0.098182
vn 0.000000 0.995168 -0.098183
vn 0.000000 0.995168 -0.098183
vn 0.000000 0.995168 -0.098184
vn 0.000000 0.995168 -0.098186
vn 0.000000 0.995168 -0.098185
vn -0.030340 0.995168 -0.093377
vn -0.030340 0.995168 -0.093378
vn -0.030340 0.995168 -0.093378
vn -0.030340 0.995168 -0.093377
vn -0.030340 0.995168 -0.093377
vn -0.030340 0.995168 -0.093377
vn -0.030340 0.995169 -0.093377
vn -0.030340 0.995168 -0.093378
vn -0.030341 0.995168 -0.093380
vn -0.030340 0.995168 -0.093378
vn -0.057711 0.995168 -0.079431
vn -0.057711 0.995168 -0.079432
vn -0.057711 0.995168 -0.079432
vn -0.057711 0.995168 -0.079431
vn -0.057711 0.995168 -0.079432
vn -0.057711 0.995168 -0.079432
vn -0.057711 0.995168 -0.079431
vn -0.057711 0.995168 -0.079433
vn -0.057712 0.995168 -0.079434
vn -0.057710 0.995168 -0.079431
vn -0.079432 0.995168 -0.057710
vn -0.079432 0.995168 -0.057710
vn -0.079432 0.995168 -0.057710
vn -0.079432 0.995168 -0.057710
vn -0.079432 0.995168 -0.057711
vn -0.079432 0.995168 -0.057711
vn -0.079432 0.995168 -0.057711
vn -0.079433 0.995168 -0.057712
vn -0.079433 0.995168 -0.057712
vn -0.079432 0.995168 -0.057710
vn -0.093377 0.995169 -0.030340
vn -0.093378 0.995168 -0.030340
vn -0.093378 0.995168 -0.030340
vn -0.093378 0.995168 -0.030340
vn -0.093378 0.995168 -0.030341
vn -0.093378 0.995168 -0.030341
vn -0.093378 0.995168 -0.030340
vn -0.093379 0.995168 -0.030341
vn -0.093380 0.995168 -0.030341
vn -0.093378 0.995168 -0.030340
vn -0.098183 0.995168 0.000000
vn -0.098183 0.995168 -0.000000
vn -0.098183 0.995168 -0.000000
vn -0.098184 0.995168 0.000000
vn -0.098184 0.995168 -0.000000
vn -0.098183 0.995168 -0.000001
vn -0.098183 0.995168 -0.000000
vn -0.098185 0.995168 0.000001
vn -0.098186 0.995168 0.000000
vn -0.098184 0.995168 -0.000001
vn -0.093378 0.995168 0.030341
vn -0.093378 0.995168 0.030340
vn -0.093378 0.995168 0.030339
vn -0.093378 0.995168 0.030340
vn -0.093378 0.995168 0.030340
vn -0.093378 0.995168 0.030340
vn -0.093378 0.995168 0.030340
vn -0.093379 0.995168 0.030341
vn -0.093380 0.995168 0.030341
vn -0.093378 0.995168 0.030339
vn -0.079432 0.995168 0.057710
vn -0.079432 0.995168 0.057710
vn -0.079432 0.995168 0.057710
vn -0.079432 0.995168 0.057711
vn -0.079432 0.995168 0.057711
vn -0.079432 0.995168 0.057711
vn -0.079432 0.995168 0.057710
vn -0.079432 0.995168 0.057711
vn -0.079433 0.995168 0.057711
vn -0.079432 0.995168 0.057709
vn -0.057710 0.995169 0.079431
vn -0.057710 0.995168 0.079432
vn -0.057711 0.995168 0.079432
vn -0.057711 0.995168 0.079432
vn -0.057710 0.995168 0.079433
vn -0.057710 0.995168 0.079432
vn -0.057710 0.995169 0.079431
vn -0.057711 0.995168 0.079432
vn -0.057712 0.995168 0.079433
vn -0.057710 0.995168 0.079432
vn -0.030340 0.995168 0.093377
vn -0.030340 0.995168 0.093378
vn -0.030340 0.995168 0.093378
vn -0.030340 0.995168 0.093378
vn -0.030340 0.995168 0.093378
vn -0.030340 0.995168 0.093378
vn -0.030340 0.995168 0.093378
vn -0.030341 0.995168 0.093378
vn -0.030341 0.995168 0.093381
vn -0.030340 0.995168 0.093378
vn 0.000000 0.995169 0.098182
vn 0.000000 0.995168 0.098182
vn 0.000000 0.995168 0.098184
vn 0.000000 0.995168 0.098184
vn -0.000000 0.995168 0.098183
vn -0.000000 0.995168 0.098183
vn 0.000000 0.995168 0.098184
vn -0.000000 0.995168 0.098184
vn -0.000000 0.995168 0.098185
vn -0.000000 0.995168 0.098183
vn 0.030340 0.995168 0.093377
vn 0.030340 0.995168 0.093377
vn 0.030340 0.995168 0.093378
vn 0.030340 0.995168 0.093377
vn 0.030340 0.995168 0.093377
vn 0.030340 0.995168 0.093378
vn 0.030341 0.995168 0.093378
vn 0.030341 0.995168 0.093378
vn 0.030341 0.995168 0.093379
vn 0.030341 0.995168 0.093378
vn 0.057710 0.995169 0.079431
vn 0.057710 0.995168 0.079431
vn 0.057711 0.995168 0.079432
vn 0.057711 0.995168 0.079432
vn 0.057710 0.995169 0.079431
vn 0.057710 0.995168 0.079432
vn 0.057710 0.995168 0.079431
vn 0.057711 0.995168 0.079432
vn 0.057712 0.995168 0.079434
vn 0.057710 0.995169 0.079431
vn 0.079431 0.995169 0.057710
vn 0.079431 0.995169 0.057710
vn 0.079432 0.995168 0.057711
vn 0.079432 0.995168 0.057710
vn 0.079431 0.995169 0.057710
vn 0.079432 0.995168 0.057710
vn 0.079431 0.995168 0.057710
vn 0.079432 0.995168 0.057712
vn 0.079433 0.995168 0.057712
vn 0.079431 0.995169 0.057709
vn 0.093378 0.995168 0.030340
vn 0.093377 0.995168 0.030340
vn 0.093378 0.995168 0.030340
vn 0.093378 0.995168 0.030340
vn 0.093378 0.995168 0.030340
vn 0.093378 0.995168 0.030341
vn 0.093378 0.995168 0.030340
vn 0.093378 0.995168 0.030341
vn 0.093380 0.995168 0.030341
vn 0.093378 0.995168 0.030340
vn 0.098183 0.995168 -0.000000
vn 0.098183 0.995168 0.000000
vn 0.098183 0.995168 0.000000
vn 0.098183 0.995168 -0.000000
vn 0.098183 0.995168 0.000000
vn 0.098184 0.995168 0.000001
vn 0.098183 0.995168 0.000000
vn 0.098184 0.995168 -0.000000
vn 0.098185 0.995168 0.000000
vn 0.098183 0.995168 0.000001
vn 0.058928 0.998079 -0.019147
vn 0.050126 0.998079 -0.036418
vn 0.000000 1.000000 0.000000
vn 0.036419 0.998079 -0.050126
vn 0.019147 0.998079 -0.058927
vn -0.000000 0.998079 -0.061959
vn -0.019147 0.998079 -0.058927
vn -0.036419 0.998079 -0.050126
vn -0.050127 0.998079 -0.036419
vn -0.058927 0.998079 -0.019147
vn -0.061960 0.998079 -0.000000
vn -0.058927 0.998079 0.019147
vn -0.050127 0.998079 0.036420
vn -0.036419 0.998079 0.050126
vn -0.019147 0.998079 0.058927
vn 0.000000 0.998079 0.061958
vn 0.019147 0.998079 0.058927
vn 0.036419 0.998079 0.050126
vn 0.050127 0.998079 0.036420
vn 0.058928 0.998079 0.019149
vn 0.061960 0.998079 -0.000000
vn 0.951057 0.000014 -0.309016
vn 0.809017 0.000014 -0.587785
vn 0.809017 0.000014 -0.587785
vn 0.951057 0.000014 -0.309016
vn 0.587785 0.000013 -0.809017
vn 0.587785 0.000013 -0.809017
vn 0.309016 0.000012 -0.951057
vn 0.309016 0.000012 -0.951057
vn 0.000000 0.000013 -1.000000
vn 0.000000 0.000013 -1.000000
vn -0.309017 0.000014 -0.951056
vn -0.309017 0.000014 -0.951056
vn -0.587786 0.000013 -0.809017
vn -0.587786 0.000013 -0.809017
vn -0.809017 0.000012 -0.587785
vn -0.809017 0.000012 -0.587785
vn -0.951057 0.000012 -0.309017
vn -0.951057 0.000012 -0.309017
vn -1.000000 0.000012 0.000000
vn -1.000000 0.000012 0.000000
vn -0.951056 0.000014 0.309017
vn -0.951056 0.000014 0.309017
vn -0.809017 0.000014 0.587785
vn -0.809017 0.000014 0.587786
vn -0.587785 0.000013 0.809017
vn -0.587785 0.000013 0.809017
vn -0.309017 0.000013 0.951057
vn -0.309017 0.000013 0.951057
vn 0.000000 0.000013 1.000000
vn 0.000000 0.000013 1.000000
vn 0.309017 0.000013 0.951057
vn 0.309017 0.000013 0.951057
vn 0.587785 0.000011 0.809017
vn 0.587785 0.000011 0.809017
vn 0.809017 0.000010 0.587785
vn 0.809017 0.000010 0.587785
vn 0.951057 0.000012 0.309017
vn 0.951057 0.000012 0.309017
vn 1.000000 0.000013 0.000001
vn 1.000000 0.000013 0.000001
vn 0.105049 0.993881 -0.034133
vn -0.108952 0.993417 0.035401
vn -0.114558 0.993417 0.000000
vn 0.110455 0.993881 0.000000
vn 0.865392 0.414770 -0.281182
vn 0.909927 0.414768 0.000001
vn 0.932336 0.197438 -0.302933
vn 0.915610 0.270466 -0.297499
vn 0.962730 0.270463 0.000001
vn 0.980317 0.197428 0.000001
vn 0.089360 0.993881 -0.064924
vn -0.092680 0.993417 0.067336
vn 0.736147 0.414769 -0.534840
vn 0.778865 0.270462 -0.565879
vn 0.793092 0.197427 -0.576218
vn 0.064924 0.993881 -0.089360
vn -0.067336 0.993417 0.092680
vn 0.534841 0.414768 -0.736147
vn 0.565880 0.270457 -0.778866
vn 0.576216 0.197423 -0.793095
vn 0.034132 0.993881 -0.105050
vn -0.035401 0.993416 0.108952
vn 0.281182 0.414769 -0.865392
vn 0.297499 0.270461 -0.915612
vn 0.302935 0.197424 -0.932338
vn 0.000000 0.993881 -0.110456
vn 0.000000 0.993417 0.114559
vn 0.000000 0.414769 -0.909927
vn -0.000000 0.270463 -0.962730
vn 0.000000 0.197418 -0.980319
vn -0.034133 0.993881 -0.105049
vn 0.035401 0.993417 0.108951
vn -0.281184 0.414769 -0.865392
vn -0.297501 0.270463 -0.915611
vn -0.302934 0.197423 -0.932339
vn -0.064924 0.993881 -0.089361
vn 0.067336 0.993417 0.092680
vn -0.534843 0.414767 -0.736146
vn -0.565879 0.270461 -0.778866
vn -0.576216 0.197428 -0.793094
vn -0.089360 0.993881 -0.064924
vn 0.092680 0.993417 0.067336
vn -0.736147 0.414766 -0.534842
vn -0.778865 0.270462 -0.565880
vn -0.793093 0.197428 -0.576217
vn -0.105049 0.993881 -0.034132
vn 0.108951 0.993417 0.035401
vn -0.865392 0.414768 -0.281183
vn -0.915611 0.270462 -0.297500
vn -0.932339 0.197418 -0.302937
vn -0.110455 0.993881 -0.000000
vn 0.114557 0.993417 -0.000000
vn -0.909926 0.414771 -0.000000
vn -0.962732 0.270459 -0.000000
vn -0.980321 0.197408 -0.000000
vn -0.105049 0.993881 0.034132
vn 0.108950 0.993417 -0.035401
vn -0.865392 0.414768 0.281184
vn -0.915612 0.270461 0.297501
vn -0.932339 0.197418 0.302937
vn -0.089360 0.993881 0.064924
vn 0.092679 0.993417 -0.067336
vn -0.736146 0.414768 0.534842
vn -0.778864 0.270466 0.565879
vn -0.793092 0.197428 0.576219
vn -0.064924 0.993881 0.089360
vn 0.067335 0.993417 -0.092679
vn -0.534843 0.414768 0.736146
vn -0.565878 0.270468 0.778864
vn -0.576215 0.197433 0.793093
vn -0.034132 0.993881 0.105049
vn 0.035400 0.993417 -0.108951
vn -0.281183 0.414767 0.865393
vn -0.297500 0.270466 0.915610
vn -0.302935 0.197433 0.932336
vn -0.000000 0.993881 0.110455
vn -0.000000 0.993417 -0.114558
vn 0.000000 0.414768 0.909927
vn 0.000000 0.270464 0.962730
vn -0.000000 0.197428 0.980317
vn 0.034132 0.993881 0.105049
vn -0.035400 0.993417 -0.108950
vn 0.281183 0.414768 0.865392
vn 0.297500 0.270462 0.915611
vn 0.302935 0.197429 0.932337
vn 0.064924 0.993881 0.089360
vn -0.067335 0.993417 -0.092679
vn 0.534843 0.414768 0.736146
vn 0.565879 0.270461 0.778866
vn 0.576215 0.197433 0.793093
vn 0.089359 0.993881 0.064923
vn -0.092679 0.993417 -0.067336
vn 0.736146 0.414770 0.534841
vn 0.778865 0.270463 0.565879
vn 0.793092 0.197428 0.576218
vn 0.105048 0.993881 0.034132
vn -0.108951 0.993417 -0.035401
vn 0.865391 0.414771 0.281183
vn 0.915611 0.270462 0.297500
vn 0.932339 0.197418 0.302936
vn 0.076824 0.996732 -0.024962
vn 0.065351 0.996732 -0.047480
vn 0.065351 0.996732 -0.047480
vn 0.076824 0.996732 -0.024961
vn 0.065351 0.996732 -0.047480
vn 0.076824 0.996732 -0.024961
vn 0.065351 0.996732 -0.047480
vn 0.076824 0.996732 -0.024962
vn 0.065351 0.996732 -0.047481
vn 0.076825 0.996732 -0.024962
vn 0.065351 0.996732 -0.047481
vn 0.076825 0.996732 -0.024962
vn 0.065351 0.996732 -0.047480
vn 0.076824 0.996732 -0.024961
vn 0.065352 0.996732 -0.047481
vn 0.076825 0.996732 -0.024962
vn 0.065352 0.996732 -0.047481
vn 0.076826 0.996732 -0.024962
vn 0.065350 0.996732 -0.047478
vn 0.076824 0.996732 -0.024962
vn 0.047480 0.996732 -0.065351
vn 0.047480 0.996732 -0.065351
vn 0.047480 0.996732 -0.065350
vn 0.047480 0.996732 -0.065351
vn 0.047480 0.996732 -0.065352
vn 0.047480 0.996732 -0.065350
vn 0.047480 0.996732 -0.065350
vn 0.047481 0.996732 -0.065352
vn 0.047481 0.996732 -0.065351
vn 0.047480 0.996732 -0.065350
vn 0.024962 0.996732 -0.076825
vn 0.024962 0.996732 -0.076824
vn 0.024962 0.996732 -0.076824
vn 0.024962 0.996732 -0.076825
vn 0.024962 0.996732 -0.076825
vn 0.024962 0.996732 -0.076824
vn 0.024962 0.996732 -0.076823
vn 0.024962 0.996732 -0.076826
vn 0.024962 0.996732 -0.076826
vn 0.024962 0.996732 -0.076825
vn -0.000000 0.996732 -0.080778
vn -0.000000 0.996732 -0.080778
vn -0.000000 0.996732 -0.080778
vn 0.000000 0.996732 -0.080778
vn 0.000000 0.996732 -0.080778
vn 0.000000 0.996732 -0.080778
vn 0.000000 0.996732 -0.080777
vn 0.000000 0.996732 -0.080779
vn 0.000000 0.996732 -0.080780
vn 0.000000 0.996732 -0.080777
vn -0.024962 0.996732 -0.076825
vn -0.024962 0.996732 -0.076824
vn -0.024962 0.996732 -0.076824
vn -0.024962 0.996732 -0.076824
vn -0.024962 0.996732 -0.076824
vn -0.024962 0.996732 -0.076824
vn -0.024962 0.996732 -0.076824
vn -0.024962 0.996732 -0.076825
vn -0.024962 0.996732 -0.076826
vn -0.024962 0.996732 -0.076824
vn -0.047480 0.996732 -0.065352
vn -0.047480 0.996732 -0.065351
vn -0.047480 0.996732 -0.065350
vn -0.047480 0.996732 -0.065350
vn -0.047480 0.996732 -0.065351
vn -0.047480 0.996732 -0.065351
vn -0.047480 0.996732 -0.065350
vn -0.047481 0.996732 -0.065351
vn -0.047481 0.996732 -0.065351
vn -0.047480 0.996732 -0.065350
vn -0.065351 0.996732 -0.047480
vn -0.065351 0.996732 -0.047480
vn -0.065351 0.996732 -0.047480
vn -0.065351 0.996732 -0.047480
vn -0.065351 0.996732 -0.047480
vn -0.065351 0.996732 -0.047481
vn -0.065351 0.996732 -0.047480
vn -0.065351 0.996732 -0.047481
vn -0.065352 0.996732 -0.047481
vn -0.065351 0.996732 -0.047479
vn -0.076824 0.996732 -0.024961
vn -0.076824 0.996732 -0.024961
vn -0.076824 0.996732 -0.024962
vn -0.076825 0.996732 -0.024962
vn -0.076825 0.996732 -0.024962
vn -0.076825 0.996732 -0.024962
vn -0.076824 0.996732 -0.024962
vn -0.076825 0.996732 -0.024962
vn -0.076826 0.996732 -0.024962
vn -0.076825 0.996732 -0.024961
vn -0.080778 0.996732 0.000000
vn -0.080778 0.996732 0.000000
vn -0.080778 0.996732 0.000000
vn -0.080778 0.996732 0.000000
vn -0.080778 0.996732 0.000000
vn -0.080778 0.996732 0.000000
vn -0.080778 0.996732 0.000000
vn -0.080779 0.996732 -0.000000
vn -0.080780 0.996732 0.000000
vn -0.080778 0.996732 0.000000
vn -0.076825 0.996732 0.024962
vn -0.076825 0.996732 0.024962
vn -0.076824 0.996732 0.024962
vn -0.076825 0.996732 0.024962
vn -0.076825 0.996732 0.024962
vn -0.076825 0.996732 0.024962
vn -0.076824 0.996732 0.024961
vn -0.076825 0.996732 0.024962
vn -0.076826 0.996732 0.024963
vn -0.076824 0.996732 0.024961
vn -0.065351 0.996732 0.047481
vn -0.065351 0.996732 0.047481
vn -0.065351 0.996732 0.047480
vn -0.065351 0.996732 0.047480
vn -0.065351 0.996732 0.047481
vn -0.065351 0.996732 0.047481
vn -0.065351 0.996732 0.047479
vn -0.065351 0.996732 0.047480
vn -0.065352 0.996732 0.047481
vn -0.065351 0.996732 0.047478
vn -0.047480 0.996732 0.065352
vn -0.047480 0.996732 0.065351
vn -0.047480 0.996732 0.065350
vn -0.047480 0.996732 0.065351
vn -0.047480 0.996732 0.065352
vn -0.047480 0.996732 0.065351
vn -0.047480 0.996732 0.065350
vn -0.047481 0.996732 0.065351
vn -0.047481 0.996732 0.065351
vn -0.047480 0.996732 0.065349
vn -0.024962 0.996732 0.076825
vn -0.024962 0.996732 0.076825
vn -0.024962 0.996732 0.076824
vn -0.024962 0.996732 0.076825
vn -0.024962 0.996732 0.076825
vn -0.024962 0.996732 0.076824
vn -0.024962 0.996732 0.076824
vn -0.024962 0.996732 0.076826
vn -0.024962 0.996732 0.076825
vn -0.024962 0.996732 0.076825
vn 0.000000 0.996732 0.080778
vn 0.000000 0.996732 0.080778
vn 0.000000 0.996732 0.080778
vn 0.000000 0.996732 0.080778
vn 0.000000 0.996732 0.080778
vn 0.000000 0.996732 0.080778
vn 0.000000 0.996732 0.080778
vn 0.000000 0.996732 0.080779
vn -0.000000 0.996732 0.080779
vn 0.000000 0.996732 0.080777
vn 0.024962 0.996732 0.076824
vn 0.024962 0.996732 0.076824
vn 0.024962 0.996732 0.076825
vn 0.024962 0.996732 0.076824
vn 0.024962 0.996732 0.076824
vn 0.024962 0.996732 0.076825
vn 0.024962 0.996732 0.076824
vn 0.024962 0.996732 0.076825
vn 0.024962 0.996732 0.076826
vn 0.024962 0.996732 0.076824
vn 0.047480 0.996732 0.065351
vn 0.047480 0.996732 0.065351
vn 0.047480 0.996732 0.065350
vn 0.047480 0.996732 0.065351
vn 0.047480 0.996732 0.065351
vn 0.047480 0.996732 0.065351
vn 0.047480 0.996732 0.065350
vn 0.047481 0.996732 0.065351
vn 0.047481 0.996732 0.065351
vn 0.047480 0.996732 0.065350
vn 0.065351 0.996732 0.047480
vn 0.065351 0.996732 0.047480
vn 0.065351 0.996732 0.047480
vn 0.065351 0.996732 0.047480
vn 0.065351 0.996732 0.047481
vn 0.065351 0.996732 0.047480
vn 0.065351 0.996732 0.047480
vn 0.065351 0.996732 0.047481
vn 0.065352 0.996732 0.047480
vn 0.065351 0.996732 0.047479
vn 0.076825 0.996732 0.024961
vn 0.076825 0.996732 0.024962
vn 0.076824 0.996732 0.024962
vn 0.076824 0.996732 0.024962
vn 0.076825 0.996732 0.024962
vn 0.076825 0.996732 0.024962
vn 0.076824 0.996732 0.024962
vn 0.076825 0.996732 0.024963
vn 0.076826 0.996732 0.024962
vn 0.076825 0.996732 0.024963
vn 0.080778 0.996732 -0.000000
vn 0.080778 0.996732 -0.000000
vn 0.080778 0.996732 0.000000
vn 0.080778 0.996732 0.000000
vn 0.080778 0.996732 0.000001
vn 0.080778 0.996732 0.000001
vn 0.080778 0.996732 0.000001
vn 0.080779 0.996732 0.000001
vn 0.080780 0.996732 0.000001
vn 0.080778 0.996732 0.000000
vn 0.000000 0.000000 1.000000
vn 0.000000 0.000000 1.000000
vn 0.000000 0.000000 1.000000
vn 0.000000 0.000000 1.000000
vn 0.000000 1.000000 0.000000
vn 0.000000 1.000000 0.000000
vn 0.000000 1.000000 0.000000
vn 0.000000 1.000000 0.000000
vn 0.000000 0.000000 -1.000000
vn 0.000000 0.000000 -1.000000
vn 0.000000 0.000000 -1.000000
vn 0.000000 0.000000 -1.000000
vn 1.000000 0.000000 0.000000
vn 1.000000 0.000000 0.000000
vn 1.000000 0.000000 0.000000
vn 1.000000 0.000000 0.000000
vn -1.000000 0.000000 0.000000
vn -1.000000 0.000000 0.000000
vn -1.000000 0.000000 0.000000
vn -1.000000 0.000000 0.000000
vn 0.058928 0.998079 -0.019147
vn 0.050127 0.998079 -0.036418
vn 0.000000 1.000000 -0.000000
vn 0.036419 0.998079 -0.050126
vn 0.019147 0.998079 -0.058927
vn 0.000000 0.998079 -0.061958
vn -0.019147 0.998079 -0.058927
vn -0.036419 0.998079 -0.050126
vn -0.050127 0.998079 -0.036419
vn -0.058927 0.998079 -0.019147
vn -0.061960 0.998079 0.000000
vn -0.058927 0.998079 0.019147
vn -0.050127 0.998079 0.036420
vn -0.036419 0.998079 0.050126
vn -0.019147 0.998079 0.058927
vn 0.000000 0.998079 0.061959
vn 0.019147 0.998079 0.058927
vn 0.036420 0.998079 0.050126
vn 0.050127 0.998079 0.036420
vn 0.058927 0.998079 0.019149
vn 0.061960 0.998079 0.000000
vn 0.951057 0.000012 -0.309016
vn 0.809017 0.000013 -0.587785
vn 0.809017 0.000013 -0.587785
vn 0.951057 0.000012 -0.309016
vn 0.587785 0.000013 -0.809017
vn 0.587785 0.000013 -0.809017
vn 0.309016 0.000012 -0.951057
vn 0.309017 0.000012 -0.951057
vn 0.000000 0.000013 -1.000000
vn 0.000000 0.000013 -1.000000
vn -0.309017 0.000013 -0.951057
vn -0.309017 0.000013 -0.951057
vn -0.587786 0.000013 -0.809017
vn -0.587786 0.000013 -0.809017
vn -0.809017 0.000012 -0.587785
vn -0.809017 0.000012 -0.587785
vn -0.951057 0.000012 -0.309017
vn -0.951057 0.000012 -0.309017
vn -1.000000 0.000013 0.000000
vn -1.000000 0.000013 0.000000
vn -0.951056 0.000014 0.309018
vn -0.951056 0.000014 0.309018
vn -0.809017 0.000014 0.587786
vn -0.809017 0.000014 0.587786
vn -0.587785 0.000013 0.809017
vn -0.587785 0.000013 0.809017
vn -0.309017 0.000013 0.951057
vn -0.309017 0.000013 0.951057
vn 0.000000 0.000013 1.000000
vn 0.000000 0.000013 1.000000
vn 0.309017 0.000013 0.951057
vn 0.309017 0.000013 0.951057
vn 0.587785 0.000012 0.809017
vn 0.587785 0.000012 0.809017
vn 0.809017 0.000011 0.587785
vn 0.809017 0.000011 0.587785
vn 0.951057 0.000012 0.309017
vn 0.951057 0.000012 0.309017
vn 1.000000 0.000012 0.000001
vn 1.000000 0.000012 0.000001
vn 0.105049 0.993881 -0.034132
vn -0.108952 0.993417 0.035401
vn -0.114558 0.993417 0.000000
vn 0.110455 0.993881 0.000000
vn 0.865392 0.414770 -0.281182
vn 0.909926 0.414770 0.000001
vn 0.932337 0.197428 -0.302934
vn 0.915611 0.270463 -0.297499
vn 0.962731 0.270462 0.000001
vn 0.980319 0.197418 0.000001
vn 0.089360 0.993881 -0.064924
vn -0.092680 0.993417 0.067336
vn 0.736146 0.414772 -0.534840
vn 0.778864 0.270466 -0.565879
vn 0.793092 0.197428 -0.576218
vn 0.064924 0.993881 -0.089360
vn -0.067336 0.993417 0.092680
vn 0.534841 0.414770 -0.736146
vn 0.565878 0.270468 -0.778864
vn 0.576215 0.197433 -0.793093
vn 0.034132 0.993881 -0.105050
vn -0.035401 0.993417 0.108952
vn 0.281183 0.414767 -0.865393
vn 0.297499 0.270465 -0.915611
vn 0.302935 0.197428 -0.932337
vn 0.000000 0.993881 -0.110456
vn -0.000000 0.993416 0.114559
vn 0.000000 0.414768 -0.909927
vn -0.000000 0.270463 -0.962730
vn 0.000000 0.197426 -0.980318
vn -0.034133 0.993881 -0.105049
vn 0.035401 0.993417 0.108951
vn -0.281184 0.414767 -0.865392
vn -0.297501 0.270463 -0.915611
vn -0.302933 0.197432 -0.932337
vn -0.064924 0.993881 -0.089361
vn 0.067336 0.993417 0.092679
vn -0.534843 0.414766 -0.736147
vn -0.565879 0.270463 -0.778865
vn -0.576215 0.197438 -0.793092
vn -0.089360 0.993881 -0.064924
vn 0.092680 0.993417 0.067336
vn -0.736147 0.414767 -0.534842
vn -0.778865 0.270464 -0.565879
vn -0.793092 0.197428 -0.576218
vn -0.105049 0.993881 -0.034132
vn 0.108951 0.993417 0.035401
vn -0.865392 0.414769 -0.281183
vn -0.915611 0.270462 -0.297500
vn -0.932339 0.197418 -0.302936
vn -0.110455 0.993881 -0.000000
vn 0.114558 0.993417 0.000000
vn -0.909926 0.414770 -0.000000
vn -0.962732 0.270459 0.000000
vn -0.980319 0.197418 0.000000
vn -0.105049 0.993881 0.034132
vn 0.108951 0.993417 -0.035401
vn -0.865392 0.414768 0.281184
vn -0.915611 0.270462 0.297501
vn -0.932338 0.197423 0.302936
vn -0.089360 0.993881 0.064924
vn 0.092679 0.993417 -0.067336
vn -0.736147 0.414767 0.534843
vn -0.778864 0.270464 0.565880
vn -0.793092 0.197428 0.576218
vn -0.064924 0.993881 0.089360
vn 0.067335 0.993417 -0.092679
vn -0.534842 0.414768 0.736146
vn -0.565879 0.270465 0.778865
vn -0.576215 0.197433 0.793093
vn -0.034132 0.993881 0.105049
vn 0.035400 0.993417 -0.108951
vn -0.281183 0.414768 0.865392
vn -0.297500 0.270465 0.915611
vn -0.302935 0.197435 0.932336
vn -0.000000 0.993881 0.110455
vn -0.000000 0.993417 -0.114558
vn 0.000000 0.414767 0.909927
vn 0.000000 0.270463 0.962730
vn 0.000000 0.197431 0.980317
vn 0.034132 0.993881 0.105049
vn -0.035400 0.993417 -0.108950
vn 0.281183 0.414768 0.865392
vn 0.297500 0.270463 0.915611
vn 0.302935 0.197429 0.932337
vn 0.064924 0.993881 0.089360
vn -0.067335 0.993417 -0.092679
vn 0.534842 0.414768 0.736146
vn 0.565879 0.270463 0.778865
vn 0.576215 0.197433 0.793093
vn 0.089360 0.993881 0.064924
vn -0.092679 0.993417 -0.067335
vn 0.736148 0.414765 0.534842
vn 0.778864 0.270466 0.565879
vn 0.793088 0.197447 0.576216
vn 0.105049 0.993881 0.034132
vn -0.108951 0.993417 -0.035401
vn 0.865392 0.414768 0.281184
vn 0.915610 0.270466 0.297500
vn 0.932337 0.197428 0.302935
vn 0.076824 0.996732 -0.024961
vn 0.065351 0.996732 -0.047481
vn 0.065351 0.996732 -0.047480
vn 0.076825 0.996732 -0.024961
vn 0.065351 0.996732 -0.047480
vn 0.076825 0.996732 -0.024962
vn 0.065351 0.996732 -0.047480
vn 0.076824 0.996732 -0.024962
vn 0.065351 0.996732 -0.047481
vn 0.076825 0.996732 -0.024962
vn 0.065351 0.996732 -0.047481
vn 0.076825 0.996732 -0.024962
vn 0.065351 0.996732 -0.047480
vn 0.076824 0.996732 -0.024961
vn 0.065352 0.996732 -0.047481
vn 0.076825 0.996732 -0.024962
vn 0.065352 0.996732 -0.047481
vn 0.076826 0.996732 -0.024962
vn 0.065351 0.996732 -0.047478
vn 0.076824 0.996732 -0.024962
vn 0.047480 0.996732 -0.065352
vn 0.047480 0.996732 -0.065351
vn 0.047480 0.996732 -0.065350
vn 0.047480 0.996732 -0.065351
vn 0.047480 0.996732 -0.065352
vn 0.047480 0.996732 -0.065350
vn 0.047480 0.996732 -0.065350
vn 0.047481 0.996732 -0.065352
vn 0.047481 0.996732 -0.065351
vn 0.047480 0.996732 -0.065350
vn 0.024962 0.996732 -0.076825
vn 0.024962 0.996732 -0.076824
vn 0.024962 0.996732 -0.076824
vn 0.024962 0.996732 -0.076825
vn 0.024962 0.996732 -0.076825
vn 0.024962 0.996732 -0.076824
vn 0.024962 0.996732 -0.076824
vn 0.024962 0.996732 -0.076826
vn 0.024962 0.996732 -0.076826
vn 0.024962 0.996732 -0.076825
vn -0.000000 0.996732 -0.080778
vn -0.000000 0.996732 -0.080777
vn 0.000000 0.996732 -0.080778
vn 0.000000 0.996732 -0.080778
vn 0.000000 0.996732 -0.080778
vn 0.000000 0.996732 -0.080778
vn -0.000000 0.996732 -0.080777
vn -0.000000 0.996732 -0.080779
vn -0.000000 0.996732 -0.080780
vn 0.000000 0.996732 -0.080777
vn -0.024962 0.996732 -0.076825
vn -0.024962 0.996732 -0.076824
vn -0.024962 0.996732 -0.076824
vn -0.024962 0.996732 -0.076824
vn -0.024962 0.996732 -0.076824
vn -0.024962 0.996732 -0.076824
vn -0.024962 0.996732 -0.076824
vn -0.024962 0.996732 -0.076825
vn -0.024962 0.996732 -0.076826
vn -0.024962 0.996732 -0.076824
vn -0.047480 0.996732 -0.065352
vn -0.047480 0.996732 -0.065351
vn -0.047480 0.996732 -0.065350
vn -0.047480 0.996732 -0.065350
vn -0.047480 0.996732 -0.065350
vn -0.047480 0.996732 -0.065351
vn -0.047480 0.996732 -0.065350
vn -0.047481 0.996732 -0.065351
vn -0.047481 0.996732 -0.065351
vn -0.047480 0.996732 -0.065350
vn -0.065351 0.996732 -0.047480
vn -0.065351 0.996732 -0.047480
vn -0.065351 0.996732 -0.047480
vn -0.065351 0.996732 -0.047480
vn -0.065351 0.996732 -0.047480
vn -0.065351 0.996732 -0.047481
vn -0.065351 0.996732 -0.047480
vn -0.065351 0.996732 -0.047481
vn -0.065352 0.996732 -0.047481
vn -0.065351 0.996732 -0.047479
vn -0.076824 0.996732 -0.024961
vn -0.076824 0.996732 -0.024961
vn -0.076824 0.996732 -0.024962
vn -0.076825 0.996732 -0.024962
vn -0.076825 0.996732 -0.024962
vn -0.076825 0.996732 -0.024962
vn -0.076824 0.996732 -0.024962
vn -0.076825 0.996732 -0.024962
vn -0.076826 0.996732 -0.024962
vn -0.076824 0.996732 -0.024961
vn -0.080778 0.996732 0.000000
vn -0.080778 0.996732 0.000000
vn -0.080778 0.996732 -0.000000
vn -0.080778 0.996732 -0.000000
vn -0.080778 0.996732 0.000000
vn -0.080778 0.996732 0.000000
vn -0.080778 0.996732 -0.000000
vn -0.080779 0.996732 -0.000000
vn -0.080780 0.996732 -0.000000
vn -0.080778 0.996732 0.000000
vn -0.076825 0.996732 0.024962
vn -0.076825 0.996732 0.024962
vn -0.076824 0.996732 0.024962
vn -0.076824 0.996732 0.024962
vn -0.076825 0.996732 0.024962
vn -0.076825 0.996732 0.024962
vn -0.076824 0.996732 0.024961
vn -0.076825 0.996732 0.024962
vn -0.076826 0.996732 0.024963
vn -0.076824 0.996732 0.024961
vn -0.065351 0.996732 0.047481
vn -0.065351 0.996732 0.047481
vn -0.065351 0.996732 0.047480
vn -0.065351 0.996732 0.047480
vn -0.065351 0.996732 0.047481
vn -0.065351 0.996732 0.047481
vn -0.065351 0.996732 0.047479
vn -0.065351 0.996732 0.047480
vn -0.065352 0.996732 0.047481
vn -0.065351 0.996732 0.047478
vn -0.047480 0.996732 0.065352
vn -0.047480 0.996732 0.065351
vn -0.047480 0.996732 0.065350
vn -0.047480 0.996732 0.065351
vn -0.047480 0.996732 0.065352
vn -0.047480 0.996732 0.065351
vn -0.047480 0.996732 0.065350
vn -0.047481 0.996732 0.065351
vn -0.047481 0.996732 0.065351
vn -0.047480 0.996732 0.065349
vn -0.024962 0.996732 0.076825
vn -0.024962 0.996732 0.076825
vn -0.024962 0.996732 0.076824
vn -0.024962 0.996732 0.076825
vn -0.024962 0.996732 0.076825
vn -0.024962 0.996732 0.076824
vn -0.024962 0.996732 0.076824
vn -0.024962 0.996732 0.076826
vn -0.024962 0.996732 0.076825
vn -0.024962 0.996732 0.076825
vn 0.000000 0.996732 0.080778
vn 0.000000 0.996732 0.080778
vn 0.000000 0.996732 0.080778
vn 0.000000 0.996732 0.080778
vn 0.000000 0.996732 0.080778
vn 0.000000 0.996732 0.080778
vn 0.000000 0.996732 0.080778
vn 0.000000 0.996732 0.080779
vn 0.000000 0.996732 0.080779
vn 0.000000 0.996732 0.080777
vn 0.024962 0.996732 0.076824
vn 0.024962 0.996732 0.076824
vn 0.024962 0.996732 0.076825
vn 0.024962 0.996732 0.076824
vn 0.024962 0.996732 0.076824
vn 0.024962 0.996732 0.076825
vn 0.024962 0.996732 0.076824
vn 0.024962 0.996732 0.076825
vn 0.024962 0.996732 0.076826
vn 0.024962 0.996732 0.076824
vn 0.047480 0.996732 0.065351
vn 0.047480 0.996732 0.065351
vn 0.047480 0.996732 0.065351
vn 0.047480 0.996732 0.065351
vn 0.047480 0.996732 0.065351
vn 0.047480 0.996732 0.065351
vn 0.047480 0.996732 0.065351
vn 0.047481 0.996732 0.065351
vn 0.047481 0.996732 0.065351
vn 0.047480 0.996732 0.065350
vn 0.065351 0.996732 0.047480
vn 0.065351 0.996732 0.047480
vn 0.065351 0.996732 0.047480
vn 0.065351 0.996732 0.047480
vn 0.065351 0.996732 0.047480
vn 0.065351 0.996732 0.047480
vn 0.065351 0.996732 0.047480
vn 0.065352 0.996732 0.047481
vn 0.065352 0.996732 0.047480
vn 0.065351 0.996732 0.047479
vn 0.076824 0.996732 0.024961
vn 0.076824 0.996732 0.024962
vn 0.076824 0.996732 0.024962
vn 0.076824 0.996732 0.024962
vn 0.076824 0.996732 0.024962
vn 0.076824 0.996732 0.024962
vn 0.076824 0.996732 0.024962
vn 0.076825 0.996732 0.024963
vn 0.076826 0.996732 0.024962
vn 0.076824 0.996732 0.024962
vn 0.080778 0.996732 -0.000000
vn 0.080778 0.996732 -0.000000
vn 0.080778 0.996732 0.000000
vn 0.080778 0.996732 0.000000
vn 0.080778 0.996732 0.000001
vn 0.080778 0.996732 0.000001
vn 0.080778 0.996732 0.000001
vn 0.080779 0.996732 0.000001
vn 0.080779 0.996732 0.000001
vn 0.080778 0.996732 0.000000
vn 0.058927 0.998079 -0.019149
vn 0.050127 0.998079 -0.036421
vn 0.000000 1.000000 -0.000001
vn 0.036419 0.998079 -0.050126
vn 0.019147 0.998079 -0.058927
vn 0.000000 0.998079 -0.061959
vn -0.019147 0.998079 -0.058927
vn -0.036419 0.998079 -0.050125
vn -0.050127 0.998079 -0.036419
vn -0.058927 0.998079 -0.019148
vn -0.061960 0.998079 0.000000
vn -0.058928 0.998079 0.019148
vn -0.050127 0.998079 0.036418
vn -0.036419 0.998079 0.050124
vn -0.019147 0.998079 0.058927
vn 0.000000 0.998079 0.061959
vn 0.019147 0.998079 0.058927
vn 0.036419 0.998079 0.050126
vn 0.050127 0.998079 0.036420
vn 0.058928 0.998079 0.019148
vn 0.061960 0.998079 0.000000
vn 0.951057 0.000013 -0.309016
vn 0.809017 0.000013 -0.587785
vn 0.809017 0.000013 -0.587785
vn 0.951057 0.000013 -0.309016
vn 0.587785 0.000013 -0.809017
vn 0.587785 0.000013 -0.809017
vn 0.309016 0.000014 -0.951057
vn 0.309016 0.000014 -0.951057
vn 0.000000 0.000013 -1.000000
vn 0.000000 0.000013 -1.000000
vn -0.309017 0.000013 -0.951057
vn -0.309017 0.000013 -0.951057
vn -0.587785 0.000013 -0.809017
vn -0.587785 0.000013 -0.809017
vn -0.809017 0.000013 -0.587785
vn -0.809017 0.000013 -0.587785
vn -0.951057 0.000013 -0.309017
vn -0.951057 0.000013 -0.309017
vn -1.000000 0.000013 -0.000000
vn -1.000000 0.000013 -0.000000
vn -0.951057 0.000013 0.309017
vn -0.951057 0.000013 0.309017
vn -0.809017 0.000013 0.587785
vn -0.809017 0.000013 0.587785
vn -0.587785 0.000013 0.809017
vn -0.587785 0.000013 0.809017
vn -0.309017 0.000013 0.951057
vn -0.309017 0.000013 0.951057
vn 0.000000 0.000013 1.000000
vn 0.000000 0.000013 1.000000
vn 0.309017 0.000013 0.951056
vn 0.309017 0.000013 0.951057
vn 0.587785 0.000013 0.809017
vn 0.587785 0.000013 0.809017
vn 0.809017 0.000013 0.587786
vn 0.809017 0.000013 0.587786
vn 0.951056 0.000014 0.309017
vn 0.951056 0.000014 0.309017
vn 1.000000 0.000014 0.000001
vn 1.000000 0.000014 0.000001
vn 0.105049 0.993881 -0.034132
vn -0.108952 0.993416 0.035401
vn -0.114558 0.993417 0.000000
vn 0.110455 0.993881 0.000001
vn 0.865393 0.414767 -0.281182
vn 0.909927 0.414769 0.000001
vn 0.932337 0.197428 -0.302935
vn 0.915612 0.270463 -0.297499
vn 0.962730 0.270466 0.000001
vn 0.980315 0.197438 -0.000000
vn 0.089360 0.993881 -0.064925
vn -0.092680 0.993416 0.067336
vn 0.736147 0.414768 -0.534842
vn 0.778866 0.270461 -0.565879
vn 0.793093 0.197423 -0.576219
vn 0.064924 0.993881 -0.089361
vn -0.067336 0.993416 0.092681
vn 0.534842 0.414769 -0.736146
vn 0.565879 0.270463 -0.778865
vn 0.576216 0.197425 -0.793094
vn 0.034133 0.993881 -0.105050
vn -0.035401 0.993416 0.108952
vn 0.281183 0.414768 -0.865392
vn 0.297500 0.270463 -0.915611
vn 0.302935 0.197423 -0.932338
vn 0.000000 0.993881 -0.110456
vn -0.000000 0.993417 0.114558
vn 0.000000 0.414769 -0.909927
vn -0.000000 0.270463 -0.962731
vn 0.000000 0.197423 -0.980319
vn -0.034133 0.993881 -0.105050
vn 0.035401 0.993417 0.108951
vn -0.281183 0.414768 -0.865392
vn -0.297500 0.270463 -0.915611
vn -0.302935 0.197424 -0.932338
vn -0.064924 0.993881 -0.089361
vn 0.067336 0.993417 0.092680
vn -0.534842 0.414768 -0.736147
vn -0.565879 0.270463 -0.778865
vn -0.576216 0.197428 -0.793094
vn -0.089360 0.993881 -0.064924
vn 0.092680 0.993416 0.067336
vn -0.736147 0.414767 -0.534841
vn -0.778865 0.270462 -0.565879
vn -0.793092 0.197429 -0.576218
vn -0.105049 0.993881 -0.034132
vn 0.108951 0.993417 0.035401
vn -0.865392 0.414768 -0.281183
vn -0.915611 0.270462 -0.297500
vn -0.932337 0.197428 -0.302935
vn -0.110455 0.993881 0.000000
vn 0.114558 0.993417 0.000000
vn -0.909927 0.414769 -0.000000
vn -0.962730 0.270463 -0.000000
vn -0.980317 0.197428 -0.000000
vn -0.105049 0.993881 0.034132
vn 0.108951 0.993417 -0.035400
vn -0.865392 0.414769 0.281182
vn -0.915612 0.270462 0.297500
vn -0.932338 0.197426 0.302936
vn -0.089360 0.993881 0.064924
vn 0.092679 0.993417 -0.067336
vn -0.736147 0.414769 0.534841
vn -0.778866 0.270463 0.565878
vn -0.793092 0.197425 0.576219
vn -0.064924 0.993881 0.089360
vn 0.067335 0.993417 -0.092679
vn -0.534842 0.414769 0.736146
vn -0.565879 0.270463 0.778865
vn -0.576216 0.197427 0.793094
vn -0.034132 0.993881 0.105049
vn 0.035400 0.993417 -0.108950
vn -0.281183 0.414769 0.865392
vn -0.297500 0.270463 0.915611
vn -0.302933 0.197427 0.932338
vn -0.000000 0.993881 0.110455
vn -0.000000 0.993417 -0.114558
vn 0.000000 0.414769 0.909927
vn 0.000000 0.270463 0.962730
vn 0.000000 0.197427 0.980318
vn 0.034132 0.993881 0.105049
vn -0.035400 0.993417 -0.108951
vn 0.281183 0.414770 0.865391
vn 0.297500 0.270464 0.915611
vn 0.302934 0.197430 0.932337
vn 0.064924 0.993881 0.089360
vn -0.067335 0.993417 -0.092680
vn 0.534842 0.414769 0.736146
vn 0.565879 0.270464 0.778865
vn 0.576214 0.197435 0.793093
vn 0.089360 0.993881 0.064924
vn -0.092679 0.993417 -0.067336
vn 0.736147 0.414768 0.534842
vn 0.778865 0.270463 0.565879
vn 0.793091 0.197433 0.576218
vn 0.105049 0.993881 0.034133
vn -0.108951 0.993417 -0.035400
vn 0.865392 0.414769 0.281183
vn 0.915611 0.270464 0.297500
vn 0.932336 0.197433 0.302935
vn 0.076824 0.996732 -0.024962
vn 0.065351 0.996732 -0.047480
vn 0.065351 0.996732 -0.047480
vn 0.076825 0.996732 -0.024962
vn 0.065351 0.996732 -0.047481
vn 0.076825 0.996732 -0.024962
vn 0.065351 0.996732 -0.047480
vn 0.076824 0.996732 -0.024962
vn 0.065351 0.996732 -0.047480
vn 0.076825 0.996732 -0.024962
vn 0.065351 0.996732 -0.047480
vn 0.076824 0.996732 -0.024962
vn 0.065351 0.996732 -0.047480
vn 0.076824 0.996732 -0.024962
vn 0.065351 0.996732 -0.047481
vn 0.076825 0.996732 -0.024962
vn 0.065352 0.996732 -0.047481
vn 0.076826 0.996732 -0.024961
vn 0.065351 0.996732 -0.047479
vn 0.076824 0.996732 -0.024962
vn 0.047480 0.996732 -0.065351
vn 0.047480 0.996732 -0.065352
vn 0.047480 0.996732 -0.065351
vn 0.047480 0.996732 -0.065351
vn 0.047480 0.996732 -0.065351
vn 0.047480 0.996732 -0.065350
vn 0.047480 0.996732 -0.065351
vn 0.047481 0.996732 -0.065351
vn 0.047481 0.996732 -0.065352
vn 0.047480 0.996732 -0.065350
vn 0.024962 0.996732 -0.076824
vn 0.024962 0.996732 -0.076825
vn 0.024962 0.996732 -0.076825
vn 0.024962 0.996732 -0.076825
vn 0.024962 0.996732 -0.076824
vn 0.024962 0.996732 -0.076824
vn 0.024962 0.996732 -0.076825
vn 0.024962 0.996732 -0.076825
vn 0.024962 0.996732 -0.076826
vn 0.024962 0.996732 -0.076825
vn -0.000000 0.996732 -0.080777
vn -0.000000 0.996732 -0.080777
vn -0.000000 0.996732 -0.080778
vn 0.000000 0.996732 -0.080778
vn 0.000000 0.996732 -0.080778
vn -0.000000 0.996732 -0.080778
vn 0.000000 0.996732 -0.080778
vn 0.000000 0.996732 -0.080779
vn 0.000000 0.996732 -0.080779
vn 0.000000 0.996732 -0.080777
vn -0.024962 0.996732 -0.076825
vn -0.024962 0.996732 -0.076825
vn -0.024962 0.996732 -0.076824
vn -0.024962 0.996732 -0.076824
vn -0.024962 0.996732 -0.076825
vn -0.024962 0.996732 -0.076825
vn -0.024962 0.996732 -0.076824
vn -0.024962 0.996732 -0.076825
vn -0.024962 0.996732 -0.076826
vn -0.024962 0.996732 -0.076824
vn -0.047480 0.996732 -0.065351
vn -0.047480 0.996732 -0.065351
vn -0.047480 0.996732 -0.065351
vn -0.047480 0.996732 -0.065351
vn -0.047480 0.996732 -0.065351
vn -0.047480 0.996732 -0.065351
vn -0.047480 0.996732 -0.065350
vn -0.047481 0.996732 -0.065351
vn -0.047481 0.996732 -0.065352
vn -0.047480 0.996732 -0.065350
vn -0.065351 0.996732 -0.047480
vn -0.065351 0.996732 -0.047480
vn -0.065351 0.996732 -0.047480
vn -0.065351 0.996732 -0.047480
vn -0.065351 0.996732 -0.047481
vn -0.065351 0.996732 -0.047480
vn -0.065351 0.996732 -0.047480
vn -0.065352 0.996732 -0.047480
vn -0.065352 0.996732 -0.047481
vn -0.065351 0.996732 -0.047480
vn -0.076824 0.996732 -0.024962
vn -0.076825 0.996732 -0.024962
vn -0.076825 0.996732 -0.024962
vn -0.076824 0.996732 -0.024962
vn -0.076824 0.996732 -0.024962
vn -0.076825 0.996732 -0.024962
vn -0.076825 0.996732 -0.024962
vn -0.076825 0.996732 -0.024961
vn -0.076826 0.996732 -0.024961
vn -0.076825 0.996732 -0.024963
vn -0.080778 0.996732 -0.000000
vn -0.080778 0.996732 -0.000000
vn -0.080778 0.996732 -0.000000
vn -0.080778 0.996732 -0.000000
vn -0.080778 0.996732 -0.000000
vn -0.080778 0.996732 0.000000
vn -0.080778 0.996732 0.000000
vn -0.080779 0.996732 0.000001
vn -0.080779 0.996732 0.000001
vn -0.080778 0.996732 0.000000
vn -0.076824 0.996732 0.024962
vn -0.076825 0.996732 0.024962
vn -0.076824 0.996732 0.024962
vn -0.076824 0.996732 0.024962
vn -0.076825 0.996732 0.024962
vn -0.076825 0.996732 0.024962
vn -0.076825 0.996732 0.024962
vn -0.076825 0.996732 0.024963
vn -0.076826 0.996732 0.024963
vn -0.076825 0.996732 0.024963
vn -0.065351 0.996732 0.047480
vn -0.065351 0.996732 0.047480
vn -0.065351 0.996732 0.047480
vn -0.065351 0.996732 0.047480
vn -0.065351 0.996732 0.047481
vn -0.065351 0.996732 0.047480
vn -0.065351 0.996732 0.047480
vn -0.065351 0.996732 0.047481
vn -0.065352 0.996732 0.047481
vn -0.065351 0.996732 0.047480
vn -0.047480 0.996732 0.065351
vn -0.047480 0.996732 0.065351
vn -0.047480 0.996732 0.065350
vn -0.047480 0.996732 0.065351
vn -0.047480 0.996732 0.065351
vn -0.047480 0.996732 0.065350
vn -0.047480 0.996732 0.065350
vn -0.047481 0.996732 0.065351
vn -0.047481 0.996732 0.065352
vn -0.047480 0.996732 0.065350
vn -0.024962 0.996732 0.076825
vn -0.024962 0.996732 0.076825
vn -0.024962 0.996732 0.076824
vn -0.024962 0.996732 0.076825
vn -0.024962 0.996732 0.076825
vn -0.024962 0.996732 0.076824
vn -0.024962 0.996732 0.076824
vn -0.024962 0.996732 0.076825
vn -0.024962 0.996732 0.076826
vn -0.024962 0.996732 0.076825
vn 0.000000 0.996732 0.080778
vn 0.000000 0.996732 0.080778
vn 0.000000 0.996732 0.080778
vn 0.000000 0.996732 0.080778
vn 0.000000 0.996732 0.080778
vn 0.000000 0.996732 0.080778
vn 0.000000 0.996732 0.080779
vn 0.000000 0.996732 0.080779
vn 0.000000 0.996732 0.080779
vn 0.000000 0.996732 0.080777
vn 0.024962 0.996732 0.076825
vn 0.024962 0.996732 0.076825
vn 0.024962 0.996732 0.076824
vn 0.024962 0.996732 0.076825
vn 0.024962 0.996732 0.076825
vn 0.024962 0.996732 0.076824
vn 0.024962 0.996732 0.076825
vn 0.024962 0.996732 0.076825
vn 0.024962 0.996732 0.076825
vn 0.024962 0.996732 0.076824
vn 0.047480 0.996732 0.065352
vn 0.047480 0.996732 0.065351
vn 0.047480 0.996732 0.065350
vn 0.047480 0.996732 0.065351
vn 0.047480 0.996732 0.065351
vn 0.047480 0.996732 0.065350
vn 0.047480 0.996732 0.065351
vn 0.047481 0.996732 0.065351
vn 0.047481 0.996732 0.065352
vn 0.047480 0.996732 0.065350
vn 0.065351 0.996732 0.047481
vn 0.065351 0.996732 0.047481
vn 0.065351 0.996732 0.047480
vn 0.065351 0.996732 0.047480
vn 0.065351 0.996732 0.047480
vn 0.065351 0.996732 0.047480
vn 0.065351 0.996732 0.047480
vn 0.065351 0.996732 0.047481
vn 0.065352 0.996732 0.047481
vn 0.065351 0.996732 0.047479
vn 0.076825 0.996732 0.024962
vn 0.076825 0.996732 0.024962
vn 0.076824 0.996732 0.024962
vn 0.076824 0.996732 0.024962
vn 0.076824 0.996732 0.024961
vn 0.076824 0.996732 0.024962
vn 0.076825 0.996732 0.024962
vn 0.076825 0.996732 0.024962
vn 0.076826 0.996732 0.024962
vn 0.076824 0.996732 0.024962
vn 0.080778 0.996732 -0.000000
vn 0.080778 0.996732 -0.000000
vn 0.080778 0.996732 -0.000000
vn 0.080778 0.996732 0.000000
vn 0.080778 0.996732 -0.000000
vn 0.080778 0.996732 0.000000
vn 0.080778 0.996732 -0.000000
vn 0.080779 0.996732 -0.000000
vn 0.080779 0.996732 0.000001
vn 0.080778 0.996732 0.000000
vn 0.000000 0.000000 1.000000
vn 0.000000 0.000000 1.000000
vn 0.000000 0.000000 1.000000
vn 0.000000 0.000000 1.000000
vn 0.000000 0.000000 -1.000000
vn 0.000000 0.000000 -1.000000
vn 0.000000 0.000000 -1.000000
vn 0.000000 0.000000 -1.000000
vn 0.000000 -1.000000 0.000000
vn 0.000000 -1.000000 0.000000
vn 0.000000 -1.000000 0.000000
vn 0.000000 -1.000000 0.000000
vn 1.000000 0.000000 0.000000
vn 1.000000 0.000000 0.000000
vn 1.000000 0.000000 0.000000
vn 1.000000 0.000000 0.000000
vn -1.000000 0.000000 0.000000
vn -1.000000 0.000000 0.000000
vn -1.000000 0.000000 0.000000
vn -1.000000 0.000000 0.000000
vn 0.951056 0.000000 -0.309018
vn 0.951056 0.000000 -0.309018
vn 0.809018 0.000000 -0.587784
vn 0.809018 0.000000 -0.587784
vn 0.587788 0.000000 -0.809015
vn 0.587788 0.000000 -0.809015
vn 0.309016 0.000000 -0.951057
vn 0.309016 0.000000 -0.951057
vn 0.000000 0.000000 -1.000000
vn 0.000000 0.000000 -1.000000
vn -0.309019 0.000000 -0.951056
vn -0.309019 0.000000 -0.951056
vn -0.587786 0.000000 -0.809016
vn -0.587786 0.000000 -0.809016
vn -0.809016 0.000000 -0.587787
vn -0.809016 0.000000 -0.587787
vn -0.951057 0.000000 -0.309017
vn -0.951057 0.000000 -0.309017
vn -1.000000 0.000000 0.000000
vn -1.000000 0.000000 0.000000
vn -0.951057 0.000000 0.309017
vn -0.951057 0.000000 0.309017
vn -0.809018 0.000000 0.587784
vn -0.809018 0.000000 0.587784
vn -0.587785 0.000000 0.809017
vn -0.587785 0.000000 0.809017
vn -0.309016 0.000000 0.951057
vn -0.309016 0.000000 0.951057
vn -0.000000 0.000000 1.000000
vn -0.000000 0.000000 1.000000
vn 0.309016 0.000000 0.951057
vn 0.309016 0.000000 0.951057
vn 0.587786 0.000000 0.809017
vn 0.587786 0.000000 0.809017
vn 0.809017 0.000000 0.587785
vn 0.809017 0.000000 0.587785
vn 0.951056 0.000000 0.309018
vn 0.951056 0.000000 0.309018
vn 1.000000 0.000000 0.000000
vn 1.000000 0.000000 0.000000
vn 0.000000 1.000000 -0.000000
vn 0.000000 1.000000 0.000000
vn 0.000000 1.000000 -0.000000
vn 0.000000 1.000000 0.000000
vn 0.000000 1.000000 0.000000
vn 0.000000 1.000000 0.000000
vn 0.000000 1.000000 0.000000
vn 0.000000 1.000000 -0.000000
vn 0.000000 1.000000 -0.000000
vn 0.000000 1.000000 -0.000000
vn 0.000000 1.000000 -0.000000
vn 0.000000 1.000000 0.000000
vn 0.000000 1.000000 0.000000
vn 0.000000 1.000000 0.000000
vn 0.000000 1.000000 -0.000000
vn 0.000000 1.000000 0.000000
vn 0.000000 1.000000 -0.000000
vn 0.000000 1.000000 -0.000000
vn 0.000000 1.000000 0.000000
vn 0.000000 1.000000 -0.000000
vn 0.000000 1.000000 0.000000
vn 0.000000 0.000000 1.000000
vn 0.000000 0.000000 1.000000
vn 0.000000 0.000000 1.000000
vn 0.000000 0.000000 1.000000
vn 0.000000 0.000000 -1.000000
vn 0.000000 0.000000 -1.000000
vn 0.000000 0.000000 -1.000000
vn 0.000000 0.000000 -1.000000
vn 0.000000 -1.000000 0.000000
vn 0.000000 -1.000000 0.000000
vn 0.000000 -1.000000 0.000000
vn 0.000000 -1.000000 0.000000
vn 1.000000 0.000000 0.000000
vn 1.000000 0.000000 0.000000
vn 1.000000 0.000000 0.000000
vn 1.000000 0.000000 0.000000
vn -1.000000 0.000000 0.000000
vn -1.000000 0.000000 0.000000
vn -1.000000 0.000000 0.000000
vn -1.000000 0.000000 0.000000
vn 0.058928 0.998079 -0.019146
vn 0.050127 0.998079 -0.036420
vn 0.000000 1.000000 0.000001
vn 0.036419 0.998079 -0.050128
vn 0.019147 0.998079 -0.058927
vn 0.000000 0.998079 -0.061960
vn -0.019147 0.998079 -0.058927
vn -0.036419 0.998079 -0.050127
vn -0.050127 0.998079 -0.036422
vn -0.058928 0.998079 -0.019147
vn -0.061960 0.998079 0.000003
vn -0.058927 0.998079 0.019151
vn -0.050127 0.998079 0.036421
vn -0.036419 0.998079 0.050129
vn -0.019147 0.998079 0.058928
vn -0.000000 0.998079 0.061960
vn 0.019147 0.998079 0.058927
vn 0.036419 0.998079 0.050125
vn 0.050127 0.998079 0.036420
vn 0.058927 0.998079 0.019147
vn 0.061960 0.998079 0.000000
vn 0.951057 0.000013 -0.309016
vn 0.809017 0.000013 -0.587786
vn 0.809017 0.000013 -0.587786
vn 0.951057 0.000013 -0.309016
vn 0.587785 0.000013 -0.809017
vn 0.587785 0.000013 -0.809017
vn 0.309017 0.000013 -0.951056
vn 0.309017 0.000013 -0.951057
vn -0.000000 0.000013 -1.000000
vn -0.000000 0.000013 -1.000000
vn -0.309017 0.000013 -0.951057
vn -0.309017 0.000013 -0.951057
vn -0.587786 0.000013 -0.809017
vn -0.587786 0.000013 -0.809017
vn -0.809017 0.000013 -0.587785
vn -0.809017 0.000013 -0.587785
vn -0.951057 0.000013 -0.309017
vn -0.951057 0.000013 -0.309017
vn -1.000000 0.000014 -0.000000
vn -1.000000 0.000014 -0.000000
vn -0.951057 0.000013 0.309017
vn -0.951057 0.000013 0.309017
vn -0.809017 0.000013 0.587785
vn -0.809017 0.000013 0.587785
vn -0.587786 0.000013 0.809017
vn -0.587786 0.000013 0.809017
vn -0.309017 0.000013 0.951057
vn -0.309017 0.000013 0.951057
vn 0.000000 0.000013 1.000000
vn 0.000000 0.000013 1.000000
vn 0.309017 0.000013 0.951057
vn 0.309017 0.000013 0.951057
vn 0.587786 0.000012 0.809017
vn 0.587786 0.000012 0.809017
vn 0.809017 0.000013 0.587785
vn 0.809017 0.000013 0.587785
vn 0.951056 0.000013 0.309017
vn 0.951057 0.000013 0.309017
vn 1.000000 0.000013 0.000001
vn 1.000000 0.000013 0.000001
vn 0.105049 0.993881 -0.034132
vn -0.108952 0.993416 0.035401
vn -0.114558 0.993417 0.000000
vn 0.110455 0.993881 0.000000
vn 0.865393 0.414768 -0.281182
vn 0.909927 0.414768 0.000001
vn 0.932337 0.197428 -0.302936
vn 0.915612 0.270462 -0.297499
vn 0.962731 0.270462 0.000001
vn 0.980317 0.197428 0.000001
vn 0.089360 0.993881 -0.064923
vn -0.092680 0.993416 0.067336
vn 0.736147 0.414769 -0.534841
vn 0.778866 0.270461 -0.565879
vn 0.793092 0.197424 -0.576219
vn 0.064924 0.993881 -0.089359
vn -0.067336 0.993416 0.092680
vn 0.534842 0.414769 -0.736146
vn 0.565879 0.270461 -0.778866
vn 0.576217 0.197418 -0.793095
vn 0.034132 0.993881 -0.105048
vn -0.035401 0.993417 0.108952
vn 0.281183 0.414768 -0.865392
vn 0.297500 0.270462 -0.915611
vn 0.302937 0.197423 -0.932338
vn -0.000000 0.993881 -0.110455
vn 0.000000 0.993417 0.114558
vn 0.000000 0.414767 -0.909928
vn 0.000000 0.270462 -0.962731
vn 0.000000 0.197427 -0.980318
vn -0.034133 0.993881 -0.105049
vn 0.035401 0.993417 0.108952
vn -0.281183 0.414767 -0.865392
vn -0.297500 0.270461 -0.915612
vn -0.302935 0.197427 -0.932338
vn -0.064924 0.993881 -0.089360
vn 0.067336 0.993416 0.092680
vn -0.534842 0.414768 -0.736147
vn -0.565880 0.270462 -0.778865
vn -0.576216 0.197428 -0.793094
vn -0.089360 0.993881 -0.064924
vn 0.092680 0.993416 0.067336
vn -0.736147 0.414768 -0.534841
vn -0.778865 0.270463 -0.565879
vn -0.793091 0.197429 -0.576218
vn -0.105049 0.993881 -0.034132
vn 0.108951 0.993417 0.035401
vn -0.865392 0.414768 -0.281183
vn -0.915610 0.270464 -0.297501
vn -0.932337 0.197430 -0.302934
vn -0.110455 0.993881 0.000000
vn 0.114558 0.993417 0.000000
vn -0.909927 0.414768 -0.000000
vn -0.962730 0.270464 0.000000
vn -0.980316 0.197433 -0.000000
vn -0.105049 0.993881 0.034132
vn 0.108951 0.993417 -0.035400
vn -0.865393 0.414768 0.281182
vn -0.915611 0.270464 0.297500
vn -0.932337 0.197431 0.302934
vn -0.089360 0.993881 0.064924
vn 0.092679 0.993417 -0.067336
vn -0.736147 0.414769 0.534841
vn -0.778865 0.270464 0.565878
vn -0.793091 0.197429 0.576219
vn -0.064924 0.993881 0.089360
vn 0.067335 0.993417 -0.092679
vn -0.534842 0.414768 0.736147
vn -0.565879 0.270463 0.778865
vn -0.576216 0.197430 0.793093
vn -0.034132 0.993881 0.105050
vn 0.035400 0.993417 -0.108951
vn -0.281182 0.414768 0.865393
vn -0.297500 0.270463 0.915611
vn -0.302935 0.197430 0.932337
vn 0.000000 0.993881 0.110455
vn -0.000000 0.993417 -0.114558
vn 0.000000 0.414768 0.909927
vn 0.000000 0.270463 0.962730
vn 0.000000 0.197429 0.980317
vn 0.034132 0.993881 0.105049
vn -0.035400 0.993417 -0.108950
vn 0.281183 0.414769 0.865392
vn 0.297500 0.270463 0.915611
vn 0.302935 0.197428 0.932337
vn 0.064924 0.993881 0.089360
vn -0.067335 0.993417 -0.092679
vn 0.534842 0.414769 0.736146
vn 0.565878 0.270464 0.778865
vn 0.576214 0.197428 0.793095
vn 0.089360 0.993881 0.064923
vn -0.092679 0.993417 -0.067336
vn 0.736147 0.414768 0.534841
vn 0.778865 0.270463 0.565880
vn 0.793091 0.197430 0.576218
vn 0.105049 0.993881 0.034132
vn -0.108951 0.993417 -0.035400
vn 0.865392 0.414768 0.281183
vn 0.915611 0.270461 0.297501
vn 0.932337 0.197429 0.302935
vn 0.076825 0.996732 -0.024961
vn 0.065351 0.996732 -0.047479
vn 0.065351 0.996732 -0.047480
vn 0.076824 0.996732 -0.024961
vn 0.065351 0.996732 -0.047480
vn 0.076824 0.996732 -0.024962
vn 0.065351 0.996732 -0.047481
vn 0.076824 0.996732 -0.024963
vn 0.065351 0.996732 -0.047480
vn 0.076824 0.996732 -0.024962
vn 0.065351 0.996732 -0.047479
vn 0.076824 0.996732 -0.024962
vn 0.065351 0.996732 -0.047479
vn 0.076825 0.996732 -0.024962
vn 0.065351 0.996732 -0.047480
vn 0.076825 0.996732 -0.024963
vn 0.065352 0.996732 -0.047481
vn 0.076826 0.996732 -0.024962
vn 0.065351 0.996732 -0.047479
vn 0.076825 0.996732 -0.024961
vn 0.047480 0.996732 -0.065351
vn 0.047480 0.996732 -0.065351
vn 0.047480 0.996732 -0.065351
vn 0.047480 0.996732 -0.065351
vn 0.047480 0.996732 -0.065350
vn 0.047480 0.996732 -0.065350
vn 0.047480 0.996732 -0.065350
vn 0.047481 0.996732 -0.065351
vn 0.047481 0.996732 -0.065352
vn 0.047480 0.996732 -0.065352
vn 0.024962 0.996732 -0.076825
vn 0.024962 0.996732 -0.076825
vn 0.024962 0.996732 -0.076825
vn 0.024962 0.996732 -0.076825
vn 0.024962 0.996732 -0.076824
vn 0.024962 0.996732 -0.076824
vn 0.024962 0.996732 -0.076825
vn 0.024962 0.996732 -0.076826
vn 0.024962 0.996732 -0.076826
vn 0.024962 0.996732 -0.076825
vn 0.000000 0.996732 -0.080778
vn 0.000000 0.996732 -0.080778
vn -0.000000 0.996732 -0.080778
vn -0.000000 0.996732 -0.080778
vn 0.000000 0.996732 -0.080778
vn -0.000000 0.996732 -0.080778
vn 0.000000 0.996732 -0.080779
vn 0.000000 0.996732 -0.080779
vn 0.000000 0.996732 -0.080779
vn -0.000000 0.996732 -0.080778
vn -0.024962 0.996732 -0.076824
vn -0.024962 0.996732 -0.076824
vn -0.024962 0.996732 -0.076825
vn -0.024962 0.996732 -0.076825
vn -0.024962 0.996732 -0.076824
vn -0.024962 0.996732 -0.076824
vn -0.024962 0.996732 -0.076825
vn -0.024962 0.996732 -0.076825
vn -0.024962 0.996732 -0.076826
vn -0.024962 0.996732 -0.076824
vn -0.047480 0.996732 -0.065350
vn -0.047480 0.996732 -0.065351
vn -0.047480 0.996732 -0.065351
vn -0.047480 0.996732 -0.065351
vn -0.047480 0.996732 -0.065351
vn -0.047480 0.996732 -0.065350
vn -0.047480 0.996732 -0.065351
vn -0.047481 0.996732 -0.065351
vn -0.047481 0.996732 -0.065352
vn -0.047480 0.996732 -0.065351
vn -0.065351 0.996732 -0.047480
vn -0.065351 0.996732 -0.047480
vn -0.065351 0.996732 -0.047480
vn -0.065351 0.996732 -0.047480
vn -0.065351 0.996732 -0.047480
vn -0.065351 0.996732 -0.047480
vn -0.065351 0.996732 -0.047480
vn -0.065352 0.996732 -0.047481
vn -0.065352 0.996732 -0.047482
vn -0.065351 0.996732 -0.047481
vn -0.076824 0.996732 -0.024962
vn -0.076824 0.996732 -0.024962
vn -0.076825 0.996732 -0.024962
vn -0.076824 0.996732 -0.024962
vn -0.076825 0.996732 -0.024962
vn -0.076825 0.996732 -0.024962
vn -0.076825 0.996732 -0.024961
vn -0.076825 0.996732 -0.024962
vn -0.076826 0.996732 -0.024963
vn -0.076825 0.996732 -0.024963
vn -0.080778 0.996732 -0.000000
vn -0.080778 0.996732 -0.000000
vn -0.080778 0.996732 -0.000000
vn -0.080778 0.996732 -0.000000
vn -0.080778 0.996732 -0.000000
vn -0.080778 0.996732 0.000000
vn -0.080778 0.996732 0.000000
vn -0.080779 0.996732 0.000000
vn -0.080779 0.996732 0.000001
vn -0.080778 0.996732 0.000001
vn -0.076824 0.996732 0.024962
vn -0.076824 0.996732 0.024962
vn -0.076825 0.996732 0.024962
vn -0.076824 0.996732 0.024962
vn -0.076824 0.996732 0.024962
vn -0.076825 0.996732 0.024962
vn -0.076824 0.996732 0.024962
vn -0.076825 0.996732 0.024962
vn -0.076826 0.996732 0.024963
vn -0.076824 0.996732 0.024964
vn -0.065351 0.996732 0.047480
vn -0.065351 0.996732 0.047480
vn -0.065351 0.996732 0.047480
vn -0.065351 0.996732 0.047480
vn -0.065351 0.996732 0.047480
vn -0.065351 0.996732 0.047480
vn -0.065351 0.996732 0.047480
vn -0.065352 0.996732 0.047481
vn -0.065352 0.996732 0.047482
vn -0.065351 0.996732 0.047481
vn -0.047480 0.996732 0.065351
vn -0.047480 0.996732 0.065351
vn -0.047480 0.996732 0.065351
vn -0.047480 0.996732 0.065351
vn -0.047480 0.996732 0.065351
vn -0.047480 0.996732 0.065350
vn -0.047480 0.996732 0.065350
vn -0.047481 0.996732 0.065351
vn -0.047481 0.996732 0.065352
vn -0.047480 0.996732 0.065351
vn -0.024962 0.996732 0.076825
vn -0.024962 0.996732 0.076825
vn -0.024962 0.996732 0.076825
vn -0.024962 0.996732 0.076825
vn -0.024962 0.996732 0.076825
vn -0.024962 0.996732 0.076824
vn -0.024962 0.996732 0.076823
vn -0.024962 0.996732 0.076825
vn -0.024962 0.996732 0.076826
vn -0.024962 0.996732 0.076825
vn -0.000000 0.996732 0.080778
vn 0.000000 0.996732 0.080778
vn 0.000000 0.996732 0.080778
vn 0.000000 0.996732 0.080779
vn 0.000000 0.996732 0.080778
vn 0.000000 0.996732 0.080778
vn 0.000000 0.996732 0.080778
vn 0.000000 0.996732 0.080778
vn 0.000000 0.996732 0.080779
vn -0.000000 0.996732 0.080778
vn 0.024962 0.996732 0.076824
vn 0.024962 0.996732 0.076824
vn 0.024962 0.996732 0.076825
vn 0.024962 0.996732 0.076825
vn 0.024962 0.996732 0.076824
vn 0.024962 0.996732 0.076824
vn 0.024962 0.996732 0.076824
vn 0.024962 0.996732 0.076825
vn 0.024962 0.996732 0.076826
vn 0.024962 0.996732 0.076824
vn 0.047480 0.996732 0.065351
vn 0.047480 0.996732 0.065351
vn 0.047480 0.996732 0.065351
vn 0.047480 0.996732 0.065351
vn 0.047480 0.996732 0.065351
vn 0.047480 0.996732 0.065351
vn 0.047480 0.996732 0.065350
vn 0.047481 0.996732 0.065352
vn 0.047481 0.996732 0.065353
vn 0.047480 0.996732 0.065350
vn 0.065351 0.996732 0.047481
vn 0.065351 0.996732 0.047480
vn 0.065351 0.996732 0.047480
vn 0.065351 0.996732 0.047480
vn 0.065351 0.996732 0.047480
vn 0.065351 0.996732 0.047480
vn 0.065351 0.996732 0.047480
vn 0.065352 0.996732 0.047480
vn 0.065352 0.996732 0.047481
vn 0.065351 0.996732 0.047481
vn 0.076825 0.996732 0.024962
vn 0.076825 0.996732 0.024962
vn 0.076824 0.996732 0.024962
vn 0.076824 0.996732 0.024962
vn 0.076825 0.996732 0.024962
vn 0.076824 0.996732 0.024962
vn 0.076824 0.996732 0.024962
vn 0.076825 0.996732 0.024961
vn 0.076826 0.996732 0.024962
vn 0.076824 0.996732 0.024963
vn 0.080778 0.996732 -0.000000
vn 0.080778 0.996732 0.000000
vn 0.080778 0.996732 -0.000000
vn 0.080778 0.996732 -0.000000
vn 0.080778 0.996732 -0.000000
vn 0.080778 0.996732 -0.000000
vn 0.080778 0.996732 -0.000000
vn 0.080779 0.996732 -0.000000
vn 0.080779 0.996732 0.000000
vn 0.080778 0.996732 0.000000
vn 0.951057 0.000000 -0.309015
vn 0.809018 0.000000 -0.587784
vn 0.809017 0.000000 -0.587785
vn 0.951057 0.000000 -0.309017
vn 0.587786 0.000002 -0.809016
vn 0.587786 0.000002 -0.809016
vn 0.309016 0.000002 -0.951057
vn 0.309017 0.000002 -0.951056
vn 0.000000 0.000000 -1.000000
vn 0.000001 0.000000 -1.000000
vn -0.309017 0.000000 -0.951057
vn -0.309017 0.000000 -0.951057
vn -0.587786 0.000000 -0.809016
vn -0.587786 0.000000 -0.809016
vn -0.809017 0.000000 -0.587785
vn -0.809017 0.000000 -0.587785
vn -0.951056 0.000000 -0.309018
vn -0.951056 0.000000 -0.309018
vn -1.000000 0.000000 0.000000
vn -1.000000 0.000000 0.000000
vn -0.951057 0.000000 0.309016
vn -0.951057 0.000000 0.309016
vn -0.809018 0.000000 0.587784
vn -0.809018 0.000000 0.587784
vn -0.587785 0.000000 0.809017
vn -0.587785 0.000000 0.809017
vn -0.309016 0.000000 0.951057
vn -0.309016 0.000000 0.951057
vn 0.000001 0.000001 1.000000
vn 0.000002 0.000001 1.000000
vn 0.309016 0.000001 0.951057
vn 0.309017 0.000001 0.951057
vn 0.587787 0.000004 0.809016
vn 0.587786 0.000004 0.809016
vn 0.809017 0.000004 0.587785
vn 0.809016 0.000004 0.587786
vn 0.951056 0.000000 0.309019
vn 0.951056 0.000000 0.309019
vn 1.000000 0.000000 0.000001
vn 1.000000 0.000000 0.000000
vn -0.309017 0.000000 0.951056
vn 0.000001 0.000000 1.000000
vn -0.000001 0.000000 1.000000
vn -0.309017 0.000000 0.951056
vn -0.587785 0.000000 0.809017
vn -0.587785 0.000000 0.809017
vn -0.809016 0.000000 0.587787
vn -0.809016 0.000000 0.587787
vn -0.951057 0.000000 0.309016
vn -0.951057 0.000000 0.309016
vn -1.000000 0.000000 -0.000000
vn -1.000000 0.000000 -0.000000
vn -0.951057 0.000000 -0.309016
vn -0.951057 0.000000 -0.309016
vn -0.809017 0.000000 -0.587785
vn -0.809017 0.000000 -0.587785
vn -0.587785 0.000000 -0.809017
vn -0.587786 0.000000 -0.809016
vn -0.309017 0.000000 -0.951057
vn -0.309017 0.000000 -0.951057
vn -0.000000 0.000000 -1.000000
vn -0.000000 0.000000 -1.000000
vn 0.309016 0.000000 -0.951057
vn 0.309016 0.000000 -0.951057
vn 0.587784 0.000000 -0.809018
vn 0.587785 0.000000 -0.809017
vn 0.809019 -0.000000 -0.587782
vn 0.809019 -0.000000 -0.587782
vn 0.951058 -0.000000 -0.309012
vn 0.951058 -0.000000 -0.309012
vn 1.000000 -0.000000 -0.000002
vn 1.000000 -0.000000 -0.000002
vn 0.951057 0.000000 0.309016
vn 0.951057 0.000000 0.309016
vn 0.809016 0.000000 0.587786
vn 0.809016 0.000000 0.587786
vn 0.587785 0.000000 0.809017
vn 0.587787 0.000000 0.809016
vn 0.309017 0.000000 0.951057
vn 0.309017 0.000000 0.951057
vn -0.000006 1.000000 0.000005
vn -0.000002 1.000000 0.000009
vn -0.000002 1.000000 0.000009
vn -0.000006 1.000000 0.000005
vn -0.000008 1.000000 0.000000
vn -0.000008 1.000000 0.000000
vn -0.000005 1.000000 0.000000
vn -0.000005 1.000000 0.000000
vn -0.000002 1.000000 0.000000
vn -0.000002 1.000000 0.000000
vn 0.000000 1.000000 -0.000000
vn 0.000000 1.000000 -0.000000
vn 0.000000 1.000000 -0.000000
vn 0.000000 1.000000 -0.000000
vn 0.000000 1.000000 -0.000000
vn 0.000000 1.000000 -0.000000
vn 0.000000 1.000000 0.000000
vn 0.000000 1.000000 0.000000
vn 0.000000 1.000000 0.000000
vn 0.000000 1.000000 0.000000
vn 0.000000 1.000000 0.000000
vn 0.000000 1.000000 0.000000
vn 0.000000 1.000000 0.000000
vn 0.000000 1.000000 0.000000
vn -0.000000 1.000000 0.000000
vn -0.000000 1.000000 0.000000
vn -0.000001 1.000000 -0.000000
vn -0.000001 1.000000 -0.000000
vn -0.000002 1.000000 -0.000001
vn -0.000002 1.000000 -0.000001
vn -0.000004 1.000000 -0.000001
vn -0.000004 1.000000 -0.000001
vn -0.000003 1.000000 -0.000003
vn -0.000003 1.000000 -0.000003
vn 0.000000 1.000000 -0.000006
vn 0.000000 1.000000 -0.000006
vn 0.000001 1.000000 -0.000003
vn 0.000001 1.000000 -0.000003
vn -0.000000 1.000000 0.000005
vn -0.000000 1.000000 0.000005
vn 0.000000 0.000000 1.000000
vn 0.000000 0.000000 1.000000
vn 0.000000 0.000000 1.000000
vn 0.000000 0.000000 1.000000
vn 0.000000 1.000000 0.000000
vn 0.000000 1.000000 0.000000
vn 0.000000 1.000000 0.000000
vn 0.000000 1.000000 0.000000
vn 0.000000 0.000000 -1.000000
vn 0.000000 0.000000 -1.000000
vn 0.000000 0.000000 -1.000000
vn 0.000000 0.000000 -1.000000
vn 1.000000 0.000000 0.000000
vn 1.000000 0.000000 0.000000
vn 1.000000 0.000000 0.000000
vn 1.000000 0.000000 0.000000
vn -1.000000 0.000000 0.000000
vn -1.000000 0.000000 0.000000
vn -1.000000 0.000000 0.000000
vn -1.000000 0.000000 0.000000
vn 0.000000 0.000000 1.000000
vn 0.000000 0.000000 1.000000
vn 0.000000 0.000000 1.000000
vn 0.000000 0.000000 1.000000
vn 0.000000 0.000000 -1.000000
vn 0.000000 0.000000 -1.000000
vn 0.000000 0.000000 -1.000000
vn 0.000000 0.000000 -1.000000
vn 0.000000 -1.000000 0.000000
vn 0.000000 -1.000000 0.000000
vn 0.000000 -1.000000 0.000000
vn 0.000000 -1.000000 0.000000
vn 1.000000 0.000000 0.000000
vn 1.000000 0.000000 0.000000
vn 1.000000 0.000000 0.000000
vn 1.000000 0.000000 0.000000
vn -1.000000 0.000000 0.000000
vn -1.000000 0.000000 0.000000
vn -1.000000 0.000000 0.000000
vn -1.000000 0.000000 0.000000
vn 0.058927 0.998079 -0.019146
vn 0.050127 0.998079 -0.036420
vn 0.000000 1.000000 0.000001
vn 0.036419 0.998079 -0.050128
vn 0.019147 0.998079 -0.058927
vn 0.000000 0.998079 -0.061960
vn -0.019147 0.998079 -0.058927
vn -0.036419 0.998079 -0.050127
vn -0.050127 0.998079 -0.036422
vn -0.058927 0.998079 -0.019147
vn -0.061960 0.998079 0.000003
vn -0.058927 0.998079 0.019151
vn -0.050127 0.998079 0.036421
vn -0.036419 0.998079 0.050128
vn -0.019147 0.998079 0.058928
vn 0.000000 0.998079 0.061960
vn 0.019147 0.998079 0.058927
vn 0.036419 0.998079 0.050125
vn 0.050127 0.998079 0.036420
vn 0.058927 0.998079 0.019147
vn 0.061960 0.998079 0.000000
vn 0.951057 0.000013 -0.309016
vn 0.809017 0.000013 -0.587785
vn 0.809017 0.000013 -0.587785
vn 0.951057 0.000013 -0.309016
vn 0.587785 0.000013 -0.809017
vn 0.587785 0.000013 -0.809017
vn 0.309017 0.000013 -0.951057
vn 0.309017 0.000013 -0.951057
vn -0.000000 0.000013 -1.000000
vn -0.000000 0.000013 -1.000000
vn -0.309017 0.000013 -0.951057
vn -0.309017 0.000013 -0.951057
vn -0.587786 0.000013 -0.809017
vn -0.587786 0.000013 -0.809017
vn -0.809017 0.000013 -0.587785
vn -0.809017 0.000013 -0.587785
vn -0.951057 0.000014 -0.309017
vn -0.951057 0.000014 -0.309017
vn -1.000000 0.000014 -0.000000
vn -1.000000 0.000014 -0.000000
vn -0.951056 0.000013 0.309017
vn -0.951056 0.000013 0.309017
vn -0.809017 0.000013 0.587785
vn -0.809017 0.000013 0.587785
vn -0.587785 0.000013 0.809017
vn -0.587785 0.000013 0.809017
vn -0.309017 0.000013 0.951057
vn -0.309017 0.000013 0.951057
vn 0.000000 0.000013 1.000000
vn 0.000000 0.000013 1.000000
vn 0.309017 0.000013 0.951057
vn 0.309017 0.000013 0.951057
vn 0.587785 0.000012 0.809017
vn 0.587785 0.000012 0.809017
vn 0.809017 0.000013 0.587785
vn 0.809017 0.000013 0.587786
vn 0.951057 0.000013 0.309017
vn 0.951057 0.000013 0.309017
vn 1.000000 0.000013 0.000001
vn 1.000000 0.000013 0.000001
vn 0.105049 0.993881 -0.034132
vn -0.108952 0.993417 0.035401
vn -0.114558 0.993417 0.000000
vn 0.110455 0.993881 0.000000
vn 0.865393 0.414767 -0.281182
vn 0.909927 0.414768 0.000001
vn 0.932338 0.197429 -0.302932
vn 0.915612 0.270462 -0.297499
vn 0.962730 0.270463 0.000001
vn 0.980317 0.197428 0.000001
vn 0.089360 0.993881 -0.064924
vn -0.092680 0.993416 0.067336
vn 0.736147 0.414767 -0.534842
vn 0.778865 0.270462 -0.565879
vn 0.793093 0.197430 -0.576216
vn 0.064924 0.993881 -0.089360
vn -0.067336 0.993417 0.092680
vn 0.534842 0.414767 -0.736147
vn 0.565879 0.270462 -0.778866
vn 0.576215 0.197429 -0.793094
vn 0.034132 0.993881 -0.105049
vn -0.035401 0.993416 0.108952
vn 0.281182 0.414767 -0.865393
vn 0.297499 0.270463 -0.915611
vn 0.302936 0.197430 -0.932337
vn 0.000000 0.993881 -0.110455
vn 0.000000 0.993417 0.114558
vn 0.000000 0.414767 -0.909928
vn 0.000000 0.270463 -0.962730
vn 0.000000 0.197431 -0.980317
vn -0.034132 0.993881 -0.105050
vn 0.035401 0.993417 0.108952
vn -0.281183 0.414767 -0.865393
vn -0.297500 0.270463 -0.915611
vn -0.302936 0.197430 -0.932337
vn -0.064924 0.993881 -0.089360
vn 0.067336 0.993417 0.092680
vn -0.534842 0.414768 -0.736147
vn -0.565879 0.270463 -0.778865
vn -0.576216 0.197429 -0.793094
vn -0.089360 0.993881 -0.064924
vn 0.092680 0.993417 0.067336
vn -0.736147 0.414768 -0.534841
vn -0.778865 0.270463 -0.565879
vn -0.793092 0.197429 -0.576218
vn -0.105049 0.993881 -0.034132
vn 0.108951 0.993417 0.035401
vn -0.865392 0.414768 -0.281183
vn -0.915611 0.270462 -0.297500
vn -0.932338 0.197426 -0.302936
vn -0.110455 0.993881 0.000000
vn 0.114558 0.993417 0.000000
vn -0.909927 0.414769 0.000000
vn -0.962731 0.270461 0.000000
vn -0.980318 0.197423 0.000000
vn -0.105049 0.993881 0.034132
vn 0.108951 0.993417 -0.035400
vn -0.865392 0.414770 0.281182
vn -0.915611 0.270463 0.297500
vn -0.932338 0.197426 0.302935
vn -0.089360 0.993881 0.064924
vn 0.092679 0.993417 -0.067336
vn -0.736146 0.414770 0.534841
vn -0.778865 0.270464 0.565878
vn -0.793092 0.197428 0.576219
vn -0.064924 0.993881 0.089360
vn 0.067335 0.993417 -0.092680
vn -0.534842 0.414769 0.736146
vn -0.565879 0.270464 0.778865
vn -0.576217 0.197428 0.793093
vn -0.034132 0.993881 0.105049
vn 0.035400 0.993417 -0.108951
vn -0.281183 0.414768 0.865392
vn -0.297500 0.270464 0.915611
vn -0.302936 0.197429 0.932337
vn 0.000000 0.993881 0.110455
vn -0.000000 0.993417 -0.114557
vn 0.000000 0.414768 0.909927
vn 0.000000 0.270463 0.962730
vn 0.000000 0.197430 0.980317
vn 0.034132 0.993881 0.105049
vn -0.035400 0.993417 -0.108950
vn 0.281183 0.414769 0.865392
vn 0.297500 0.270463 0.915611
vn 0.302936 0.197429 0.932337
vn 0.064924 0.993881 0.089360
vn -0.067335 0.993417 -0.092679
vn 0.534842 0.414769 0.736146
vn 0.565879 0.270463 0.778865
vn 0.576216 0.197428 0.793093
vn 0.089360 0.993881 0.064923
vn -0.092679 0.993417 -0.067336
vn 0.736146 0.414769 0.534841
vn 0.778866 0.270463 0.565878
vn 0.793093 0.197428 0.576217
vn 0.105049 0.993881 0.034132
vn -0.108951 0.993417 -0.035401
vn 0.865392 0.414769 0.281183
vn 0.915611 0.270463 0.297500
vn 0.932337 0.197428 0.302935
vn 0.076825 0.996732 -0.024962
vn 0.065351 0.996732 -0.047480
vn 0.065351 0.996732 -0.047480
vn 0.076824 0.996732 -0.024962
vn 0.065351 0.996732 -0.047480
vn 0.076824 0.996732 -0.024962
vn 0.065351 0.996732 -0.047480
vn 0.076824 0.996732 -0.024962
vn 0.065351 0.996732 -0.047480
vn 0.076824 0.996732 -0.024962
vn 0.065351 0.996732 -0.047480
vn 0.076824 0.996732 -0.024962
vn 0.065351 0.996732 -0.047480
vn 0.076824 0.996732 -0.024962
vn 0.065351 0.996732 -0.047481
vn 0.076825 0.996732 -0.024963
vn 0.065352 0.996732 -0.047481
vn 0.076826 0.996732 -0.024962
vn 0.065351 0.996732 -0.047479
vn 0.076825 0.996732 -0.024961
vn 0.047480 0.996732 -0.065351
vn 0.047480 0.996732 -0.065351
vn 0.047480 0.996732 -0.065351
vn 0.047480 0.996732 -0.065350
vn 0.047480 0.996732 -0.065350
vn 0.047480 0.996732 -0.065350
vn 0.047480 0.996732 -0.065351
vn 0.047481 0.996732 -0.065352
vn 0.047481 0.996732 -0.065352
vn 0.047480 0.996732 -0.065352
vn 0.024962 0.996732 -0.076825
vn 0.024962 0.996732 -0.076825
vn 0.024962 0.996732 -0.076824
vn 0.024962 0.996732 -0.076824
vn 0.024962 0.996732 -0.076824
vn 0.024962 0.996732 -0.076824
vn 0.024962 0.996732 -0.076825
vn 0.024962 0.996732 -0.076826
vn 0.024962 0.996732 -0.076826
vn 0.024962 0.996732 -0.076825
vn -0.000000 0.996732 -0.080778
vn 0.000000 0.996732 -0.080778
vn 0.000000 0.996732 -0.080778
vn 0.000000 0.996732 -0.080778
vn 0.000000 0.996732 -0.080778
vn -0.000000 0.996732 -0.080778
vn -0.000000 0.996732 -0.080779
vn 0.000000 0.996732 -0.080779
vn 0.000000 0.996732 -0.080779
vn -0.000000 0.996732 -0.080778
vn -0.024962 0.996732 -0.076824
vn -0.024962 0.996732 -0.076825
vn -0.024962 0.996732 -0.076825
vn -0.024962 0.996732 -0.076825
vn -0.024962 0.996732 -0.076824
vn -0.024962 0.996732 -0.076824
vn -0.024962 0.996732 -0.076825
vn -0.024962 0.996732 -0.076825
vn -0.024962 0.996732 -0.076826
vn -0.024962 0.996732 -0.076825
vn -0.047480 0.996732 -0.065351
vn -0.047480 0.996732 -0.065351
vn -0.047480 0.996732 -0.065351
vn -0.047480 0.996732 -0.065351
vn -0.047480 0.996732 -0.065350
vn -0.047480 0.996732 -0.065350
vn -0.047480 0.996732 -0.065352
vn -0.047481 0.996732 -0.065352
vn -0.047481 0.996732 -0.065352
vn -0.047480 0.996732 -0.065351
vn -0.065351 0.996732 -0.047480
vn -0.065351 0.996732 -0.047480
vn -0.065351 0.996732 -0.047480
vn -0.065351 0.996732 -0.047480
vn -0.065351 0.996732 -0.047480
vn -0.065351 0.996732 -0.047480
vn -0.065351 0.996732 -0.047480
vn -0.065351 0.996732 -0.047481
vn -0.065352 0.996732 -0.047481
vn -0.065351 0.996732 -0.047481
vn -0.076824 0.996732 -0.024962
vn -0.076825 0.996732 -0.024962
vn -0.076825 0.996732 -0.024962
vn -0.076824 0.996732 -0.024962
vn -0.076824 0.996732 -0.024962
vn -0.076824 0.996732 -0.024962
vn -0.076825 0.996732 -0.024961
vn -0.076825 0.996732 -0.024962
vn -0.076826 0.996732 -0.024963
vn -0.076825 0.996732 -0.024963
vn -0.080778 0.996732 0.000000
vn -0.080778 0.996732 -0.000000
vn -0.080778 0.996732 -0.000000
vn -0.080778 0.996732 -0.000000
vn -0.080778 0.996732 -0.000000
vn -0.080778 0.996732 0.000000
vn -0.080778 0.996732 0.000000
vn -0.080779 0.996732 -0.000000
vn -0.080779 0.996732 0.000000
vn -0.080778 0.996732 0.000001
vn -0.076825 0.996732 0.024962
vn -0.076825 0.996732 0.024962
vn -0.076824 0.996732 0.024962
vn -0.076824 0.996732 0.024962
vn -0.076825 0.996732 0.024962
vn -0.076825 0.996732 0.024962
vn -0.076825 0.996732 0.024962
vn -0.076825 0.996732 0.024962
vn -0.076826 0.996732 0.024963
vn -0.076825 0.996732 0.024964
vn -0.065351 0.996732 0.047480
vn -0.065351 0.996732 0.047480
vn -0.065351 0.996732 0.047480
vn -0.065351 0.996732 0.047480
vn -0.065351 0.996732 0.047480
vn -0.065351 0.996732 0.047480
vn -0.065351 0.996732 0.047481
vn -0.065351 0.996732 0.047482
vn -0.065352 0.996732 0.047481
vn -0.065351 0.996732 0.047480
vn -0.047480 0.996732 0.065350
vn -0.047480 0.996732 0.065350
vn -0.047480 0.996732 0.065350
vn -0.047480 0.996732 0.065351
vn -0.047480 0.996732 0.065351
vn -0.047480 0.996732 0.065351
vn -0.047480 0.996732 0.065351
vn -0.047481 0.996732 0.065352
vn -0.047481 0.996732 0.065352
vn -0.047480 0.996732 0.065351
vn -0.024962 0.996732 0.076824
vn -0.024962 0.996732 0.076824
vn -0.024962 0.996732 0.076824
vn -0.024962 0.996732 0.076825
vn -0.024962 0.996732 0.076825
vn -0.024962 0.996732 0.076824
vn -0.024962 0.996732 0.076824
vn -0.024962 0.996732 0.076825
vn -0.024962 0.996732 0.076826
vn -0.024962 0.996732 0.076825
vn 0.000000 0.996732 0.080778
vn 0.000000 0.996732 0.080778
vn 0.000000 0.996732 0.080778
vn 0.000000 0.996732 0.080779
vn 0.000000 0.996732 0.080778
vn 0.000000 0.996732 0.080778
vn 0.000000 0.996732 0.080778
vn 0.000000 0.996732 0.080778
vn 0.000000 0.996732 0.080779
vn 0.000000 0.996732 0.080778
vn 0.024962 0.996732 0.076823
vn 0.024962 0.996732 0.076823
vn 0.024962 0.996732 0.076825
vn 0.024962 0.996732 0.076825
vn 0.024962 0.996732 0.076824
vn 0.024962 0.996732 0.076825
vn 0.024962 0.996732 0.076825
vn 0.024962 0.996732 0.076825
vn 0.024962 0.996732 0.076826
vn 0.024962 0.996732 0.076824
vn 0.047480 0.996732 0.065350
vn 0.047480 0.996732 0.065350
vn 0.047480 0.996732 0.065351
vn 0.047480 0.996732 0.065351
vn 0.047480 0.996732 0.065351
vn 0.047480 0.996732 0.065351
vn 0.047480 0.996732 0.065351
vn 0.047481 0.996732 0.065352
vn 0.047481 0.996732 0.065353
vn 0.047480 0.996732 0.065350
vn 0.065351 0.996732 0.047481
vn 0.065351 0.996732 0.047480
vn 0.065351 0.996732 0.047480
vn 0.065351 0.996732 0.047480
vn 0.065351 0.996732 0.047481
vn 0.065351 0.996732 0.047480
vn 0.065351 0.996732 0.047480
vn 0.065352 0.996732 0.047481
vn 0.065352 0.996732 0.047481
vn 0.065351 0.996732 0.047481
vn 0.076825 0.996732 0.024962
vn 0.076824 0.996732 0.024962
vn 0.076824 0.996732 0.024962
vn 0.076824 0.996732 0.024962
vn 0.076824 0.996732 0.024962
vn 0.076824 0.996732 0.024961
vn 0.076824 0.996732 0.024961
vn 0.076825 0.996732 0.024962
vn 0.076826 0.996732 0.024962
vn 0.076824 0.996732 0.024963
vn 0.080778 0.996732 -0.000000
vn 0.080778 0.996732 0.000000
vn 0.080778 0.996732 0.000000
vn 0.080778 0.996732 0.000000
vn 0.080778 0.996732 -0.000000
vn 0.080778 0.996732 -0.000000
vn 0.080778 0.996732 -0.000000
vn 0.080779 0.996732 -0.000001
vn 0.080779 0.996732 0.000000
vn 0.080778 0.996732 0.000000
vn 0.951057 0.000000 -0.309015
vn 0.951057 0.000000 -0.309015
vn 0.809018 0.000000 -0.587784
vn 0.809018 0.000000 -0.587784
vn 0.587787 0.000000 -0.809016
vn 0.587787 0.000000 -0.809016
vn 0.309015 0.000000 -0.951057
vn 0.309015 0.000000 -0.951057
vn 0.000000 0.000000 -1.000000
vn 0.000000 0.000000 -1.000000
vn -0.309019 0.000000 -0.951056
vn -0.309019 0.000000 -0.951056
vn -0.587787 0.000000 -0.809016
vn -0.587787 0.000000 -0.809016
vn -0.809017 0.000000 -0.587786
vn -0.809017 0.000000 -0.587786
vn -0.951057 0.000000 -0.309017
vn -0.951057 0.000000 -0.309017
vn -1.000000 0.000000 0.000000
vn -1.000000 0.000000 0.000000
vn -0.951056 0.000000 0.309018
vn -0.951056 0.000000 0.309018
vn -0.809017 0.000000 0.587785
vn -0.809017 0.000000 0.587785
vn -0.587787 0.000000 0.809016
vn -0.587787 0.000000 0.809016
vn -0.309016 0.000000 0.951057
vn -0.309016 0.000000 0.951057
vn 0.000000 0.000000 1.000000
vn 0.000000 0.000000 1.000000
vn 0.309017 0.000000 0.951056
vn 0.309017 0.000000 0.951056
vn 0.587787 0.000000 0.809016
vn 0.587787 0.000000 0.809016
vn 0.809017 0.000000 0.587785
vn 0.809017 0.000000 0.587785
vn 0.951057 0.000000 0.309017
vn 0.951057 0.000000 0.309017
vn 1.000000 0.000000 0.000001
vn 1.000000 0.000000 0.000001
vn 0.000000 1.000000 -0.000001
vn 0.000000 1.000000 -0.000000
vn 0.000000 1.000000 -0.000000
vn 0.000000 1.000000 0.000000
vn 0.000000 1.000000 0.000000
vn 0.000000 1.000000 0.000000
vn 0.000000 1.000000 0.000000
vn 0.000000 1.000000 -0.000000
vn 0.000000 1.000000 -0.000001
vn 0.000000 1.000000 0.000001
vn 0.000000 1.000000 0.000000
vn 0.000000 1.000000 -0.000001
vn 0.000000 1.000000 0.000000
vn 0.000000 1.000000 0.000000
vn 0.000000 1.000000 0.000000
vn 0.000000 1.000000 0.000000
vn 0.000000 1.000000 0.000000
vn 0.000000 1.000000 0.000000
vn 0.000000 1.000000 -0.000000
vn 0.000000 1.000000 -0.000000
vn 0.000000 1.000000 0.000001
s 1
g CaseShape
usemtl initialShadingGroup
f 7/4359/1 8/2/2 2/3/3 1/4/4
s off
f 3/5/5 4/6/6 10/3701/7 11/8/8
s 2
f 5/4683/9 6/10/10 75/11/11 76/12/12
s 3
f 8/3690/13 22/13/14 21/14/15 10/7/16 4/6/17 2/3/18
s off
f 12/3725/19 9/16/20 6/10/21 5/4683/22
s 4
f 11/3724/23 34/3723/24 33/18/25 7/1/26 1/4/27 3/5/28
s 5
f 10/3701/29 21/3700/30 34/17/31 11/8/32
f 32/3714/33 23/20/34 9/4687/35 12/4686/36
f 21/3700/30 20/3699/37 24/3722/38 34/17/31
f 20/3699/37 19/3698/39 25/3721/40 24/3722/38
f 19/3698/39 18/3697/41 26/3720/42 25/3721/40
f 18/3697/41 17/3696/43 27/3719/44 26/3720/42
f 17/3696/43 16/3695/45 28/3718/46 27/3719/44
f 16/3695/45 15/3694/47 29/3717/48 28/3718/46
f 15/3694/47 14/3693/49 30/3716/50 29/3717/48
f 14/3693/49 13/3691/51 31/3715/52 30/3716/50
f 13/3691/51 23/20/34 32/3714/33 31/3715/52
s 3
f 22/13/14 23/3692/53 13/35/54
f 22/13/14 13/35/54 14/33/55
f 22/13/14 14/33/55 15/31/56
f 22/13/14 15/31/56 16/29/57
f 22/13/14 16/29/57 17/27/58
f 22/13/14 17/27/58 18/25/59
f 22/13/14 18/25/59 19/23/60
f 22/13/14 19/23/60 20/21/61
f 22/13/14 20/21/61 21/14/15
s 4
f 33/18/25 34/3723/24 24/22/62
f 33/18/25 24/22/62 25/24/63
f 33/18/25 25/24/63 26/26/64
f 33/18/25 26/26/64 27/28/65
f 33/18/25 27/28/65 28/30/66
f 33/18/25 28/30/66 29/32/67
f 33/18/25 29/32/67 30/34/68
f 33/18/25 30/34/68 31/36/69
f 33/18/25 31/36/69 32/19/70
s 2
f 39/40/71 38/3683/72 41/42/73 42/43/74
f 42/43/74 41/42/73 35/37/75 36/3774/76
s 1
f 7/4359/1 49/4550/77 51/45/78 8/2/2
f 49/4550/77 48/3713/79 52/47/80 51/45/78
f 48/3713/79 47/3712/81 53/49/82 52/47/80
f 47/3712/81 46/3711/83 54/51/84 53/49/82
f 46/3711/83 45/3710/85 55/53/86 54/51/84
f 45/3710/85 44/3709/87 56/55/88 55/53/86
f 44/3709/87 43/4551/89 50/4549/90 56/55/88
s 4
f 7/1/26 33/18/25 32/19/70 12/15/91 5/9/92 76/3707/93 80/3704/94 78/57/95 74/58/96 39/3708/97 40/59/98 3681/4553/99 43/39/100 44/54/101 45/52/102 46/50/103 47/48/104 48/46/105 49/44/106
s 3
f 50/38/107 3680/4552/108 37/60/109 38/41/110 73/3681/111 77/3680/112 79/3679/113 75/3682/114 6/3703/115 9/3702/116 23/3692/53 22/13/14 8/3690/13 51/3689/117 52/3688/118 53/3687/119 54/3686/120 55/3685/121 56/3684/122
s 8
f 1/4/123 2/3/124 58/3977/125 57/3979/126
f 2/3/124 4/6/127 59/3975/128 58/3977/125
f 4/6/127 3/5/129 60/3973/130 59/3975/128
f 3/5/129 1/4/123 57/3979/126 60/3973/130
s off
f 57/65/131 58/3978/132 62/68/133 61/69/134
f 58/64/135 59/3976/136 63/70/137 62/68/138
f 59/66/139 60/3974/140 64/71/141 63/70/142
f 60/67/143 57/3980/144 61/69/145 64/71/146
s 9
f 61/69/147 62/68/148 66/3971/149 65/3969/150
f 62/68/148 63/70/151 67/3967/152 66/3971/149
f 63/70/151 64/71/153 68/3965/154 67/3967/152
f 64/71/153 61/69/147 65/3969/150 68/3965/154
s off
f 69/76/155 70/77/156 71/78/157 72/79/158
f 65/73/159 66/3972/160 70/77/161 69/76/162
f 66/72/163 67/3968/164 71/78/165 70/77/166
f 67/74/167 68/3966/168 72/79/169 71/78/170
f 68/75/171 65/3970/172 69/76/173 72/79/174
s 2
f 74/3706/175 73/61/176 38/3683/72 39/40/71
f 76/12/12 75/11/11 79/63/177 80/56/178
f 78/3705/179 77/62/180 73/61/176 74/3706/175
f 80/56/178 79/63/177 77/62/180 78/3705/179
s off
f 81/80/181 82/81/182 84/3955/183 83/83/184
f 85/3954/185 86/85/186 88/86/187 87/87/188
f 87/87/189 88/86/190 82/81/191 81/80/192
f 82/81/193 88/86/194 86/3953/195 84/82/196
f 87/87/197 81/80/198 83/3956/199 85/84/200
f 89/3964/201 90/89/202 92/90/203 91/91/204
f 91/91/205 92/90/206 94/92/207 93/93/208
f 93/93/209 94/92/210 96/3961/211 95/95/212
f 90/3963/213 96/94/214 94/92/215 92/90/216
f 95/3962/217 89/88/218 91/91/219 93/93/220
f 97/3960/221 98/97/222 100/98/223 99/99/224
f 99/99/225 100/98/226 102/100/227 101/101/228
f 101/101/229 102/100/230 104/3957/231 103/103/232
f 98/3959/233 104/102/234 102/100/235 100/98/236
f 103/3958/237 97/96/238 99/99/239 101/101/240
s 10
f 105/4049/241 125/105/242 126/106/243 106/4066/244
f 106/4066/244 126/106/243 127/108/245 107/4065/246
f 107/4065/246 127/108/245 128/110/247 108/4064/248
f 108/4064/248 128/110/247 129/112/249 109/4063/250
f 109/4063/250 129/112/249 130/114/251 110/4062/252
f 110/4062/252 130/114/251 131/116/253 111/4061/254
f 111/4061/254 131/116/253 132/118/255 112/4060/256
f 112/4060/256 132/118/255 133/120/257 113/4059/258
f 113/4059/258 133/120/257 134/122/259 114/4058/260
f 114/4058/260 134/122/259 135/124/261 115/4057/262
f 115/4057/262 135/124/261 136/126/263 116/4056/264
f 116/4056/264 136/126/263 137/128/265 117/4055/266
f 117/4055/266 137/128/265 138/130/267 118/4054/268
f 118/4054/268 138/130/267 139/132/269 119/4053/270
f 119/4053/270 139/132/269 140/134/271 120/4052/272
f 120/4052/272 140/134/271 141/136/273 121/4051/274
f 121/4051/274 141/136/273 142/138/275 122/4046/276
f 122/4045/276 142/4047/275 143/140/277 123/4050/278
f 123/4050/278 143/140/277 144/142/279 124/4048/280
f 124/4048/280 144/142/279 125/105/242 105/4049/241
s 11
f 106/107/281 145/144/282 105/104/283
f 107/109/284 145/144/282 106/107/281
f 108/111/285 145/144/282 107/109/284
f 109/113/286 145/144/282 108/111/285
f 110/115/287 145/144/282 109/113/286
f 111/117/288 145/144/282 110/115/287
f 112/119/289 145/144/282 111/117/288
f 113/121/290 145/144/282 112/119/289
f 114/123/291 145/144/282 113/121/290
f 115/125/292 145/144/282 114/123/291
f 116/127/293 145/144/282 115/125/292
f 117/129/294 145/144/282 116/127/293
f 118/131/295 145/144/282 117/129/294
f 119/133/296 145/144/282 118/131/295
f 120/135/297 145/144/282 119/133/296
f 121/137/298 145/144/282 120/135/297
f 122/139/299 145/144/282 121/137/298
f 123/141/300 145/144/282 122/139/299
f 124/143/301 145/144/282 123/141/300
f 105/104/283 145/144/282 124/143/301
s 12
f 146/4071/302 166/146/303 167/147/304 147/4088/305
f 147/4088/305 167/147/304 168/149/306 148/4087/307
f 148/4087/307 168/149/306 169/151/308 149/4086/309
f 149/4086/309 169/151/308 170/153/310 150/4085/311
f 150/4085/311 170/153/310 171/155/312 151/4084/313
f 151/4084/313 171/155/312 172/157/314 152/4083/315
f 152/4083/315 172/157/314 173/159/316 153/4082/317
f 153/4082/317 173/159/316 174/161/318 154/4081/319
f 154/4081/319 174/161/318 175/163/320 155/4080/321
f 155/4080/321 175/163/320 176/165/322 156/4079/323
f 156/4079/323 176/165/322 177/167/324 157/4078/325
f 157/4078/325 177/167/324 178/169/326 158/4077/327
f 158/4077/327 178/169/326 179/171/328 159/4076/329
f 159/4076/329 179/171/328 180/173/330 160/4075/331
f 160/4075/331 180/173/330 181/175/332 161/4074/333
f 161/4074/333 181/175/332 182/177/334 162/4068/335
f 162/4067/335 182/4069/334 183/179/336 163/4073/337
f 163/4073/337 183/179/336 184/181/338 164/4072/339
f 164/4072/339 184/181/338 185/183/340 165/4070/341
f 165/4070/341 185/183/340 166/146/303 146/4071/302
s 13
f 147/148/342 186/185/343 146/145/344
f 148/150/345 186/185/343 147/148/342
f 149/152/346 186/185/343 148/150/345
f 150/154/347 186/185/343 149/152/346
f 151/156/348 186/185/343 150/154/347
f 152/158/349 186/185/343 151/156/348
f 153/160/350 186/185/343 152/158/349
f 154/162/351 186/185/343 153/160/350
f 155/164/352 186/185/343 154/162/351
f 156/166/353 186/185/343 155/164/352
f 157/168/354 186/185/343 156/166/353
f 158/170/355 186/185/343 157/168/354
f 159/172/356 186/185/343 158/170/355
f 160/174/357 186/185/343 159/172/356
f 161/176/358 186/185/343 160/174/357
f 162/178/359 186/185/343 161/176/358
f 163/180/360 186/185/343 162/178/359
f 164/182/361 186/185/343 163/180/360
f 165/184/362 186/185/343 164/182/361
f 146/145/344 186/185/343 165/184/362
s 14
f 187/4005/363 207/187/364 208/188/365 188/4022/366
f 188/4022/366 208/188/365 209/190/367 189/4021/368
f 189/4021/368 209/190/367 210/192/369 190/4020/370
f 190/4020/370 210/192/369 211/194/371 191/4019/372
f 191/4019/372 211/194/371 212/196/373 192/4018/374
f 192/4018/374 212/196/373 213/198/375 193/4017/376
f 193/4017/376 213/198/375 214/200/377 194/4016/378
f 194/4016/378 214/200/377 215/202/379 195/4015/380
f 195/4015/380 215/202/379 216/204/381 196/4014/382
f 196/4014/382 216/204/381 217/206/383 197/4013/384
f 197/4013/384 217/206/383 218/208/385 198/4012/386
f 198/4012/386 218/208/385 219/210/387 199/4002/388
f 199/4001/388 219/4003/387 220/212/389 200/4011/390
f 200/4011/390 220/212/389 221/214/391 201/4010/392
f 201/4010/392 221/214/391 222/216/393 202/4009/394
f 202/4009/394 222/216/393 223/218/395 203/4008/396
f 203/4008/396 223/218/395 224/220/397 204/4007/398
f 204/4007/398 224/220/397 225/222/399 205/4006/400
f 205/4006/400 225/222/399 226/224/401 206/4004/402
f 206/4004/402 226/224/401 207/187/364 187/4005/363
s 15
f 188/189/403 227/226/404 187/186/405
f 189/191/406 227/226/404 188/189/403
f 190/193/407 227/226/404 189/191/406
f 191/195/408 227/226/404 190/193/407
f 192/197/409 227/226/404 191/195/408
f 193/199/410 227/226/404 192/197/409
f 194/201/411 227/226/404 193/199/410
f 195/203/412 227/226/404 194/201/411
f 196/205/413 227/226/404 195/203/412
f 197/207/414 227/226/404 196/205/413
f 198/209/415 227/226/404 197/207/414
f 199/211/416 227/226/404 198/209/415
f 200/213/417 227/226/404 199/211/416
f 201/215/418 227/226/404 200/213/417
f 202/217/419 227/226/404 201/215/418
f 203/219/420 227/226/404 202/217/419
f 204/221/421 227/226/404 203/219/420
f 205/223/422 227/226/404 204/221/421
f 206/225/423 227/226/404 205/223/422
f 187/186/405 227/226/404 206/225/423
s 16
f 357/227/424 367/228/425 368/229/426
f 367/228/425 378/230/427 368/229/426
f 378/230/427 388/231/428 368/229/426
f 388/231/428 398/232/429 368/229/426
f 398/232/429 408/233/430 368/229/426
f 408/233/430 418/234/431 368/229/426
f 418/234/431 428/235/432 368/229/426
f 428/235/432 438/236/433 368/229/426
f 438/236/433 448/237/434 368/229/426
f 448/237/434 458/238/435 368/229/426
f 458/238/435 468/239/436 368/229/426
f 468/239/436 478/240/437 368/229/426
f 478/240/437 488/241/438 368/229/426
f 488/241/438 498/4384/439 368/229/426
f 498/242/439 508/243/440 368/229/426
f 508/243/440 518/244/441 368/229/426
f 518/244/441 528/245/442 368/229/426
f 528/245/442 538/246/443 368/229/426
f 538/246/443 548/247/444 368/229/426
f 548/247/444 357/227/424 368/229/426
s 17
f 228/4640/445 229/4659/446 249/4415/447 248/4398/448
f 229/4659/446 230/4658/449 250/4414/450 249/4415/447
f 230/4658/449 231/4657/451 251/4413/452 250/4414/450
f 231/4657/451 232/4656/453 252/4412/454 251/4413/452
f 232/4656/453 233/4655/455 253/4411/456 252/4412/454
f 233/4655/455 234/4654/457 254/4410/458 253/4411/456
f 234/4654/457 235/4653/459 255/4409/460 254/4410/458
f 235/4653/459 236/4652/461 256/4408/462 255/4409/460
f 236/4652/461 237/4651/463 257/4407/464 256/4408/462
f 237/4651/463 238/4650/465 258/4406/466 257/4407/464
f 238/4650/465 239/4649/467 259/4405/468 258/4406/466
f 239/4649/467 240/4648/469 260/4404/470 259/4405/468
f 240/4648/469 241/4647/471 261/4403/472 260/4404/470
f 241/4647/471 242/4645/473 262/4395/474 261/4403/472
f 242/4572/473 243/4644/475 263/4402/476 262/4394/474
f 243/4644/475 244/4643/477 264/4401/478 263/4402/476
f 244/4643/477 245/4642/479 265/4400/480 264/4401/478
f 245/4642/479 246/4641/481 266/4399/482 265/4400/480
f 246/4641/481 247/4639/483 267/4397/484 266/4399/482
f 247/4639/483 228/4640/445 248/4398/448 267/4397/484
s 18
f 271/4380/485 228/248/486 247/286/487 347/289/488
f 270/290/489 271/288/485 347/4361/488 346/291/490
f 268/292/491 269/293/492 345/294/493 344/295/494
f 269/293/492 270/290/489 346/291/490 345/294/493
f 228/248/486 271/4380/485 275/4379/495 229/249/496
f 271/288/485 270/290/489 274/297/497 275/296/495
f 270/290/489 269/293/492 273/298/498 274/297/497
f 269/293/492 268/292/491 272/299/499 273/298/498
f 229/249/496 275/4379/495 279/4378/500 230/252/501
f 275/296/495 274/297/497 278/301/502 279/300/500
f 274/297/497 273/298/498 277/302/503 278/301/502
f 273/298/498 272/299/499 276/303/504 277/302/503
f 230/252/501 279/4378/500 283/4377/505 231/254/506
f 279/300/500 278/301/502 282/305/507 283/304/505
f 278/301/502 277/302/503 281/306/508 282/305/507
f 277/302/503 276/303/504 280/307/509 281/306/508
f 231/254/506 283/4377/505 287/4376/510 232/256/511
f 283/304/505 282/305/507 286/309/512 287/308/510
f 282/305/507 281/306/508 285/310/513 286/309/512
f 281/306/508 280/307/509 284/311/514 285/310/513
f 232/256/511 287/4376/510 291/4375/515 233/258/516
f 287/308/510 286/309/512 290/313/517 291/312/515
f 286/309/512 285/310/513 289/314/518 290/313/517
f 285/310/513 284/311/514 288/315/519 289/314/518
f 233/258/516 291/4375/515 295/4374/520 234/260/521
f 291/312/515 290/313/517 294/317/522 295/316/520
f 290/313/517 289/314/518 293/318/523 294/317/522
f 289/314/518 288/315/519 292/319/524 293/318/523
f 234/260/521 295/4374/520 299/4373/525 235/262/526
f 295/316/520 294/317/522 298/321/527 299/320/525
f 294/317/522 293/318/523 297/322/528 298/321/527
f 293/318/523 292/319/524 296/323/529 297/322/528
f 235/262/526 299/4373/525 303/4372/530 236/264/531
f 299/320/525 298/321/527 302/325/532 303/324/530
f 298/321/527 297/322/528 301/326/533 302/325/532
f 297/322/528 296/323/529 300/327/534 301/326/533
f 236/264/531 303/4372/530 307/4371/535 237/266/536
f 303/324/530 302/325/532 306/329/537 307/328/535
f 302/325/532 301/326/533 305/330/538 306/329/537
f 301/326/533 300/327/534 304/331/539 305/330/538
f 237/266/536 307/4371/535 311/4370/540 238/268/541
f 307/328/535 306/329/537 310/333/542 311/332/540
f 306/329/537 305/330/538 309/334/543 310/333/542
f 305/330/538 304/331/539 308/335/544 309/334/543
f 238/268/541 311/4370/540 315/4369/545 239/270/546
f 311/332/540 310/333/542 314/337/547 315/336/545
f 310/333/542 309/334/543 313/338/548 314/337/547
f 309/334/543 308/335/544 312/339/549 313/338/548
f 239/270/546 315/4369/545 319/4368/550 240/272/551
f 315/336/545 314/337/547 318/341/552 319/340/550
f 314/337/547 313/338/548 317/342/553 318/341/552
f 313/338/548 312/339/549 316/343/554 317/342/553
f 240/272/551 319/4368/550 323/4367/555 241/274/556
f 319/340/550 318/341/552 322/345/557 323/344/555
f 318/341/552 317/342/553 321/346/558 322/345/557
f 317/342/553 316/343/554 320/347/559 321/346/558
f 241/274/556 323/4367/555 327/4366/560 242/276/561
f 323/344/555 322/345/557 326/4383/562 327/4365/560
f 322/345/557 321/346/558 325/4381/563 326/4383/562
f 321/346/558 320/347/559 324/351/564 325/4381/563
f 242/4646/561 327/4573/560 331/4364/565 243/278/566
f 327/348/560 326/349/562 330/353/567 331/352/565
f 326/349/562 325/350/563 329/354/568 330/353/567
f 325/350/563 324/4382/564 328/355/569 329/354/568
f 243/278/566 331/4364/565 335/4363/570 244/280/571
f 331/352/565 330/353/567 334/357/572 335/356/570
f 330/353/567 329/354/568 333/358/573 334/357/572
f 329/354/568 328/355/569 332/359/574 333/358/573
f 244/280/571 335/4363/570 339/4362/575 245/282/576
f 335/356/570 334/357/572 338/361/577 339/360/575
f 334/357/572 333/358/573 337/362/578 338/361/577
f 333/358/573 332/359/574 336/363/579 337/362/578
f 245/282/576 339/4362/575 343/4360/580 246/284/581
f 339/360/575 338/361/577 342/365/582 343/364/580
f 338/361/577 337/362/578 341/366/583 342/365/582
f 337/362/578 336/363/579 340/367/584 341/366/583
f 246/284/581 343/4360/580 347/289/488 247/286/487
f 343/364/580 342/365/582 346/291/490 347/4361/488
f 342/365/582 341/366/583 345/294/493 346/291/490
f 341/366/583 340/367/584 344/295/494 345/294/493
s 16
f 248/251/585 249/250/586 358/368/587 348/369/588
f 348/369/588 358/368/587 359/370/589 349/371/590
f 349/371/590 359/370/589 360/372/591 350/373/592
f 350/373/592 360/372/591 361/374/593 351/375/594
f 351/375/594 361/374/593 362/376/595 352/377/596
f 352/377/596 362/376/595 363/378/597 353/379/598
f 353/379/598 363/378/597 364/380/599 354/381/600
f 354/381/600 364/380/599 365/382/601 355/383/602
f 355/383/602 365/382/601 366/384/603 356/385/604
f 356/385/604 366/384/603 367/228/425 357/227/424
f 249/250/586 250/253/605 369/386/606 358/368/587
f 358/368/587 369/386/606 370/387/607 359/370/589
f 359/370/589 370/387/607 371/388/608 360/372/591
f 360/372/591 371/388/608 372/389/609 361/374/593
f 361/374/593 372/389/609 373/390/610 362/376/595
f 362/376/595 373/390/610 374/391/611 363/378/597
f 363/378/597 374/391/611 375/392/612 364/380/599
f 364/380/599 375/392/612 376/393/613 365/382/601
f 365/382/601 376/393/613 377/394/614 366/384/603
f 366/384/603 377/394/614 378/230/427 367/228/425
f 250/253/605 251/255/615 379/395/616 369/386/606
f 369/386/606 379/395/616 380/396/617 370/387/607
f 370/387/607 380/396/617 381/397/618 371/388/608
f 371/388/608 381/397/618 382/398/619 372/389/609
f 372/389/609 382/398/619 383/399/620 373/390/610
f 373/390/610 383/399/620 384/400/621 374/391/611
f 374/391/611 384/400/621 385/401/622 375/392/612
f 375/392/612 385/401/622 386/402/623 376/393/613
f 376/393/613 386/402/623 387/403/624 377/394/614
f 377/394/614 387/403/624 388/231/428 378/230/427
f 251/255/615 252/257/625 389/404/626 379/395/616
f 379/395/616 389/404/626 390/405/627 380/396/617
f 380/396/617 390/405/627 391/406/628 381/397/618
f 381/397/618 391/406/628 392/407/629 382/398/619
f 382/398/619 392/407/629 393/408/630 383/399/620
f 383/399/620 393/408/630 394/409/631 384/400/621
f 384/400/621 394/409/631 395/410/632 385/401/622
f 385/401/622 395/410/632 396/411/633 386/402/623
f 386/402/623 396/411/633 397/412/634 387/403/624
f 387/403/624 397/412/634 398/232/429 388/231/428
f 252/257/625 253/259/635 399/413/636 389/404/626
f 389/404/626 399/413/636 400/414/637 390/405/627
f 390/405/627 400/414/637 401/415/638 391/406/628
f 391/406/628 401/415/638 402/416/639 392/407/629
f 392/407/629 402/416/639 403/417/640 393/408/630
f 393/408/630 403/417/640 404/418/641 394/409/631
f 394/409/631 404/418/641 405/419/642 395/410/632
f 395/410/632 405/419/642 406/420/643 396/411/633
f 396/411/633 406/420/643 407/421/644 397/412/634
f 397/412/634 407/421/644 408/233/430 398/232/429
f 253/259/635 254/261/645 409/422/646 399/413/636
f 399/413/636 409/422/646 410/423/647 400/414/637
f 400/414/637 410/423/647 411/424/648 401/415/638
f 401/415/638 411/424/648 412/425/649 402/416/639
f 402/416/639 412/425/649 413/426/650 403/417/640
f 403/417/640 413/426/650 414/427/651 404/418/641
f 404/418/641 414/427/651 415/428/652 405/419/642
f 405/419/642 415/428/652 416/429/653 406/420/643
f 406/420/643 416/429/653 417/430/654 407/421/644
f 407/421/644 417/430/654 418/234/431 408/233/430
f 254/261/645 255/263/655 419/431/656 409/422/646
f 409/422/646 419/431/656 420/432/657 410/423/647
f 410/423/647 420/432/657 421/433/658 411/424/648
f 411/424/648 421/433/658 422/434/659 412/425/649
f 412/425/649 422/434/659 423/435/660 413/426/650
f 413/426/650 423/435/660 424/436/661 414/427/651
f 414/427/651 424/436/661 425/437/662 415/428/652
f 415/428/652 425/437/662 426/438/663 416/429/653
f 416/429/653 426/438/663 427/439/664 417/430/654
f 417/430/654 427/439/664 428/235/432 418/234/431
f 255/263/655 256/265/665 429/440/666 419/431/656
f 419/431/656 429/440/666 430/441/667 420/432/657
f 420/432/657 430/441/667 431/442/668 421/433/658
f 421/433/658 431/442/668 432/443/669 422/434/659
f 422/434/659 432/443/669 433/444/670 423/435/660
f 423/435/660 433/444/670 434/445/671 424/436/661
f 424/436/661 434/445/671 435/446/672 425/437/662
f 425/437/662 435/446/672 436/447/673 426/438/663
f 426/438/663 436/447/673 437/448/674 427/439/664
f 427/439/664 437/448/674 438/236/433 428/235/432
f 256/265/665 257/267/675 439/449/676 429/440/666
f 429/440/666 439/449/676 440/450/677 430/441/667
f 430/441/667 440/450/677 441/451/678 431/442/668
f 431/442/668 441/451/678 442/452/679 432/443/669
f 432/443/669 442/452/679 443/453/680 433/444/670
f 433/444/670 443/453/680 444/454/681 434/445/671
f 434/445/671 444/454/681 445/455/682 435/446/672
f 435/446/672 445/455/682 446/456/683 436/447/673
f 436/447/673 446/456/683 447/457/684 437/448/674
f 437/448/674 447/457/684 448/237/434 438/236/433
f 257/267/675 258/269/685 449/458/686 439/449/676
f 439/449/676 449/458/686 450/459/687 440/450/677
f 440/450/677 450/459/687 451/460/688 441/451/678
f 441/451/678 451/460/688 452/461/689 442/452/679
f 442/452/679 452/461/689 453/462/690 443/453/680
f 443/453/680 453/462/690 454/463/691 444/454/681
f 444/454/681 454/463/691 455/464/692 445/455/682
f 445/455/682 455/464/692 456/465/693 446/456/683
f 446/456/683 456/465/693 457/466/694 447/457/684
f 447/457/684 457/466/694 458/238/435 448/237/434
f 258/269/685 259/271/695 459/467/696 449/458/686
f 449/458/686 459/467/696 460/468/697 450/459/687
f 450/459/687 460/468/697 461/469/698 451/460/688
f 451/460/688 461/469/698 462/470/699 452/461/689
f 452/461/689 462/470/699 463/471/700 453/462/690
f 453/462/690 463/471/700 464/472/701 454/463/691
f 454/463/691 464/472/701 465/473/702 455/464/692
f 455/464/692 465/473/702 466/474/703 456/465/693
f 456/465/693 466/474/703 467/475/704 457/466/694
f 457/466/694 467/475/704 468/239/436 458/238/435
f 259/271/695 260/273/705 469/476/706 459/467/696
f 459/467/696 469/476/706 470/477/707 460/468/697
f 460/468/697 470/477/707 471/478/708 461/469/698
f 461/469/698 471/478/708 472/479/709 462/470/699
f 462/470/699 472/479/709 473/480/710 463/471/700
f 463/471/700 473/480/710 474/481/711 464/472/701
f 464/472/701 474/481/711 475/482/712 465/473/702
f 465/473/702 475/482/712 476/483/713 466/474/703
f 466/474/703 476/483/713 477/484/714 467/475/704
f 467/475/704 477/484/714 478/240/437 468/239/436
f 260/273/705 261/275/715 479/485/716 469/476/706
f 469/476/706 479/485/716 480/486/717 470/477/707
f 470/477/707 480/486/717 481/487/718 471/478/708
f 471/478/708 481/487/718 482/488/719 472/479/709
f 472/479/709 482/488/719 483/489/720 473/480/710
f 473/480/710 483/489/720 484/490/721 474/481/711
f 474/481/711 484/490/721 485/491/722 475/482/712
f 475/482/712 485/491/722 486/492/723 476/483/713
f 476/483/713 486/492/723 487/493/724 477/484/714
f 477/484/714 487/493/724 488/241/438 478/240/437
f 261/275/715 262/4396/725 489/4393/726 479/485/716
f 479/485/716 489/4393/726 490/4392/727 480/486/717
f 480/486/717 490/4392/727 491/4391/728 481/487/718
f 481/487/718 491/4391/728 492/4390/729 482/488/719
f 482/488/719 492/4390/729 493/4389/730 483/489/720
f 483/489/720 493/4389/730 494/4388/731 484/490/721
f 484/490/721 494/4388/731 495/4387/732 485/491/722
f 485/491/722 495/4387/732 496/4386/733 486/492/723
f 486/492/723 496/4386/733 497/4385/734 487/493/724
f 487/493/724 497/4385/734 498/4384/439 488/241/438
f 262/277/725 263/279/735 499/503/736 489/494/726
f 489/494/726 499/503/736 500/504/737 490/495/727
f 490/495/727 500/504/737 501/505/738 491/496/728
f 491/496/728 501/505/738 502/506/739 492/497/729
f 492/497/729 502/506/739 503/507/740 493/498/730
f 493/498/730 503/507/740 504/508/741 494/499/731
f 494/499/731 504/508/741 505/509/742 495/500/732
f 495/500/732 505/509/742 506/510/743 496/501/733
f 496/501/733 506/510/743 507/511/744 497/502/734
f 497/502/734 507/511/744 508/243/440 498/242/439
f 263/279/735 264/281/745 509/512/746 499/503/736
f 499/503/736 509/512/746 510/513/747 500/504/737
f 500/504/737 510/513/747 511/514/748 501/505/738
f 501/505/738 511/514/748 512/515/749 502/506/739
f 502/506/739 512/515/749 513/516/750 503/507/740
f 503/507/740 513/516/750 514/517/751 504/508/741
f 504/508/741 514/517/751 515/518/752 505/509/742
f 505/509/742 515/518/752 516/519/753 506/510/743
f 506/510/743 516/519/753 517/520/754 507/511/744
f 507/511/744 517/520/754 518/244/441 508/243/440
f 264/281/745 265/283/755 519/521/756 509/512/746
f 509/512/746 519/521/756 520/522/757 510/513/747
f 510/513/747 520/522/757 521/523/758 511/514/748
f 511/514/748 521/523/758 522/524/759 512/515/749
f 512/515/749 522/524/759 523/525/760 513/516/750
f 513/516/750 523/525/760 524/526/761 514/517/751
f 514/517/751 524/526/761 525/527/762 515/518/752
f 515/518/752 525/527/762 526/528/763 516/519/753
f 516/519/753 526/528/763 527/529/764 517/520/754
f 517/520/754 527/529/764 528/245/442 518/244/441
f 265/283/755 266/285/765 529/530/766 519/521/756
f 519/521/756 529/530/766 530/531/767 520/522/757
f 520/522/757 530/531/767 531/532/768 521/523/758
f 521/523/758 531/532/768 532/533/769 522/524/759
f 522/524/759 532/533/769 533/534/770 523/525/760
f 523/525/760 533/534/770 534/535/771 524/526/761
f 524/526/761 534/535/771 535/536/772 525/527/762
f 525/527/762 535/536/772 536/537/773 526/528/763
f 526/528/763 536/537/773 537/538/774 527/529/764
f 527/529/764 537/538/774 538/246/443 528/245/442
f 266/285/765 267/287/775 539/539/776 529/530/766
f 529/530/766 539/539/776 540/540/777 530/531/767
f 530/531/767 540/540/777 541/541/778 531/532/768
f 531/532/768 541/541/778 542/542/779 532/533/769
f 532/533/769 542/542/779 543/543/780 533/534/770
f 533/534/770 543/543/780 544/544/781 534/535/771
f 534/535/771 544/544/781 545/545/782 535/536/772
f 535/536/772 545/545/782 546/546/783 536/537/773
f 536/537/773 546/546/783 547/547/784 537/538/774
f 537/538/774 547/547/784 548/247/444 538/246/443
f 267/287/775 248/251/585 348/369/588 539/539/776
f 539/539/776 348/369/588 349/371/590 540/540/777
f 540/540/777 349/371/590 350/373/592 541/541/778
f 541/541/778 350/373/592 351/375/594 542/542/779
f 542/542/779 351/375/594 352/377/596 543/543/780
f 543/543/780 352/377/596 353/379/598 544/544/781
f 544/544/781 353/379/598 354/381/600 545/545/782
f 545/545/782 354/381/600 355/383/602 546/546/783
f 546/546/783 355/383/602 356/385/604 547/547/784
f 547/547/784 356/385/604 357/227/424 548/247/444
s 21
f 678/548/785 688/549/786 689/550/787
f 688/549/786 699/551/788 689/550/787
f 699/551/788 709/552/789 689/550/787
f 709/552/789 719/553/790 689/550/787
f 719/553/790 729/554/791 689/550/787
f 729/554/791 739/555/792 689/550/787
f 739/555/792 749/556/793 689/550/787
f 749/556/793 759/557/794 689/550/787
f 759/557/794 769/558/795 689/550/787
f 769/558/795 779/559/796 689/550/787
f 779/559/796 789/560/797 689/550/787
f 789/560/797 799/561/798 689/550/787
f 799/561/798 809/562/799 689/550/787
f 809/562/799 819/4128/800 689/550/787
f 819/563/800 829/564/801 689/550/787
f 829/564/801 839/565/802 689/550/787
f 839/565/802 849/566/803 689/550/787
f 849/566/803 859/567/804 689/550/787
f 859/567/804 869/568/805 689/550/787
f 869/568/805 678/548/785 689/550/787
s 22
f 549/4187/806 550/4204/807 570/4185/808 569/4166/809
f 550/4204/807 551/4203/810 571/4184/811 570/4185/808
f 551/4203/810 552/4202/812 572/4183/813 571/4184/811
f 552/4202/812 553/4201/814 573/4182/815 572/4183/813
f 553/4201/814 554/4200/816 574/4181/817 573/4182/815
f 554/4200/816 555/4199/818 575/4180/819 574/4181/817
f 555/4199/818 556/4198/820 576/4179/821 575/4180/819
f 556/4198/820 557/4197/822 577/4178/823 576/4179/821
f 557/4197/822 558/4196/824 578/4177/825 577/4178/823
f 558/4196/824 559/4195/826 579/4176/827 578/4177/825
f 559/4195/826 560/4194/828 580/4175/829 579/4176/827
f 560/4194/828 561/4193/830 581/4174/831 580/4175/829
f 561/4193/830 562/4192/832 582/4171/833 581/4174/831
f 562/4192/832 563/4172/834 583/4139/835 582/4171/833
f 563/4173/834 564/4191/836 584/4170/837 583/4138/835
f 564/4191/836 565/4190/838 585/4169/839 584/4170/837
f 565/4190/838 566/4189/840 586/4168/841 585/4169/839
f 566/4189/840 567/4188/842 587/4167/843 586/4168/841
f 567/4188/842 568/4186/844 588/4165/845 587/4167/843
f 568/4186/844 549/4187/806 569/4166/809 588/4165/845
s 23
f 592/4161/846 549/569/847 568/607/848 668/610/849
f 591/611/850 592/609/846 668/4142/849 667/612/851
f 589/613/852 590/614/853 666/615/854 665/616/855
f 590/614/853 591/611/850 667/612/851 666/615/854
f 549/569/847 592/4161/846 596/4160/856 550/570/857
f 592/609/846 591/611/850 595/618/858 596/617/856
f 591/611/850 590/614/853 594/619/859 595/618/858
f 590/614/853 589/613/852 593/620/860 594/619/859
f 550/570/857 596/4160/856 600/4159/861 551/573/862
f 596/617/856 595/618/858 599/622/863 600/621/861
f 595/618/858 594/619/859 598/623/864 599/622/863
f 594/619/859 593/620/860 597/624/865 598/623/864
f 551/573/862 600/4159/861 604/4158/866 552/575/867
f 600/621/861 599/622/863 603/626/868 604/625/866
f 599/622/863 598/623/864 602/627/869 603/626/868
f 598/623/864 597/624/865 601/628/870 602/627/869
f 552/575/867 604/4158/866 608/4157/871 553/577/872
f 604/625/866 603/626/868 607/630/873 608/629/871
f 603/626/868 602/627/869 606/631/874 607/630/873
f 602/627/869 601/628/870 605/632/875 606/631/874
f 553/577/872 608/4157/871 612/4156/876 554/579/877
f 608/629/871 607/630/873 611/634/878 612/633/876
f 607/630/873 606/631/874 610/635/879 611/634/878
f 606/631/874 605/632/875 609/636/880 610/635/879
f 554/579/877 612/4156/876 616/4155/881 555/581/882
f 612/633/876 611/634/878 615/638/883 616/637/881
f 611/634/878 610/635/879 614/639/884 615/638/883
f 610/635/879 609/636/880 613/640/885 614/639/884
f 555/581/882 616/4155/881 620/4154/886 556/583/887
f 616/637/881 615/638/883 619/642/888 620/641/886
f 615/638/883 614/639/884 618/643/889 619/642/888
f 614/639/884 613/640/885 617/644/890 618/643/889
f 556/583/887 620/4154/886 624/4153/891 557/585/892
f 620/641/886 619/642/888 623/646/893 624/645/891
f 619/642/888 618/643/889 622/647/894 623/646/893
f 618/643/889 617/644/890 621/648/895 622/647/894
f 557/585/892 624/4153/891 628/4152/896 558/587/897
f 624/645/891 623/646/893 627/650/898 628/649/896
f 623/646/893 622/647/894 626/651/899 627/650/898
f 622/647/894 621/648/895 625/652/900 626/651/899
f 558/587/897 628/4152/896 632/4151/901 559/589/902
f 628/649/896 627/650/898 631/654/903 632/653/901
f 627/650/898 626/651/899 630/655/904 631/654/903
f 626/651/899 625/652/900 629/656/905 630/655/904
f 559/589/902 632/4151/901 636/4150/906 560/591/907
f 632/653/901 631/654/903 635/658/908 636/657/906
f 631/654/903 630/655/904 634/659/909 635/658/908
f 630/655/904 629/656/905 633/660/910 634/659/909
f 560/591/907 636/4150/906 640/4149/911 561/593/912
f 636/657/906 635/658/908 639/662/913 640/661/911
f 635/658/908 634/659/909 638/663/914 639/662/913
f 634/659/909 633/660/910 637/664/915 638/663/914
f 561/593/912 640/4149/911 644/4148/916 562/595/917
f 640/661/911 639/662/913 643/666/918 644/665/916
f 639/662/913 638/663/914 642/667/919 643/666/918
f 638/663/914 637/664/915 641/668/920 642/667/919
f 562/595/917 644/4148/916 648/4147/921 563/597/922
f 644/665/916 643/666/918 647/4164/923 648/4146/921
f 643/666/918 642/667/919 646/4162/924 647/4164/923
f 642/667/919 641/668/920 645/672/925 646/4162/924
f 563/4570/922 648/4571/921 652/4145/926 564/599/927
f 648/669/921 647/670/923 651/674/928 652/673/926
f 647/670/923 646/671/924 650/675/929 651/674/928
f 646/671/924 645/4163/925 649/676/930 650/675/929
f 564/599/927 652/4145/926 656/4144/931 565/601/932
f 652/673/926 651/674/928 655/678/933 656/677/931
f 651/674/928 650/675/929 654/679/934 655/678/933
f 650/675/929 649/676/930 653/680/935 654/679/934
f 565/601/932 656/4144/931 660/4143/936 566/603/937
f 656/677/931 655/678/933 659/682/938 660/681/936
f 655/678/933 654/679/934 658/683/939 659/682/938
f 654/679/934 653/680/935 657/684/940 658/683/939
f 566/603/937 660/4143/936 664/4141/941 567/605/942
f 660/681/936 659/682/938 663/686/943 664/685/941
f 659/682/938 658/683/939 662/687/944 663/686/943
f 658/683/939 657/684/940 661/688/945 662/687/944
f 567/605/942 664/4141/941 668/610/849 568/607/848
f 664/685/941 663/686/943 667/612/851 668/4142/849
f 663/686/943 662/687/944 666/615/854 667/612/851
f 662/687/944 661/688/945 665/616/855 666/615/854
s 21
f 569/572/946 570/571/947 679/689/948 669/690/949
f 669/690/949 679/689/948 680/691/950 670/692/951
f 670/692/951 680/691/950 681/693/952 671/694/953
f 671/694/953 681/693/952 682/695/954 672/696/955
f 672/696/955 682/695/954 683/697/956 673/698/957
f 673/698/957 683/697/956 684/699/958 674/700/959
f 674/700/959 684/699/958 685/701/960 675/702/961
f 675/702/961 685/701/960 686/703/962 676/704/963
f 676/704/963 686/703/962 687/705/964 677/706/965
f 677/706/965 687/705/964 688/549/786 678/548/785
f 570/571/947 571/574/966 690/707/967 679/689/948
f 679/689/948 690/707/967 691/708/968 680/691/950
f 680/691/950 691/708/968 692/709/969 681/693/952
f 681/693/952 692/709/969 693/710/970 682/695/954
f 682/695/954 693/710/970 694/711/971 683/697/956
f 683/697/956 694/711/971 695/712/972 684/699/958
f 684/699/958 695/712/972 696/713/973 685/701/960
f 685/701/960 696/713/973 697/714/974 686/703/962
f 686/703/962 697/714/974 698/715/975 687/705/964
f 687/705/964 698/715/975 699/551/788 688/549/786
f 571/574/966 572/576/976 700/716/977 690/707/967
f 690/707/967 700/716/977 701/717/978 691/708/968
f 691/708/968 701/717/978 702/718/979 692/709/969
f 692/709/969 702/718/979 703/719/980 693/710/970
f 693/710/970 703/719/980 704/720/981 694/711/971
f 694/711/971 704/720/981 705/721/982 695/712/972
f 695/712/972 705/721/982 706/722/983 696/713/973
f 696/713/973 706/722/983 707/723/984 697/714/974
f 697/714/974 707/723/984 708/724/985 698/715/975
f 698/715/975 708/724/985 709/552/789 699/551/788
f 572/576/976 573/578/986 710/725/987 700/716/977
f 700/716/977 710/725/987 711/726/988 701/717/978
f 701/717/978 711/726/988 712/727/989 702/718/979
f 702/718/979 712/727/989 713/728/990 703/719/980
f 703/719/980 713/728/990 714/729/991 704/720/981
f 704/720/981 714/729/991 715/730/992 705/721/982
f 705/721/982 715/730/992 716/731/993 706/722/983
f 706/722/983 716/731/993 717/732/994 707/723/984
f 707/723/984 717/732/994 718/733/995 708/724/985
f 708/724/985 718/733/995 719/553/790 709/552/789
f 573/578/986 574/580/996 720/734/997 710/725/987
f 710/725/987 720/734/997 721/735/998 711/726/988
f 711/726/988 721/735/998 722/736/999 712/727/989
f 712/727/989 722/736/999 723/737/1000 713/728/990
f 713/728/990 723/737/1000 724/738/1001 714/729/991
f 714/729/991 724/738/1001 725/739/1002 715/730/992
f 715/730/992 725/739/1002 726/740/1003 716/731/993
f 716/731/993 726/740/1003 727/741/1004 717/732/994
f 717/732/994 727/741/1004 728/742/1005 718/733/995
f 718/733/995 728/742/1005 729/554/791 719/553/790
f 574/580/996 575/582/1006 730/743/1007 720/734/997
f 720/734/997 730/743/1007 731/744/1008 721/735/998
f 721/735/998 731/744/1008 732/745/1009 722/736/999
f 722/736/999 732/745/1009 733/746/1010 723/737/1000
f 723/737/1000 733/746/1010 734/747/1011 724/738/1001
f 724/738/1001 734/747/1011 735/748/1012 725/739/1002
f 725/739/1002 735/748/1012 736/749/1013 726/740/1003
f 726/740/1003 736/749/1013 737/750/1014 727/741/1004
f 727/741/1004 737/750/1014 738/751/1015 728/742/1005
f 728/742/1005 738/751/1015 739/555/792 729/554/791
f 575/582/1006 576/584/1016 740/752/1017 730/743/1007
f 730/743/1007 740/752/1017 741/753/1018 731/744/1008
f 731/744/1008 741/753/1018 742/754/1019 732/745/1009
f 732/745/1009 742/754/1019 743/755/1020 733/746/1010
f 733/746/1010 743/755/1020 744/756/1021 734/747/1011
f 734/747/1011 744/756/1021 745/757/1022 735/748/1012
f 735/748/1012 745/757/1022 746/758/1023 736/749/1013
f 736/749/1013 746/758/1023 747/759/1024 737/750/1014
f 737/750/1014 747/759/1024 748/760/1025 738/751/1015
f 738/751/1015 748/760/1025 749/556/793 739/555/792
f 576/584/1016 577/586/1026 750/761/1027 740/752/1017
f 740/752/1017 750/761/1027 751/762/1028 741/753/1018
f 741/753/1018 751/762/1028 752/763/1029 742/754/1019
f 742/754/1019 752/763/1029 753/764/1030 743/755/1020
f 743/755/1020 753/764/1030 754/765/1031 744/756/1021
f 744/756/1021 754/765/1031 755/766/1032 745/757/1022
f 745/757/1022 755/766/1032 756/767/1033 746/758/1023
f 746/758/1023 756/767/1033 757/768/1034 747/759/1024
f 747/759/1024 757/768/1034 758/769/1035 748/760/1025
f 748/760/1025 758/769/1035 759/557/794 749/556/793
f 577/586/1026 578/588/1036 760/770/1037 750/761/1027
f 750/761/1027 760/770/1037 761/771/1038 751/762/1028
f 751/762/1028 761/771/1038 762/772/1039 752/763/1029
f 752/763/1029 762/772/1039 763/773/1040 753/764/1030
f 753/764/1030 763/773/1040 764/774/1041 754/765/1031
f 754/765/1031 764/774/1041 765/775/1042 755/766/1032
f 755/766/1032 765/775/1042 766/776/1043 756/767/1033
f 756/767/1033 766/776/1043 767/777/1044 757/768/1034
f 757/768/1034 767/777/1044 768/778/1045 758/769/1035
f 758/769/1035 768/778/1045 769/558/795 759/557/794
f 578/588/1036 579/590/1046 770/779/1047 760/770/1037
f 760/770/1037 770/779/1047 771/780/1048 761/771/1038
f 761/771/1038 771/780/1048 772/781/1049 762/772/1039
f 762/772/1039 772/781/1049 773/782/1050 763/773/1040
f 763/773/1040 773/782/1050 774/783/1051 764/774/1041
f 764/774/1041 774/783/1051 775/784/1052 765/775/1042
f 765/775/1042 775/784/1052 776/785/1053 766/776/1043
f 766/776/1043 776/785/1053 777/786/1054 767/777/1044
f 767/777/1044 777/786/1054 778/787/1055 768/778/1045
f 768/778/1045 778/787/1055 779/559/796 769/558/795
f 579/590/1046 580/592/1056 780/788/1057 770/779/1047
f 770/779/1047 780/788/1057 781/789/1058 771/780/1048
f 771/780/1048 781/789/1058 782/790/1059 772/781/1049
f 772/781/1049 782/790/1059 783/791/1060 773/782/1050
f 773/782/1050 783/791/1060 784/792/1061 774/783/1051
f 774/783/1051 784/792/1061 785/793/1062 775/784/1052
f 775/784/1052 785/793/1062 786/794/1063 776/785/1053
f 776/785/1053 786/794/1063 787/795/1064 777/786/1054
f 777/786/1054 787/795/1064 788/796/1065 778/787/1055
f 778/787/1055 788/796/1065 789/560/797 779/559/796
f 580/592/1056 581/594/1066 790/797/1067 780/788/1057
f 780/788/1057 790/797/1067 791/798/1068 781/789/1058
f 781/789/1058 791/798/1068 792/799/1069 782/790/1059
f 782/790/1059 792/799/1069 793/800/1070 783/791/1060
f 783/791/1060 793/800/1070 794/801/1071 784/792/1061
f 784/792/1061 794/801/1071 795/802/1072 785/793/1062
f 785/793/1062 795/802/1072 796/803/1073 786/794/1063
f 786/794/1063 796/803/1073 797/804/1074 787/795/1064
f 787/795/1064 797/804/1074 798/805/1075 788/796/1065
f 788/796/1065 798/805/1075 799/561/798 789/560/797
f 581/594/1066 582/596/1076 800/806/1077 790/797/1067
f 790/797/1067 800/806/1077 801/807/1078 791/798/1068
f 791/798/1068 801/807/1078 802/808/1079 792/799/1069
f 792/799/1069 802/808/1079 803/809/1080 793/800/1070
f 793/800/1070 803/809/1080 804/810/1081 794/801/1071
f 794/801/1071 804/810/1081 805/811/1082 795/802/1072
f 795/802/1072 805/811/1082 806/812/1083 796/803/1073
f 796/803/1073 806/812/1083 807/813/1084 797/804/1074
f 797/804/1074 807/813/1084 808/814/1085 798/805/1075
f 798/805/1075 808/814/1085 809/562/799 799/561/798
f 582/596/1076 583/4140/1086 810/4137/1087 800/806/1077
f 800/806/1077 810/4137/1087 811/4136/1088 801/807/1078
f 801/807/1078 811/4136/1088 812/4135/1089 802/808/1079
f 802/808/1079 812/4135/1089 813/4134/1090 803/809/1080
f 803/809/1080 813/4134/1090 814/4133/1091 804/810/1081
f 804/810/1081 814/4133/1091 815/4132/1092 805/811/1082
f 805/811/1082 815/4132/1092 816/4131/1093 806/812/1083
f 806/812/1083 816/4131/1093 817/4130/1094 807/813/1084
f 807/813/1084 817/4130/1094 818/4129/1095 808/814/1085
f 808/814/1085 818/4129/1095 819/4128/800 809/562/799
f 583/598/1086 584/600/1096 820/824/1097 810/815/1087
f 810/815/1087 820/824/1097 821/825/1098 811/816/1088
f 811/816/1088 821/825/1098 822/826/1099 812/817/1089
f 812/817/1089 822/826/1099 823/827/1100 813/818/1090
f 813/818/1090 823/827/1100 824/828/1101 814/819/1091
f 814/819/1091 824/828/1101 825/829/1102 815/820/1092
f 815/820/1092 825/829/1102 826/830/1103 816/821/1093
f 816/821/1093 826/830/1103 827/831/1104 817/822/1094
f 817/822/1094 827/831/1104 828/832/1105 818/823/1095
f 818/823/1095 828/832/1105 829/564/801 819/563/800
f 584/600/1096 585/602/1106 830/833/1107 820/824/1097
f 820/824/1097 830/833/1107 831/834/1108 821/825/1098
f 821/825/1098 831/834/1108 832/835/1109 822/826/1099
f 822/826/1099 832/835/1109 833/836/1110 823/827/1100
f 823/827/1100 833/836/1110 834/837/1111 824/828/1101
f 824/828/1101 834/837/1111 835/838/1112 825/829/1102
f 825/829/1102 835/838/1112 836/839/1113 826/830/1103
f 826/830/1103 836/839/1113 837/840/1114 827/831/1104
f 827/831/1104 837/840/1114 838/841/1115 828/832/1105
f 828/832/1105 838/841/1115 839/565/802 829/564/801
f 585/602/1106 586/604/1116 840/842/1117 830/833/1107
f 830/833/1107 840/842/1117 841/843/1118 831/834/1108
f 831/834/1108 841/843/1118 842/844/1119 832/835/1109
f 832/835/1109 842/844/1119 843/845/1120 833/836/1110
f 833/836/1110 843/845/1120 844/846/1121 834/837/1111
f 834/837/1111 844/846/1121 845/847/1122 835/838/1112
f 835/838/1112 845/847/1122 846/848/1123 836/839/1113
f 836/839/1113 846/848/1123 847/849/1124 837/840/1114
f 837/840/1114 847/849/1124 848/850/1125 838/841/1115
f 838/841/1115 848/850/1125 849/566/803 839/565/802
f 586/604/1116 587/606/1126 850/851/1127 840/842/1117
f 840/842/1117 850/851/1127 851/852/1128 841/843/1118
f 841/843/1118 851/852/1128 852/853/1129 842/844/1119
f 842/844/1119 852/853/1129 853/854/1130 843/845/1120
f 843/845/1120 853/854/1130 854/855/1131 844/846/1121
f 844/846/1121 854/855/1131 855/856/1132 845/847/1122
f 845/847/1122 855/856/1132 856/857/1133 846/848/1123
f 846/848/1123 856/857/1133 857/858/1134 847/849/1124
f 847/849/1124 857/858/1134 858/859/1135 848/850/1125
f 848/850/1125 858/859/1135 859/567/804 849/566/803
f 587/606/1126 588/608/1136 860/860/1137 850/851/1127
f 850/851/1127 860/860/1137 861/861/1138 851/852/1128
f 851/852/1128 861/861/1138 862/862/1139 852/853/1129
f 852/853/1129 862/862/1139 863/863/1140 853/854/1130
f 853/854/1130 863/863/1140 864/864/1141 854/855/1131
f 854/855/1131 864/864/1141 865/865/1142 855/856/1132
f 855/856/1132 865/865/1142 866/866/1143 856/857/1133
f 856/857/1133 866/866/1143 867/867/1144 857/858/1134
f 857/858/1134 867/867/1144 868/868/1145 858/859/1135
f 858/859/1135 868/868/1145 869/568/805 859/567/804
f 588/608/1136 569/572/946 669/690/949 860/860/1137
f 860/860/1137 669/690/949 670/692/951 861/861/1138
f 861/861/1138 670/692/951 671/694/953 862/862/1139
f 862/862/1139 671/694/953 672/696/955 863/863/1140
f 863/863/1140 672/696/955 673/698/957 864/864/1141
f 864/864/1141 673/698/957 674/700/959 865/865/1142
f 865/865/1142 674/700/959 675/702/961 866/866/1143
f 866/866/1143 675/702/961 676/704/963 867/867/1144
f 867/867/1144 676/704/963 677/706/965 868/868/1145
f 868/868/1145 677/706/965 678/548/785 869/568/805
s 26
f 870/869/1146 871/870/1147 891/871/1148 890/872/1149
f 871/870/1147 872/873/1150 892/874/1151 891/871/1148
f 872/873/1150 873/875/1152 893/876/1153 892/874/1151
f 873/875/1152 874/877/1154 894/878/1155 893/876/1153
f 874/877/1154 875/879/1156 895/880/1157 894/878/1155
f 875/879/1156 876/881/1158 896/882/1159 895/880/1157
f 876/881/1158 877/883/1160 897/884/1161 896/882/1159
f 877/883/1160 878/885/1162 898/3931/1163 897/884/1161
f 878/3933/1162 879/887/1164 899/888/1165 898/886/1163
f 879/887/1164 880/889/1166 900/890/1167 899/888/1165
f 880/889/1166 881/891/1168 901/892/1169 900/890/1167
f 881/891/1168 882/893/1170 902/894/1171 901/892/1169
f 882/893/1170 883/895/1172 903/896/1173 902/894/1171
f 883/895/1172 884/897/1174 904/898/1175 903/896/1173
f 884/897/1174 885/899/1176 905/900/1177 904/898/1175
f 885/899/1176 886/901/1178 906/902/1179 905/900/1177
f 886/901/1178 887/903/1180 907/904/1181 906/902/1179
f 887/903/1180 888/905/1182 908/3930/1183 907/904/1181
f 888/3932/1182 889/907/1184 909/908/1185 908/906/1183
f 889/907/1184 870/869/1146 890/872/1149 909/908/1185
f 890/872/1149 891/871/1148 911/909/1186 910/910/1187
f 891/871/1148 892/874/1151 912/911/1188 911/909/1186
f 892/874/1151 893/876/1153 913/912/1189 912/911/1188
f 893/876/1153 894/878/1155 914/913/1190 913/912/1189
f 894/878/1155 895/880/1157 915/914/1191 914/913/1190
f 895/880/1157 896/882/1159 916/915/1192 915/914/1191
f 896/882/1159 897/884/1161 917/916/1193 916/915/1192
f 897/884/1161 898/3931/1163 918/3929/1194 917/916/1193
f 898/886/1163 899/888/1165 919/918/1195 918/917/1194
f 899/888/1165 900/890/1167 920/919/1196 919/918/1195
f 900/890/1167 901/892/1169 921/920/1197 920/919/1196
f 901/892/1169 902/894/1171 922/921/1198 921/920/1197
f 902/894/1171 903/896/1173 923/922/1199 922/921/1198
f 903/896/1173 904/898/1175 924/923/1200 923/922/1199
f 904/898/1175 905/900/1177 925/924/1201 924/923/1200
f 905/900/1177 906/902/1179 926/925/1202 925/924/1201
f 906/902/1179 907/904/1181 927/926/1203 926/925/1202
f 907/904/1181 908/3930/1183 928/3928/1204 927/926/1203
f 908/906/1183 909/908/1185 929/928/1205 928/927/1204
f 909/908/1185 890/872/1149 910/910/1187 929/928/1205
f 910/910/1187 911/909/1186 931/929/1206 930/930/1207
f 911/909/1186 912/911/1188 932/931/1208 931/929/1206
f 912/911/1188 913/912/1189 933/932/1209 932/931/1208
f 913/912/1189 914/913/1190 934/933/1210 933/932/1209
f 914/913/1190 915/914/1191 935/934/1211 934/933/1210
f 915/914/1191 916/915/1192 936/935/1212 935/934/1211
f 916/915/1192 917/916/1193 937/936/1213 936/935/1212
f 917/916/1193 918/3929/1194 938/3927/1214 937/936/1213
f 918/917/1194 919/918/1195 939/938/1215 938/937/1214
f 919/918/1195 920/919/1196 940/939/1216 939/938/1215
f 920/919/1196 921/920/1197 941/940/1217 940/939/1216
f 921/920/1197 922/921/1198 942/941/1218 941/940/1217
f 922/921/1198 923/922/1199 943/942/1219 942/941/1218
f 923/922/1199 924/923/1200 944/943/1220 943/942/1219
f 924/923/1200 925/924/1201 945/944/1221 944/943/1220
f 925/924/1201 926/925/1202 946/945/1222 945/944/1221
f 926/925/1202 927/926/1203 947/946/1223 946/945/1222
f 927/926/1203 928/3928/1204 948/3926/1224 947/946/1223
f 928/927/1204 929/928/1205 949/948/1225 948/947/1224
f 929/928/1205 910/910/1187 930/930/1207 949/948/1225
f 930/930/1207 931/929/1206 951/949/1226 950/950/1227
f 931/929/1206 932/931/1208 952/951/1228 951/949/1226
f 932/931/1208 933/932/1209 953/952/1229 952/951/1228
f 933/932/1209 934/933/1210 954/953/1230 953/952/1229
f 934/933/1210 935/934/1211 955/954/1231 954/953/1230
f 935/934/1211 936/935/1212 956/955/1232 955/954/1231
f 936/935/1212 937/936/1213 957/956/1233 956/955/1232
f 937/936/1213 938/3927/1214 958/3925/1234 957/956/1233
f 938/937/1214 939/938/1215 959/958/1235 958/957/1234
f 939/938/1215 940/939/1216 960/959/1236 959/958/1235
f 940/939/1216 941/940/1217 961/960/1237 960/959/1236
f 941/940/1217 942/941/1218 962/961/1238 961/960/1237
f 942/941/1218 943/942/1219 963/962/1239 962/961/1238
f 943/942/1219 944/943/1220 964/963/1240 963/962/1239
f 944/943/1220 945/944/1221 965/964/1241 964/963/1240
f 945/944/1221 946/945/1222 966/965/1242 965/964/1241
f 946/945/1222 947/946/1223 967/966/1243 966/965/1242
f 947/946/1223 948/3926/1224 968/3924/1244 967/966/1243
f 948/947/1224 949/948/1225 969/968/1245 968/967/1244
f 949/948/1225 930/930/1207 950/950/1227 969/968/1245
f 950/950/1227 951/949/1226 971/969/1246 970/970/1247
f 951/949/1226 952/951/1228 972/971/1248 971/969/1246
f 952/951/1228 953/952/1229 973/972/1249 972/971/1248
f 953/952/1229 954/953/1230 974/973/1250 973/972/1249
f 954/953/1230 955/954/1231 975/974/1251 974/973/1250
f 955/954/1231 956/955/1232 976/975/1252 975/974/1251
f 956/955/1232 957/956/1233 977/976/1253 976/975/1252
f 957/956/1233 958/3925/1234 978/3923/1254 977/976/1253
f 958/957/1234 959/958/1235 979/978/1255 978/977/1254
f 959/958/1235 960/959/1236 980/979/1256 979/978/1255
f 960/959/1236 961/960/1237 981/980/1257 980/979/1256
f 961/960/1237 962/961/1238 982/981/1258 981/980/1257
f 962/961/1238 963/962/1239 983/982/1259 982/981/1258
f 963/962/1239 964/963/1240 984/983/1260 983/982/1259
f 964/963/1240 965/964/1241 985/984/1261 984/983/1260
f 965/964/1241 966/965/1242 986/985/1262 985/984/1261
f 966/965/1242 967/966/1243 987/986/1263 986/985/1262
f 967/966/1243 968/3924/1244 988/3922/1264 987/986/1263
f 968/967/1244 969/968/1245 989/988/1265 988/987/1264
f 969/968/1245 950/950/1227 970/970/1247 989/988/1265
f 970/970/1247 971/969/1246 991/989/1266 990/990/1267
f 971/969/1246 972/971/1248 992/991/1268 991/989/1266
f 972/971/1248 973/972/1249 993/992/1269 992/991/1268
f 973/972/1249 974/973/1250 994/993/1270 993/992/1269
f 974/973/1250 975/974/1251 995/994/1271 994/993/1270
f 975/974/1251 976/975/1252 996/995/1272 995/994/1271
f 976/975/1252 977/976/1253 997/996/1273 996/995/1272
f 977/976/1253 978/3923/1254 998/3921/1274 997/996/1273
f 978/977/1254 979/978/1255 999/998/1275 998/997/1274
f 979/978/1255 980/979/1256 1000/999/1276 999/998/1275
f 980/979/1256 981/980/1257 1001/1000/1277 1000/999/1276
f 981/980/1257 982/981/1258 1002/1001/1278 1001/1000/1277
f 982/981/1258 983/982/1259 1003/1002/1279 1002/1001/1278
f 983/982/1259 984/983/1260 1004/1003/1280 1003/1002/1279
f 984/983/1260 985/984/1261 1005/1004/1281 1004/1003/1280
f 985/984/1261 986/985/1262 1006/1005/1282 1005/1004/1281
f 986/985/1262 987/986/1263 1007/1006/1283 1006/1005/1282
f 987/986/1263 988/3922/1264 1008/3920/1284 1007/1006/1283
f 988/987/1264 989/988/1265 1009/1008/1285 1008/1007/1284
f 989/988/1265 970/970/1247 990/990/1267 1009/1008/1285
f 990/990/1267 991/989/1266 1011/1009/1286 1010/1010/1287
f 991/989/1266 992/991/1268 1012/1011/1288 1011/1009/1286
f 992/991/1268 993/992/1269 1013/1012/1289 1012/1011/1288
f 993/992/1269 994/993/1270 1014/1013/1290 1013/1012/1289
f 994/993/1270 995/994/1271 1015/1014/1291 1014/1013/1290
f 995/994/1271 996/995/1272 1016/1015/1292 1015/1014/1291
f 996/995/1272 997/996/1273 1017/1016/1293 1016/1015/1292
f 997/996/1273 998/3921/1274 1018/3919/1294 1017/1016/1293
f 998/997/1274 999/998/1275 1019/1018/1295 1018/1017/1294
f 999/998/1275 1000/999/1276 1020/1019/1296 1019/1018/1295
f 1000/999/1276 1001/1000/1277 1021/1020/1297 1020/1019/1296
f 1001/1000/1277 1002/1001/1278 1022/1021/1298 1021/1020/1297
f 1002/1001/1278 1003/1002/1279 1023/1022/1299 1022/1021/1298
f 1003/1002/1279 1004/1003/1280 1024/1023/1300 1023/1022/1299
f 1004/1003/1280 1005/1004/1281 1025/1024/1301 1024/1023/1300
f 1005/1004/1281 1006/1005/1282 1026/1025/1302 1025/1024/1301
f 1006/1005/1282 1007/1006/1283 1027/1026/1303 1026/1025/1302
f 1007/1006/1283 1008/3920/1284 1028/3918/1304 1027/1026/1303
f 1008/1007/1284 1009/1008/1285 1029/1028/1305 1028/1027/1304
f 1009/1008/1285 990/990/1267 1010/1010/1287 1029/1028/1305
f 1010/1010/1287 1011/1009/1286 1031/1029/1306 1030/1030/1307
f 1011/1009/1286 1012/1011/1288 1032/1031/1308 1031/1029/1306
f 1012/1011/1288 1013/1012/1289 1033/1032/1309 1032/1031/1308
f 1013/1012/1289 1014/1013/1290 1034/1033/1310 1033/1032/1309
f 1014/1013/1290 1015/1014/1291 1035/1034/1311 1034/1033/1310
f 1015/1014/1291 1016/1015/1292 1036/1035/1312 1035/1034/1311
f 1016/1015/1292 1017/1016/1293 1037/1036/1313 1036/1035/1312
f 1017/1016/1293 1018/3919/1294 1038/3917/1314 1037/1036/1313
f 1018/1017/1294 1019/1018/1295 1039/1038/1315 1038/1037/1314
f 1019/1018/1295 1020/1019/1296 1040/1039/1316 1039/1038/1315
f 1020/1019/1296 1021/1020/1297 1041/1040/1317 1040/1039/1316
f 1021/1020/1297 1022/1021/1298 1042/1041/1318 1041/1040/1317
f 1022/1021/1298 1023/1022/1299 1043/1042/1319 1042/1041/1318
f 1023/1022/1299 1024/1023/1300 1044/1043/1320 1043/1042/1319
f 1024/1023/1300 1025/1024/1301 1045/1044/1321 1044/1043/1320
f 1025/1024/1301 1026/1025/1302 1046/1045/1322 1045/1044/1321
f 1026/1025/1302 1027/1026/1303 1047/1046/1323 1046/1045/1322
f 1027/1026/1303 1028/3918/1304 1048/3916/1324 1047/1046/1323
f 1028/1027/1304 1029/1028/1305 1049/1048/1325 1048/1047/1324
f 1029/1028/1305 1010/1010/1287 1030/1030/1307 1049/1048/1325
f 1030/1030/1307 1031/1029/1306 1051/1049/1326 1050/1050/1327
f 1031/1029/1306 1032/1031/1308 1052/1051/1328 1051/1049/1326
f 1032/1031/1308 1033/1032/1309 1053/1052/1329 1052/1051/1328
f 1033/1032/1309 1034/1033/1310 1054/1053/1330 1053/1052/1329
f 1034/1033/1310 1035/1034/1311 1055/1054/1331 1054/1053/1330
f 1035/1034/1311 1036/1035/1312 1056/1055/1332 1055/1054/1331
f 1036/1035/1312 1037/1036/1313 1057/1056/1333 1056/1055/1332
f 1037/1036/1313 1038/3917/1314 1058/3915/1334 1057/1056/1333
f 1038/1037/1314 1039/1038/1315 1059/1058/1335 1058/1057/1334
f 1039/1038/1315 1040/1039/1316 1060/1059/1336 1059/1058/1335
f 1040/1039/1316 1041/1040/1317 1061/1060/1337 1060/1059/1336
f 1041/1040/1317 1042/1041/1318 1062/1061/1338 1061/1060/1337
f 1042/1041/1318 1043/1042/1319 1063/1062/1339 1062/1061/1338
f 1043/1042/1319 1044/1043/1320 1064/1063/1340 1063/1062/1339
f 1044/1043/1320 1045/1044/1321 1065/1064/1341 1064/1063/1340
f 1045/1044/1321 1046/1045/1322 1066/1065/1342 1065/1064/1341
f 1046/1045/1322 1047/1046/1323 1067/1066/1343 1066/1065/1342
f 1047/1046/1323 1048/3916/1324 1068/3914/1344 1067/1066/1343
f 1048/1047/1324 1049/1048/1325 1069/1068/1345 1068/1067/1344
f 1049/1048/1325 1030/1030/1307 1050/1050/1327 1069/1068/1345
f 1050/1050/1327 1051/1049/1326 1071/1069/1346 1070/1070/1347
f 1051/1049/1326 1052/1051/1328 1072/1071/1348 1071/1069/1346
f 1052/1051/1328 1053/1052/1329 1073/1072/1349 1072/1071/1348
f 1053/1052/1329 1054/1053/1330 1074/1073/1350 1073/1072/1349
f 1054/1053/1330 1055/1054/1331 1075/1074/1351 1074/1073/1350
f 1055/1054/1331 1056/1055/1332 1076/1075/1352 1075/1074/1351
f 1056/1055/1332 1057/1056/1333 1077/1076/1353 1076/1075/1352
f 1057/1056/1333 1058/3915/1334 1078/3913/1354 1077/1076/1353
f 1058/1057/1334 1059/1058/1335 1079/1078/1355 1078/1077/1354
f 1059/1058/1335 1060/1059/1336 1080/1079/1356 1079/1078/1355
f 1060/1059/1336 1061/1060/1337 1081/1080/1357 1080/1079/1356
f 1061/1060/1337 1062/1061/1338 1082/1081/1358 1081/1080/1357
f 1062/1061/1338 1063/1062/1339 1083/1082/1359 1082/1081/1358
f 1063/1062/1339 1064/1063/1340 1084/1083/1360 1083/1082/1359
f 1064/1063/1340 1065/1064/1341 1085/1084/1361 1084/1083/1360
f 1065/1064/1341 1066/1065/1342 1086/1085/1362 1085/1084/1361
f 1066/1065/1342 1067/1066/1343 1087/1086/1363 1086/1085/1362
f 1067/1066/1343 1068/3914/1344 1088/3912/1364 1087/1086/1363
f 1068/1067/1344 1069/1068/1345 1089/1088/1365 1088/1087/1364
f 1069/1068/1345 1050/1050/1327 1070/1070/1347 1089/1088/1365
f 1070/1070/1347 1071/1069/1346 1091/1089/1366 1090/1090/1367
f 1071/1069/1346 1072/1071/1348 1092/1091/1368 1091/1089/1366
f 1072/1071/1348 1073/1072/1349 1093/1092/1369 1092/1091/1368
f 1073/1072/1349 1074/1073/1350 1094/1093/1370 1093/1092/1369
f 1074/1073/1350 1075/1074/1351 1095/1094/1371 1094/1093/1370
f 1075/1074/1351 1076/1075/1352 1096/1095/1372 1095/1094/1371
f 1076/1075/1352 1077/1076/1353 1097/1096/1373 1096/1095/1372
f 1077/1076/1353 1078/3913/1354 1098/3911/1374 1097/1096/1373
f 1078/1077/1354 1079/1078/1355 1099/1098/1375 1098/1097/1374
f 1079/1078/1355 1080/1079/1356 1100/1099/1376 1099/1098/1375
f 1080/1079/1356 1081/1080/1357 1101/1100/1377 1100/1099/1376
f 1081/1080/1357 1082/1081/1358 1102/1101/1378 1101/1100/1377
f 1082/1081/1358 1083/1082/1359 1103/1102/1379 1102/1101/1378
f 1083/1082/1359 1084/1083/1360 1104/1103/1380 1103/1102/1379
f 1084/1083/1360 1085/1084/1361 1105/1104/1381 1104/1103/1380
f 1085/1084/1361 1086/1085/1362 1106/1105/1382 1105/1104/1381
f 1086/1085/1362 1087/1086/1363 1107/1106/1383 1106/1105/1382
f 1087/1086/1363 1088/3912/1364 1108/3910/1384 1107/1106/1383
f 1088/1087/1364 1089/1088/1365 1109/1108/1385 1108/1107/1384
f 1089/1088/1365 1070/1070/1347 1090/1090/1367 1109/1108/1385
f 1090/1090/1367 1091/1089/1366 1111/1109/1386 1110/1110/1387
f 1091/1089/1366 1092/1091/1368 1112/1111/1388 1111/1109/1386
f 1092/1091/1368 1093/1092/1369 1113/1112/1389 1112/1111/1388
f 1093/1092/1369 1094/1093/1370 1114/1113/1390 1113/1112/1389
f 1094/1093/1370 1095/1094/1371 1115/1114/1391 1114/1113/1390
f 1095/1094/1371 1096/1095/1372 1116/1115/1392 1115/1114/1391
f 1096/1095/1372 1097/1096/1373 1117/1116/1393 1116/1115/1392
f 1097/1096/1373 1098/3911/1374 1118/3909/1394 1117/1116/1393
f 1098/1097/1374 1099/1098/1375 1119/1118/1395 1118/1117/1394
f 1099/1098/1375 1100/1099/1376 1120/1119/1396 1119/1118/1395
f 1100/1099/1376 1101/1100/1377 1121/1120/1397 1120/1119/1396
f 1101/1100/1377 1102/1101/1378 1122/1121/1398 1121/1120/1397
f 1102/1101/1378 1103/1102/1379 1123/1122/1399 1122/1121/1398
f 1103/1102/1379 1104/1103/1380 1124/1123/1400 1123/1122/1399
f 1104/1103/1380 1105/1104/1381 1125/1124/1401 1124/1123/1400
f 1105/1104/1381 1106/1105/1382 1126/1125/1402 1125/1124/1401
f 1106/1105/1382 1107/1106/1383 1127/1126/1403 1126/1125/1402
f 1107/1106/1383 1108/3910/1384 1128/3908/1404 1127/1126/1403
f 1108/1107/1384 1109/1108/1385 1129/1128/1405 1128/1127/1404
f 1109/1108/1385 1090/1090/1367 1110/1110/1387 1129/1128/1405
f 1110/1110/1387 1111/1109/1386 1131/1129/1406 1130/1130/1407
f 1111/1109/1386 1112/1111/1388 1132/1131/1408 1131/1129/1406
f 1112/1111/1388 1113/1112/1389 1133/1132/1409 1132/1131/1408
f 1113/1112/1389 1114/1113/1390 1134/1133/1410 1133/1132/1409
f 1114/1113/1390 1115/1114/1391 1135/1134/1411 1134/1133/1410
f 1115/1114/1391 1116/1115/1392 1136/1135/1412 1135/1134/1411
f 1116/1115/1392 1117/1116/1393 1137/1136/1413 1136/1135/1412
f 1117/1116/1393 1118/3909/1394 1138/3907/1414 1137/1136/1413
f 1118/1117/1394 1119/1118/1395 1139/1138/1415 1138/1137/1414
f 1119/1118/1395 1120/1119/1396 1140/1139/1416 1139/1138/1415
f 1120/1119/1396 1121/1120/1397 1141/1140/1417 1140/1139/1416
f 1121/1120/1397 1122/1121/1398 1142/1141/1418 1141/1140/1417
f 1122/1121/1398 1123/1122/1399 1143/1142/1419 1142/1141/1418
f 1123/1122/1399 1124/1123/1400 1144/1143/1420 1143/1142/1419
f 1124/1123/1400 1125/1124/1401 1145/1144/1421 1144/1143/1420
f 1125/1124/1401 1126/1125/1402 1146/1145/1422 1145/1144/1421
f 1126/1125/1402 1127/1126/1403 1147/1146/1423 1146/1145/1422
f 1127/1126/1403 1128/3908/1404 1148/3906/1424 1147/1146/1423
f 1128/1127/1404 1129/1128/1405 1149/1148/1425 1148/1147/1424
f 1129/1128/1405 1110/1110/1387 1130/1130/1407 1149/1148/1425
f 1130/1130/1407 1131/1129/1406 1151/1149/1426 1150/1150/1427
f 1131/1129/1406 1132/1131/1408 1152/1151/1428 1151/1149/1426
f 1132/1131/1408 1133/1132/1409 1153/1152/1429 1152/1151/1428
f 1133/1132/1409 1134/1133/1410 1154/1153/1430 1153/1152/1429
f 1134/1133/1410 1135/1134/1411 1155/1154/1431 1154/1153/1430
f 1135/1134/1411 1136/1135/1412 1156/1155/1432 1155/1154/1431
f 1136/1135/1412 1137/1136/1413 1157/1156/1433 1156/1155/1432
f 1137/1136/1413 1138/3907/1414 1158/3905/1434 1157/1156/1433
f 1138/1137/1414 1139/1138/1415 1159/1158/1435 1158/1157/1434
f 1139/1138/1415 1140/1139/1416 1160/1159/1436 1159/1158/1435
f 1140/1139/1416 1141/1140/1417 1161/1160/1437 1160/1159/1436
f 1141/1140/1417 1142/1141/1418 1162/1161/1438 1161/1160/1437
f 1142/1141/1418 1143/1142/1419 1163/1162/1439 1162/1161/1438
f 1143/1142/1419 1144/1143/1420 1164/1163/1440 1163/1162/1439
f 1144/1143/1420 1145/1144/1421 1165/1164/1441 1164/1163/1440
f 1145/1144/1421 1146/1145/1422 1166/1165/1442 1165/1164/1441
f 1146/1145/1422 1147/1146/1423 1167/1166/1443 1166/1165/1442
f 1147/1146/1423 1148/3906/1424 1168/3904/1444 1167/1166/1443
f 1148/1147/1424 1149/1148/1425 1169/1168/1445 1168/1167/1444
f 1149/1148/1425 1130/1130/1407 1150/1150/1427 1169/1168/1445
f 1150/1150/1427 1151/1149/1426 1171/1169/1446 1170/1170/1447
f 1151/1149/1426 1152/1151/1428 1172/1171/1448 1171/1169/1446
f 1152/1151/1428 1153/1152/1429 1173/1172/1449 1172/1171/1448
f 1153/1152/1429 1154/1153/1430 1174/1173/1450 1173/1172/1449
f 1154/1153/1430 1155/1154/1431 1175/1174/1451 1174/1173/1450
f 1155/1154/1431 1156/1155/1432 1176/1175/1452 1175/1174/1451
f 1156/1155/1432 1157/1156/1433 1177/1176/1453 1176/1175/1452
f 1157/1156/1433 1158/3905/1434 1178/3903/1454 1177/1176/1453
f 1158/1157/1434 1159/1158/1435 1179/1178/1455 1178/1177/1454
f 1159/1158/1435 1160/1159/1436 1180/1179/1456 1179/1178/1455
f 1160/1159/1436 1161/1160/1437 1181/1180/1457 1180/1179/1456
f 1161/1160/1437 1162/1161/1438 1182/1181/1458 1181/1180/1457
f 1162/1161/1438 1163/1162/1439 1183/1182/1459 1182/1181/1458
f 1163/1162/1439 1164/1163/1440 1184/1183/1460 1183/1182/1459
f 1164/1163/1440 1165/1164/1441 1185/1184/1461 1184/1183/1460
f 1165/1164/1441 1166/1165/1442 1186/1185/1462 1185/1184/1461
f 1166/1165/1442 1167/1166/1443 1187/1186/1463 1186/1185/1462
f 1167/1166/1443 1168/3904/1444 1188/3902/1464 1187/1186/1463
f 1168/1167/1444 1169/1168/1445 1189/1188/1465 1188/1187/1464
f 1169/1168/1445 1150/1150/1427 1170/1170/1447 1189/1188/1465
f 1170/1170/1447 1171/1169/1446 1191/1189/1466 1190/1190/1467
f 1171/1169/1446 1172/1171/1448 1192/1191/1468 1191/1189/1466
f 1172/1171/1448 1173/1172/1449 1193/1192/1469 1192/1191/1468
f 1173/1172/1449 1174/1173/1450 1194/1193/1470 1193/1192/1469
f 1174/1173/1450 1175/1174/1451 1195/1194/1471 1194/1193/1470
f 1175/1174/1451 1176/1175/1452 1196/1195/1472 1195/1194/1471
f 1176/1175/1452 1177/1176/1453 1197/1196/1473 1196/1195/1472
f 1177/1176/1453 1178/3903/1454 1198/3901/1474 1197/1196/1473
f 1178/1177/1454 1179/1178/1455 1199/1198/1475 1198/1197/1474
f 1179/1178/1455 1180/1179/1456 1200/1199/1476 1199/1198/1475
f 1180/1179/1456 1181/1180/1457 1201/1200/1477 1200/1199/1476
f 1181/1180/1457 1182/1181/1458 1202/1201/1478 1201/1200/1477
f 1182/1181/1458 1183/1182/1459 1203/1202/1479 1202/1201/1478
f 1183/1182/1459 1184/1183/1460 1204/1203/1480 1203/1202/1479
f 1184/1183/1460 1185/1184/1461 1205/1204/1481 1204/1203/1480
f 1185/1184/1461 1186/1185/1462 1206/1205/1482 1205/1204/1481
f 1186/1185/1462 1187/1186/1463 1207/1206/1483 1206/1205/1482
f 1187/1186/1463 1188/3902/1464 1208/3900/1484 1207/1206/1483
f 1188/1187/1464 1189/1188/1465 1209/1208/1485 1208/1207/1484
f 1189/1188/1465 1170/1170/1447 1190/1190/1467 1209/1208/1485
f 1190/1190/1467 1191/1189/1466 1211/1209/1486 1210/1210/1487
f 1191/1189/1466 1192/1191/1468 1212/1211/1488 1211/1209/1486
f 1192/1191/1468 1193/1192/1469 1213/1212/1489 1212/1211/1488
f 1193/1192/1469 1194/1193/1470 1214/1213/1490 1213/1212/1489
f 1194/1193/1470 1195/1194/1471 1215/1214/1491 1214/1213/1490
f 1195/1194/1471 1196/1195/1472 1216/1215/1492 1215/1214/1491
f 1196/1195/1472 1197/1196/1473 1217/1216/1493 1216/1215/1492
f 1197/1196/1473 1198/3901/1474 1218/3899/1494 1217/1216/1493
f 1198/1197/1474 1199/1198/1475 1219/1218/1495 1218/1217/1494
f 1199/1198/1475 1200/1199/1476 1220/1219/1496 1219/1218/1495
f 1200/1199/1476 1201/1200/1477 1221/1220/1497 1220/1219/1496
f 1201/1200/1477 1202/1201/1478 1222/1221/1498 1221/1220/1497
f 1202/1201/1478 1203/1202/1479 1223/1222/1499 1222/1221/1498
f 1203/1202/1479 1204/1203/1480 1224/1223/1500 1223/1222/1499
f 1204/1203/1480 1205/1204/1481 1225/1224/1501 1224/1223/1500
f 1205/1204/1481 1206/1205/1482 1226/1225/1502 1225/1224/1501
f 1206/1205/1482 1207/1206/1483 1227/1226/1503 1226/1225/1502
f 1207/1206/1483 1208/3900/1484 1228/3897/1504 1227/1226/1503
f 1208/1207/1484 1209/1208/1485 1229/1228/1505 1228/1227/1504
f 1209/1208/1485 1190/1190/1467 1210/1210/1487 1229/1228/1505
f 1210/1210/1487 1211/1209/1486 1230/1229/1506
f 1211/1209/1486 1212/1211/1488 1230/1229/1506
f 1212/1211/1488 1213/1212/1489 1230/1229/1506
f 1213/1212/1489 1214/1213/1490 1230/1229/1506
f 1214/1213/1490 1215/1214/1491 1230/1229/1506
f 1215/1214/1491 1216/1215/1492 1230/1229/1506
f 1216/1215/1492 1217/1216/1493 1230/1229/1506
f 1217/1216/1493 1218/3899/1494 1230/1229/1506
f 1218/1217/1494 1219/1218/1495 1230/3898/1506
f 1219/1218/1495 1220/1219/1496 1230/3898/1506
f 1220/1219/1496 1221/1220/1497 1230/3898/1506
f 1221/1220/1497 1222/1221/1498 1230/3898/1506
f 1222/1221/1498 1223/1222/1499 1230/3898/1506
f 1223/1222/1499 1224/1223/1500 1230/3898/1506
f 1224/1223/1500 1225/1224/1501 1230/3898/1506
f 1225/1224/1501 1226/1225/1502 1230/3898/1506
f 1226/1225/1502 1227/1226/1503 1230/3898/1506
f 1227/1226/1503 1228/3897/1504 1230/3898/1506
f 1228/1227/1504 1229/1228/1505 1230/1229/1506
f 1229/1228/1505 1210/1210/1487 1230/1229/1506
s 27
f 1360/1230/1507 1370/1231/1508 1371/1232/1509
f 1370/1231/1508 1381/1233/1510 1371/1232/1509
f 1381/1233/1510 1391/1234/1511 1371/1232/1509
f 1391/1234/1511 1401/1235/1512 1371/1232/1509
f 1401/1235/1512 1411/1236/1513 1371/1232/1509
f 1411/1236/1513 1421/1237/1514 1371/1232/1509
f 1421/1237/1514 1431/1238/1515 1371/1232/1509
f 1431/1238/1515 1441/1239/1516 1371/1232/1509
f 1441/1239/1516 1451/1240/1517 1371/1232/1509
f 1451/1240/1517 1461/1241/1518 1371/1232/1509
f 1461/1241/1518 1471/1242/1519 1371/1232/1509
f 1471/1242/1519 1481/1243/1520 1371/1232/1509
f 1481/1243/1520 1491/1244/1521 1371/1232/1509
f 1491/1244/1521 1501/4416/1522 1371/1232/1509
f 1501/1245/1522 1511/1246/1523 1371/1232/1509
f 1511/1246/1523 1521/1247/1524 1371/1232/1509
f 1521/1247/1524 1531/1248/1525 1371/1232/1509
f 1531/1248/1525 1541/1249/1526 1371/1232/1509
f 1541/1249/1526 1551/1250/1527 1371/1232/1509
f 1551/1250/1527 1360/1230/1507 1371/1232/1509
s 28
f 1231/4661/1528 1232/4680/1529 1252/4471/1530 1251/4454/1531
f 1232/4680/1529 1233/4679/1532 1253/4470/1533 1252/4471/1530
f 1233/4679/1532 1234/4678/1534 1254/4469/1535 1253/4470/1533
f 1234/4678/1534 1235/4677/1536 1255/4468/1537 1254/4469/1535
f 1235/4677/1536 1236/4676/1538 1256/4467/1539 1255/4468/1537
f 1236/4676/1538 1237/4675/1540 1257/4466/1541 1256/4467/1539
f 1237/4675/1540 1238/4674/1542 1258/4465/1543 1257/4466/1541
f 1238/4674/1542 1239/4673/1544 1259/4464/1545 1258/4465/1543
f 1239/4673/1544 1240/4672/1546 1260/4463/1547 1259/4464/1545
f 1240/4672/1546 1241/4671/1548 1261/4462/1549 1260/4463/1547
f 1241/4671/1548 1242/4670/1550 1262/4461/1551 1261/4462/1549
f 1242/4670/1550 1243/4669/1552 1263/4460/1553 1262/4461/1551
f 1243/4669/1552 1244/4668/1554 1264/4459/1555 1263/4460/1553
f 1244/4668/1554 1245/4666/1556 1265/4427/1557 1264/4459/1555
f 1245/4568/1556 1246/4665/1558 1266/4458/1559 1265/4426/1557
f 1246/4665/1558 1247/4664/1560 1267/4457/1561 1266/4458/1559
f 1247/4664/1560 1248/4663/1562 1268/4456/1563 1267/4457/1561
f 1248/4663/1562 1249/4662/1564 1269/4455/1565 1268/4456/1563
f 1249/4662/1564 1250/4660/1566 1270/4453/1567 1269/4455/1565
f 1250/4660/1566 1231/4661/1528 1251/4454/1531 1270/4453/1567
s 29
f 1274/4449/1568 1231/1251/1569 1250/1289/1570 1350/1292/1571
f 1273/1293/1572 1274/1291/1568 1350/4430/1571 1349/1294/1573
f 1271/1295/1574 1272/1296/1575 1348/1297/1576 1347/1298/1577
f 1272/1296/1575 1273/1293/1572 1349/1294/1573 1348/1297/1576
f 1231/1251/1569 1274/4449/1568 1278/4448/1578 1232/1252/1579
f 1274/1291/1568 1273/1293/1572 1277/1300/1580 1278/1299/1578
f 1273/1293/1572 1272/1296/1575 1276/1301/1581 1277/1300/1580
f 1272/1296/1575 1271/1295/1574 1275/1302/1582 1276/1301/1581
f 1232/1252/1579 1278/4448/1578 1282/4447/1583 1233/1255/1584
f 1278/1299/1578 1277/1300/1580 1281/1304/1585 1282/1303/1583
f 1277/1300/1580 1276/1301/1581 1280/1305/1586 1281/1304/1585
f 1276/1301/1581 1275/1302/1582 1279/1306/1587 1280/1305/1586
f 1233/1255/1584 1282/4447/1583 1286/4446/1588 1234/1257/1589
f 1282/1303/1583 1281/1304/1585 1285/1308/1590 1286/1307/1588
f 1281/1304/1585 1280/1305/1586 1284/1309/1591 1285/1308/1590
f 1280/1305/1586 1279/1306/1587 1283/1310/1592 1284/1309/1591
f 1234/1257/1589 1286/4446/1588 1290/4445/1593 1235/1259/1594
f 1286/1307/1588 1285/1308/1590 1289/1312/1595 1290/1311/1593
f 1285/1308/1590 1284/1309/1591 1288/1313/1596 1289/1312/1595
f 1284/1309/1591 1283/1310/1592 1287/1314/1597 1288/1313/1596
f 1235/1259/1594 1290/4445/1593 1294/4444/1598 1236/1261/1599
f 1290/1311/1593 1289/1312/1595 1293/1316/1600 1294/1315/1598
f 1289/1312/1595 1288/1313/1596 1292/1317/1601 1293/1316/1600
f 1288/1313/1596 1287/1314/1597 1291/1318/1602 1292/1317/1601
f 1236/1261/1599 1294/4444/1598 1298/4443/1603 1237/1263/1604
f 1294/1315/1598 1293/1316/1600 1297/1320/1605 1298/1319/1603
f 1293/1316/1600 1292/1317/1601 1296/1321/1606 1297/1320/1605
f 1292/1317/1601 1291/1318/1602 1295/1322/1607 1296/1321/1606
f 1237/1263/1604 1298/4443/1603 1302/4442/1608 1238/1265/1609
f 1298/1319/1603 1297/1320/1605 1301/1324/1610 1302/1323/1608
f 1297/1320/1605 1296/1321/1606 1300/1325/1611 1301/1324/1610
f 1296/1321/1606 1295/1322/1607 1299/1326/1612 1300/1325/1611
f 1238/1265/1609 1302/4442/1608 1306/4441/1613 1239/1267/1614
f 1302/1323/1608 1301/1324/1610 1305/1328/1615 1306/1327/1613
f 1301/1324/1610 1300/1325/1611 1304/1329/1616 1305/1328/1615
f 1300/1325/1611 1299/1326/1612 1303/1330/1617 1304/1329/1616
f 1239/1267/1614 1306/4441/1613 1310/4440/1618 1240/1269/1619
f 1306/1327/1613 1305/1328/1615 1309/1332/1620 1310/1331/1618
f 1305/1328/1615 1304/1329/1616 1308/1333/1621 1309/1332/1620
f 1304/1329/1616 1303/1330/1617 1307/1334/1622 1308/1333/1621
f 1240/1269/1619 1310/4440/1618 1314/4439/1623 1241/1271/1624
f 1310/1331/1618 1309/1332/1620 1313/1336/1625 1314/1335/1623
f 1309/1332/1620 1308/1333/1621 1312/1337/1626 1313/1336/1625
f 1308/1333/1621 1307/1334/1622 1311/1338/1627 1312/1337/1626
f 1241/1271/1624 1314/4439/1623 1318/4438/1628 1242/1273/1629
f 1314/1335/1623 1313/1336/1625 1317/1340/1630 1318/1339/1628
f 1313/1336/1625 1312/1337/1626 1316/1341/1631 1317/1340/1630
f 1312/1337/1626 1311/1338/1627 1315/1342/1632 1316/1341/1631
f 1242/1273/1629 1318/4438/1628 1322/4437/1633 1243/1275/1634
f 1318/1339/1628 1317/1340/1630 1321/1344/1635 1322/1343/1633
f 1317/1340/1630 1316/1341/1631 1320/1345/1636 1321/1344/1635
f 1316/1341/1631 1315/1342/1632 1319/1346/1637 1320/1345/1636
f 1243/1275/1634 1322/4437/1633 1326/4436/1638 1244/1277/1639
f 1322/1343/1633 1321/1344/1635 1325/1348/1640 1326/1347/1638
f 1321/1344/1635 1320/1345/1636 1324/1349/1641 1325/1348/1640
f 1320/1345/1636 1319/1346/1637 1323/1350/1642 1324/1349/1641
f 1244/1277/1639 1326/4436/1638 1330/4435/1643 1245/1279/1644
f 1326/1347/1638 1325/1348/1640 1329/4452/1645 1330/4434/1643
f 1325/1348/1640 1324/1349/1641 1328/4450/1646 1329/4452/1645
f 1324/1349/1641 1323/1350/1642 1327/1354/1647 1328/4450/1646
f 1245/4667/1644 1330/4569/1643 1334/4433/1648 1246/1281/1649
f 1330/1351/1643 1329/1352/1645 1333/1356/1650 1334/1355/1648
f 1329/1352/1645 1328/1353/1646 1332/1357/1651 1333/1356/1650
f 1328/1353/1646 1327/4451/1647 1331/1358/1652 1332/1357/1651
f 1246/1281/1649 1334/4433/1648 1338/4432/1653 1247/1283/1654
f 1334/1355/1648 1333/1356/1650 1337/1360/1655 1338/1359/1653
f 1333/1356/1650 1332/1357/1651 1336/1361/1656 1337/1360/1655
f 1332/1357/1651 1331/1358/1652 1335/1362/1657 1336/1361/1656
f 1247/1283/1654 1338/4432/1653 1342/4431/1658 1248/1285/1659
f 1338/1359/1653 1337/1360/1655 1341/1364/1660 1342/1363/1658
f 1337/1360/1655 1336/1361/1656 1340/1365/1661 1341/1364/1660
f 1336/1361/1656 1335/1362/1657 1339/1366/1662 1340/1365/1661
f 1248/1285/1659 1342/4431/1658 1346/4429/1663 1249/1287/1664
f 1342/1363/1658 1341/1364/1660 1345/1368/1665 1346/1367/1663
f 1341/1364/1660 1340/1365/1661 1344/1369/1666 1345/1368/1665
f 1340/1365/1661 1339/1366/1662 1343/1370/1667 1344/1369/1666
f 1249/1287/1664 1346/4429/1663 1350/1292/1571 1250/1289/1570
f 1346/1367/1663 1345/1368/1665 1349/1294/1573 1350/4430/1571
f 1345/1368/1665 1344/1369/1666 1348/1297/1576 1349/1294/1573
f 1344/1369/1666 1343/1370/1667 1347/1298/1577 1348/1297/1576
s 27
f 1251/1254/1668 1252/1253/1669 1361/1371/1670 1351/1372/1671
f 1351/1372/1671 1361/1371/1670 1362/1373/1672 1352/1374/1673
f 1352/1374/1673 1362/1373/1672 1363/1375/1674 1353/1376/1675
f 1353/1376/1675 1363/1375/1674 1364/1377/1676 1354/1378/1677
f 1354/1378/1677 1364/1377/1676 1365/1379/1678 1355/1380/1679
f 1355/1380/1679 1365/1379/1678 1366/1381/1680 1356/1382/1681
f 1356/1382/1681 1366/1381/1680 1367/1383/1682 1357/1384/1683
f 1357/1384/1683 1367/1383/1682 1368/1385/1684 1358/1386/1685
f 1358/1386/1685 1368/1385/1684 1369/1387/1686 1359/1388/1687
f 1359/1388/1687 1369/1387/1686 1370/1231/1508 1360/1230/1507
f 1252/1253/1669 1253/1256/1688 1372/1389/1689 1361/1371/1670
f 1361/1371/1670 1372/1389/1689 1373/1390/1690 1362/1373/1672
f 1362/1373/1672 1373/1390/1690 1374/1391/1691 1363/1375/1674
f 1363/1375/1674 1374/1391/1691 1375/1392/1692 1364/1377/1676
f 1364/1377/1676 1375/1392/1692 1376/1393/1693 1365/1379/1678
f 1365/1379/1678 1376/1393/1693 1377/1394/1694 1366/1381/1680
f 1366/1381/1680 1377/1394/1694 1378/1395/1695 1367/1383/1682
f 1367/1383/1682 1378/1395/1695 1379/1396/1696 1368/1385/1684
f 1368/1385/1684 1379/1396/1696 1380/1397/1697 1369/1387/1686
f 1369/1387/1686 1380/1397/1697 1381/1233/1510 1370/1231/1508
f 1253/1256/1688 1254/1258/1698 1382/1398/1699 1372/1389/1689
f 1372/1389/1689 1382/1398/1699 1383/1399/1700 1373/1390/1690
f 1373/1390/1690 1383/1399/1700 1384/1400/1701 1374/1391/1691
f 1374/1391/1691 1384/1400/1701 1385/1401/1702 1375/1392/1692
f 1375/1392/1692 1385/1401/1702 1386/1402/1703 1376/1393/1693
f 1376/1393/1693 1386/1402/1703 1387/1403/1704 1377/1394/1694
f 1377/1394/1694 1387/1403/1704 1388/1404/1705 1378/1395/1695
f 1378/1395/1695 1388/1404/1705 1389/1405/1706 1379/1396/1696
f 1379/1396/1696 1389/1405/1706 1390/1406/1707 1380/1397/1697
f 1380/1397/1697 1390/1406/1707 1391/1234/1511 1381/1233/1510
f 1254/1258/1698 1255/1260/1708 1392/1407/1709 1382/1398/1699
f 1382/1398/1699 1392/1407/1709 1393/1408/1710 1383/1399/1700
f 1383/1399/1700 1393/1408/1710 1394/1409/1711 1384/1400/1701
f 1384/1400/1701 1394/1409/1711 1395/1410/1712 1385/1401/1702
f 1385/1401/1702 1395/1410/1712 1396/1411/1713 1386/1402/1703
f 1386/1402/1703 1396/1411/1713 1397/1412/1714 1387/1403/1704
f 1387/1403/1704 1397/1412/1714 1398/1413/1715 1388/1404/1705
f 1388/1404/1705 1398/1413/1715 1399/1414/1716 1389/1405/1706
f 1389/1405/1706 1399/1414/1716 1400/1415/1717 1390/1406/1707
f 1390/1406/1707 1400/1415/1717 1401/1235/1512 1391/1234/1511
f 1255/1260/1708 1256/1262/1718 1402/1416/1719 1392/1407/1709
f 1392/1407/1709 1402/1416/1719 1403/1417/1720 1393/1408/1710
f 1393/1408/1710 1403/1417/1720 1404/1418/1721 1394/1409/1711
f 1394/1409/1711 1404/1418/1721 1405/1419/1722 1395/1410/1712
f 1395/1410/1712 1405/1419/1722 1406/1420/1723 1396/1411/1713
f 1396/1411/1713 1406/1420/1723 1407/1421/1724 1397/1412/1714
f 1397/1412/1714 1407/1421/1724 1408/1422/1725 1398/1413/1715
f 1398/1413/1715 1408/1422/1725 1409/1423/1726 1399/1414/1716
f 1399/1414/1716 1409/1423/1726 1410/1424/1727 1400/1415/1717
f 1400/1415/1717 1410/1424/1727 1411/1236/1513 1401/1235/1512
f 1256/1262/1718 1257/1264/1728 1412/1425/1729 1402/1416/1719
f 1402/1416/1719 1412/1425/1729 1413/1426/1730 1403/1417/1720
f 1403/1417/1720 1413/1426/1730 1414/1427/1731 1404/1418/1721
f 1404/1418/1721 1414/1427/1731 1415/1428/1732 1405/1419/1722
f 1405/1419/1722 1415/1428/1732 1416/1429/1733 1406/1420/1723
f 1406/1420/1723 1416/1429/1733 1417/1430/1734 1407/1421/1724
f 1407/1421/1724 1417/1430/1734 1418/1431/1735 1408/1422/1725
f 1408/1422/1725 1418/1431/1735 1419/1432/1736 1409/1423/1726
f 1409/1423/1726 1419/1432/1736 1420/1433/1737 1410/1424/1727
f 1410/1424/1727 1420/1433/1737 1421/1237/1514 1411/1236/1513
f 1257/1264/1728 1258/1266/1738 1422/1434/1739 1412/1425/1729
f 1412/1425/1729 1422/1434/1739 1423/1435/1740 1413/1426/1730
f 1413/1426/1730 1423/1435/1740 1424/1436/1741 1414/1427/1731
f 1414/1427/1731 1424/1436/1741 1425/1437/1742 1415/1428/1732
f 1415/1428/1732 1425/1437/1742 1426/1438/1743 1416/1429/1733
f 1416/1429/1733 1426/1438/1743 1427/1439/1744 1417/1430/1734
f 1417/1430/1734 1427/1439/1744 1428/1440/1745 1418/1431/1735
f 1418/1431/1735 1428/1440/1745 1429/1441/1746 1419/1432/1736
f 1419/1432/1736 1429/1441/1746 1430/1442/1747 1420/1433/1737
f 1420/1433/1737 1430/1442/1747 1431/1238/1515 1421/1237/1514
f 1258/1266/1738 1259/1268/1748 1432/1443/1749 1422/1434/1739
f 1422/1434/1739 1432/1443/1749 1433/1444/1750 1423/1435/1740
f 1423/1435/1740 1433/1444/1750 1434/1445/1751 1424/1436/1741
f 1424/1436/1741 1434/1445/1751 1435/1446/1752 1425/1437/1742
f 1425/1437/1742 1435/1446/1752 1436/1447/1753 1426/1438/1743
f 1426/1438/1743 1436/1447/1753 1437/1448/1754 1427/1439/1744
f 1427/1439/1744 1437/1448/1754 1438/1449/1755 1428/1440/1745
f 1428/1440/1745 1438/1449/1755 1439/1450/1756 1429/1441/1746
f 1429/1441/1746 1439/1450/1756 1440/1451/1757 1430/1442/1747
f 1430/1442/1747 1440/1451/1757 1441/1239/1516 1431/1238/1515
f 1259/1268/1748 1260/1270/1758 1442/1452/1759 1432/1443/1749
f 1432/1443/1749 1442/1452/1759 1443/1453/1760 1433/1444/1750
f 1433/1444/1750 1443/1453/1760 1444/1454/1761 1434/1445/1751
f 1434/1445/1751 1444/1454/1761 1445/1455/1762 1435/1446/1752
f 1435/1446/1752 1445/1455/1762 1446/1456/1763 1436/1447/1753
f 1436/1447/1753 1446/1456/1763 1447/1457/1764 1437/1448/1754
f 1437/1448/1754 1447/1457/1764 1448/1458/1765 1438/1449/1755
f 1438/1449/1755 1448/1458/1765 1449/1459/1766 1439/1450/1756
f 1439/1450/1756 1449/1459/1766 1450/1460/1767 1440/1451/1757
f 1440/1451/1757 1450/1460/1767 1451/1240/1517 1441/1239/1516
f 1260/1270/1758 1261/1272/1768 1452/1461/1769 1442/1452/1759
f 1442/1452/1759 1452/1461/1769 1453/1462/1770 1443/1453/1760
f 1443/1453/1760 1453/1462/1770 1454/1463/1771 1444/1454/1761
f 1444/1454/1761 1454/1463/1771 1455/1464/1772 1445/1455/1762
f 1445/1455/1762 1455/1464/1772 1456/1465/1773 1446/1456/1763
f 1446/1456/1763 1456/1465/1773 1457/1466/1774 1447/1457/1764
f 1447/1457/1764 1457/1466/1774 1458/1467/1775 1448/1458/1765
f 1448/1458/1765 1458/1467/1775 1459/1468/1776 1449/1459/1766
f 1449/1459/1766 1459/1468/1776 1460/1469/1777 1450/1460/1767
f 1450/1460/1767 1460/1469/1777 1461/1241/1518 1451/1240/1517
f 1261/1272/1768 1262/1274/1778 1462/1470/1779 1452/1461/1769
f 1452/1461/1769 1462/1470/1779 1463/1471/1780 1453/1462/1770
f 1453/1462/1770 1463/1471/1780 1464/1472/1781 1454/1463/1771
f 1454/1463/1771 1464/1472/1781 1465/1473/1782 1455/1464/1772
f 1455/1464/1772 1465/1473/1782 1466/1474/1783 1456/1465/1773
f 1456/1465/1773 1466/1474/1783 1467/1475/1784 1457/1466/1774
f 1457/1466/1774 1467/1475/1784 1468/1476/1785 1458/1467/1775
f 1458/1467/1775 1468/1476/1785 1469/1477/1786 1459/1468/1776
f 1459/1468/1776 1469/1477/1786 1470/1478/1787 1460/1469/1777
f 1460/1469/1777 1470/1478/1787 1471/1242/1519 1461/1241/1518
f 1262/1274/1778 1263/1276/1788 1472/1479/1789 1462/1470/1779
f 1462/1470/1779 1472/1479/1789 1473/1480/1790 1463/1471/1780
f 1463/1471/1780 1473/1480/1790 1474/1481/1791 1464/1472/1781
f 1464/1472/1781 1474/1481/1791 1475/1482/1792 1465/1473/1782
f 1465/1473/1782 1475/1482/1792 1476/1483/1793 1466/1474/1783
f 1466/1474/1783 1476/1483/1793 1477/1484/1794 1467/1475/1784
f 1467/1475/1784 1477/1484/1794 1478/1485/1795 1468/1476/1785
f 1468/1476/1785 1478/1485/1795 1479/1486/1796 1469/1477/1786
f 1469/1477/1786 1479/1486/1796 1480/1487/1797 1470/1478/1787
f 1470/1478/1787 1480/1487/1797 1481/1243/1520 1471/1242/1519
f 1263/1276/1788 1264/1278/1798 1482/1488/1799 1472/1479/1789
f 1472/1479/1789 1482/1488/1799 1483/1489/1800 1473/1480/1790
f 1473/1480/1790 1483/1489/1800 1484/1490/1801 1474/1481/1791
f 1474/1481/1791 1484/1490/1801 1485/1491/1802 1475/1482/1792
f 1475/1482/1792 1485/1491/1802 1486/1492/1803 1476/1483/1793
f 1476/1483/1793 1486/1492/1803 1487/1493/1804 1477/1484/1794
f 1477/1484/1794 1487/1493/1804 1488/1494/1805 1478/1485/1795
f 1478/1485/1795 1488/1494/1805 1489/1495/1806 1479/1486/1796
f 1479/1486/1796 1489/1495/1806 1490/1496/1807 1480/1487/1797
f 1480/1487/1797 1490/1496/1807 1491/1244/1521 1481/1243/1520
f 1264/1278/1798 1265/4428/1808 1492/4425/1809 1482/1488/1799
f 1482/1488/1799 1492/4425/1809 1493/4424/1810 1483/1489/1800
f 1483/1489/1800 1493/4424/1810 1494/4423/1811 1484/1490/1801
f 1484/1490/1801 1494/4423/1811 1495/4422/1812 1485/1491/1802
f 1485/1491/1802 1495/4422/1812 1496/4421/1813 1486/1492/1803
f 1486/1492/1803 1496/4421/1813 1497/4420/1814 1487/1493/1804
f 1487/1493/1804 1497/4420/1814 1498/4419/1815 1488/1494/1805
f 1488/1494/1805 1498/4419/1815 1499/4418/1816 1489/1495/1806
f 1489/1495/1806 1499/4418/1816 1500/4417/1817 1490/1496/1807
f 1490/1496/1807 1500/4417/1817 1501/4416/1522 1491/1244/1521
f 1265/1280/1808 1266/1282/1818 1502/1506/1819 1492/1497/1809
f 1492/1497/1809 1502/1506/1819 1503/1507/1820 1493/1498/1810
f 1493/1498/1810 1503/1507/1820 1504/1508/1821 1494/1499/1811
f 1494/1499/1811 1504/1508/1821 1505/1509/1822 1495/1500/1812
f 1495/1500/1812 1505/1509/1822 1506/1510/1823 1496/1501/1813
f 1496/1501/1813 1506/1510/1823 1507/1511/1824 1497/1502/1814
f 1497/1502/1814 1507/1511/1824 1508/1512/1825 1498/1503/1815
f 1498/1503/1815 1508/1512/1825 1509/1513/1826 1499/1504/1816
f 1499/1504/1816 1509/1513/1826 1510/1514/1827 1500/1505/1817
f 1500/1505/1817 1510/1514/1827 1511/1246/1523 1501/1245/1522
f 1266/1282/1818 1267/1284/1828 1512/1515/1829 1502/1506/1819
f 1502/1506/1819 1512/1515/1829 1513/1516/1830 1503/1507/1820
f 1503/1507/1820 1513/1516/1830 1514/1517/1831 1504/1508/1821
f 1504/1508/1821 1514/1517/1831 1515/1518/1832 1505/1509/1822
f 1505/1509/1822 1515/1518/1832 1516/1519/1833 1506/1510/1823
f 1506/1510/1823 1516/1519/1833 1517/1520/1834 1507/1511/1824
f 1507/1511/1824 1517/1520/1834 1518/1521/1835 1508/1512/1825
f 1508/1512/1825 1518/1521/1835 1519/1522/1836 1509/1513/1826
f 1509/1513/1826 1519/1522/1836 1520/1523/1837 1510/1514/1827
f 1510/1514/1827 1520/1523/1837 1521/1247/1524 1511/1246/1523
f 1267/1284/1828 1268/1286/1838 1522/1524/1839 1512/1515/1829
f 1512/1515/1829 1522/1524/1839 1523/1525/1840 1513/1516/1830
f 1513/1516/1830 1523/1525/1840 1524/1526/1841 1514/1517/1831
f 1514/1517/1831 1524/1526/1841 1525/1527/1842 1515/1518/1832
f 1515/1518/1832 1525/1527/1842 1526/1528/1843 1516/1519/1833
f 1516/1519/1833 1526/1528/1843 1527/1529/1844 1517/1520/1834
f 1517/1520/1834 1527/1529/1844 1528/1530/1845 1518/1521/1835
f 1518/1521/1835 1528/1530/1845 1529/1531/1846 1519/1522/1836
f 1519/1522/1836 1529/1531/1846 1530/1532/1847 1520/1523/1837
f 1520/1523/1837 1530/1532/1847 1531/1248/1525 1521/1247/1524
f 1268/1286/1838 1269/1288/1848 1532/1533/1849 1522/1524/1839
f 1522/1524/1839 1532/1533/1849 1533/1534/1850 1523/1525/1840
f 1523/1525/1840 1533/1534/1850 1534/1535/1851 1524/1526/1841
f 1524/1526/1841 1534/1535/1851 1535/1536/1852 1525/1527/1842
f 1525/1527/1842 1535/1536/1852 1536/1537/1853 1526/1528/1843
f 1526/1528/1843 1536/1537/1853 1537/1538/1854 1527/1529/1844
f 1527/1529/1844 1537/1538/1854 1538/1539/1855 1528/1530/1845
f 1528/1530/1845 1538/1539/1855 1539/1540/1856 1529/1531/1846
f 1529/1531/1846 1539/1540/1856 1540/1541/1857 1530/1532/1847
f 1530/1532/1847 1540/1541/1857 1541/1249/1526 1531/1248/1525
f 1269/1288/1848 1270/1290/1858 1542/1542/1859 1532/1533/1849
f 1532/1533/1849 1542/1542/1859 1543/1543/1860 1533/1534/1850
f 1533/1534/1850 1543/1543/1860 1544/1544/1861 1534/1535/1851
f 1534/1535/1851 1544/1544/1861 1545/1545/1862 1535/1536/1852
f 1535/1536/1852 1545/1545/1862 1546/1546/1863 1536/1537/1853
f 1536/1537/1853 1546/1546/1863 1547/1547/1864 1537/1538/1854
f 1537/1538/1854 1547/1547/1864 1548/1548/1865 1538/1539/1855
f 1538/1539/1855 1548/1548/1865 1549/1549/1866 1539/1540/1856
f 1539/1540/1856 1549/1549/1866 1550/1550/1867 1540/1541/1857
f 1540/1541/1857 1550/1550/1867 1551/1250/1527 1541/1249/1526
f 1270/1290/1858 1251/1254/1668 1351/1372/1671 1542/1542/1859
f 1542/1542/1859 1351/1372/1671 1352/1374/1673 1543/1543/1860
f 1543/1543/1860 1352/1374/1673 1353/1376/1675 1544/1544/1861
f 1544/1544/1861 1353/1376/1675 1354/1378/1677 1545/1545/1862
f 1545/1545/1862 1354/1378/1677 1355/1380/1679 1546/1546/1863
f 1546/1546/1863 1355/1380/1679 1356/1382/1681 1547/1547/1864
f 1547/1547/1864 1356/1382/1681 1357/1384/1683 1548/1548/1865
f 1548/1548/1865 1357/1384/1683 1358/1386/1685 1549/1549/1866
f 1549/1549/1866 1358/1386/1685 1359/1388/1687 1550/1550/1867
f 1550/1550/1867 1359/1388/1687 1360/1230/1507 1551/1250/1527
s 32
f 1681/1551/1868 1691/1552/1869 1692/1553/1870
f 1691/1552/1869 1702/1554/1871 1692/1553/1870
f 1702/1554/1871 1712/1555/1872 1692/1553/1870
f 1712/1555/1872 1722/1556/1873 1692/1553/1870
f 1722/1556/1873 1732/1557/1874 1692/1553/1870
f 1732/1557/1874 1742/1558/1875 1692/1553/1870
f 1742/1558/1875 1752/1559/1876 1692/1553/1870
f 1752/1559/1876 1762/1560/1877 1692/1553/1870
f 1762/1560/1877 1772/1561/1878 1692/1553/1870
f 1772/1561/1878 1782/1562/1879 1692/1553/1870
f 1782/1562/1879 1792/1563/1880 1692/1553/1870
f 1792/1563/1880 1802/1564/1881 1692/1553/1870
f 1802/1564/1881 1812/1565/1882 1692/1553/1870
f 1812/1565/1882 1822/1566/1883 1692/1553/1870
f 1822/1566/1883 1832/4472/1884 1692/1553/1870
f 1832/1567/1884 1842/1568/1885 1692/1553/1870
f 1842/1568/1885 1852/1569/1886 1692/1553/1870
f 1852/1569/1886 1862/1570/1887 1692/1553/1870
f 1862/1570/1887 1872/1571/1888 1692/1553/1870
f 1872/1571/1888 1681/1551/1868 1692/1553/1870
s 33
f 1552/4531/1889 1553/4548/1890 1573/4529/1891 1572/4510/1892
f 1553/4548/1890 1554/4547/1893 1574/4528/1894 1573/4529/1891
f 1554/4547/1893 1555/4546/1895 1575/4527/1896 1574/4528/1894
f 1555/4546/1895 1556/4545/1897 1576/4526/1898 1575/4527/1896
f 1556/4545/1897 1557/4544/1899 1577/4525/1900 1576/4526/1898
f 1557/4544/1899 1558/4543/1901 1578/4524/1902 1577/4525/1900
f 1558/4543/1901 1559/4542/1903 1579/4523/1904 1578/4524/1902
f 1559/4542/1903 1560/4541/1905 1580/4522/1906 1579/4523/1904
f 1560/4541/1905 1561/4540/1907 1581/4521/1908 1580/4522/1906
f 1561/4540/1907 1562/4539/1909 1582/4520/1910 1581/4521/1908
f 1562/4539/1909 1563/4538/1911 1583/4519/1912 1582/4520/1910
f 1563/4538/1911 1564/4537/1913 1584/4518/1914 1583/4519/1912
f 1564/4537/1913 1565/4536/1915 1585/4517/1916 1584/4518/1914
f 1565/4536/1915 1566/4535/1917 1586/4514/1918 1585/4517/1916
f 1566/4535/1917 1567/4515/1919 1587/4483/1920 1586/4514/1918
f 1567/4516/1919 1568/4534/1921 1588/4513/1922 1587/4482/1920
f 1568/4534/1921 1569/4533/1923 1589/4512/1924 1588/4513/1922
f 1569/4533/1923 1570/4532/1925 1590/4511/1926 1589/4512/1924
f 1570/4532/1925 1571/4530/1927 1591/4509/1928 1590/4511/1926
f 1571/4530/1927 1552/4531/1889 1572/4510/1892 1591/4509/1928
s 34
f 1595/4505/1929 1552/1572/1930 1571/1610/1931 1671/1613/1932
f 1594/1614/1933 1595/1612/1929 1671/4486/1932 1670/1615/1934
f 1592/1616/1935 1593/1617/1936 1669/1618/1937 1668/1619/1938
f 1593/1617/1936 1594/1614/1933 1670/1615/1934 1669/1618/1937
f 1552/1572/1930 1595/4505/1929 1599/4504/1939 1553/1573/1940
f 1595/1612/1929 1594/1614/1933 1598/1621/1941 1599/1620/1939
f 1594/1614/1933 1593/1617/1936 1597/1622/1942 1598/1621/1941
f 1593/1617/1936 1592/1616/1935 1596/1623/1943 1597/1622/1942
f 1553/1573/1940 1599/4504/1939 1603/4503/1944 1554/1576/1945
f 1599/1620/1939 1598/1621/1941 1602/1625/1946 1603/1624/1944
f 1598/1621/1941 1597/1622/1942 1601/1626/1947 1602/1625/1946
f 1597/1622/1942 1596/1623/1943 1600/1627/1948 1601/1626/1947
f 1554/1576/1945 1603/4503/1944 1607/4502/1949 1555/1578/1950
f 1603/1624/1944 1602/1625/1946 1606/1629/1951 1607/1628/1949
f 1602/1625/1946 1601/1626/1947 1605/1630/1952 1606/1629/1951
f 1601/1626/1947 1600/1627/1948 1604/1631/1953 1605/1630/1952
f 1555/1578/1950 1607/4502/1949 1611/4501/1954 1556/1580/1955
f 1607/1628/1949 1606/1629/1951 1610/1633/1956 1611/1632/1954
f 1606/1629/1951 1605/1630/1952 1609/1634/1957 1610/1633/1956
f 1605/1630/1952 1604/1631/1953 1608/1635/1958 1609/1634/1957
f 1556/1580/1955 1611/4501/1954 1615/4500/1959 1557/1582/1960
f 1611/1632/1954 1610/1633/1956 1614/1637/1961 1615/1636/1959
f 1610/1633/1956 1609/1634/1957 1613/1638/1962 1614/1637/1961
f 1609/1634/1957 1608/1635/1958 1612/1639/1963 1613/1638/1962
f 1557/1582/1960 1615/4500/1959 1619/4499/1964 1558/1584/1965
f 1615/1636/1959 1614/1637/1961 1618/1641/1966 1619/1640/1964
f 1614/1637/1961 1613/1638/1962 1617/1642/1967 1618/1641/1966
f 1613/1638/1962 1612/1639/1963 1616/1643/1968 1617/1642/1967
f 1558/1584/1965 1619/4499/1964 1623/4498/1969 1559/1586/1970
f 1619/1640/1964 1618/1641/1966 1622/1645/1971 1623/1644/1969
f 1618/1641/1966 1617/1642/1967 1621/1646/1972 1622/1645/1971
f 1617/1642/1967 1616/1643/1968 1620/1647/1973 1621/1646/1972
f 1559/1586/1970 1623/4498/1969 1627/4497/1974 1560/1588/1975
f 1623/1644/1969 1622/1645/1971 1626/1649/1976 1627/1648/1974
f 1622/1645/1971 1621/1646/1972 1625/1650/1977 1626/1649/1976
f 1621/1646/1972 1620/1647/1973 1624/1651/1978 1625/1650/1977
f 1560/1588/1975 1627/4497/1974 1631/4496/1979 1561/1590/1980
f 1627/1648/1974 1626/1649/1976 1630/1653/1981 1631/1652/1979
f 1626/1649/1976 1625/1650/1977 1629/1654/1982 1630/1653/1981
f 1625/1650/1977 1624/1651/1978 1628/1655/1983 1629/1654/1982
f 1561/1590/1980 1631/4496/1979 1635/4495/1984 1562/1592/1985
f 1631/1652/1979 1630/1653/1981 1634/1657/1986 1635/1656/1984
f 1630/1653/1981 1629/1654/1982 1633/1658/1987 1634/1657/1986
f 1629/1654/1982 1628/1655/1983 1632/1659/1988 1633/1658/1987
f 1562/1592/1985 1635/4495/1984 1639/4494/1989 1563/1594/1990
f 1635/1656/1984 1634/1657/1986 1638/1661/1991 1639/1660/1989
f 1634/1657/1986 1633/1658/1987 1637/1662/1992 1638/1661/1991
f 1633/1658/1987 1632/1659/1988 1636/1663/1993 1637/1662/1992
f 1563/1594/1990 1639/4494/1989 1643/4493/1994 1564/1596/1995
f 1639/1660/1989 1638/1661/1991 1642/1665/1996 1643/1664/1994
f 1638/1661/1991 1637/1662/1992 1641/1666/1997 1642/1665/1996
f 1637/1662/1992 1636/1663/1993 1640/1667/1998 1641/1666/1997
f 1564/1596/1995 1643/4493/1994 1647/4492/1999 1565/1598/2000
f 1643/1664/1994 1642/1665/1996 1646/1669/2001 1647/1668/1999
f 1642/1665/1996 1641/1666/1997 1645/1670/2002 1646/1669/2001
f 1641/1666/1997 1640/1667/1998 1644/1671/2003 1645/1670/2002
f 1565/1598/2000 1647/4492/1999 1651/4491/2004 1566/1600/2005
f 1647/1668/1999 1646/1669/2001 1650/1673/2006 1651/1672/2004
f 1646/1669/2001 1645/1670/2002 1649/1674/2007 1650/1673/2006
f 1645/1670/2002 1644/1671/2003 1648/1675/2008 1649/1674/2007
f 1566/1600/2005 1651/4491/2004 1655/4490/2009 1567/1602/2010
f 1651/1672/2004 1650/1673/2006 1654/4508/2011 1655/4489/2009
f 1650/1673/2006 1649/1674/2007 1653/4506/2012 1654/4508/2011
f 1649/1674/2007 1648/1675/2008 1652/1679/2013 1653/4506/2012
f 1567/4566/2010 1655/4567/2009 1659/4488/2014 1568/1604/2015
f 1655/1676/2009 1654/1677/2011 1658/1681/2016 1659/1680/2014
f 1654/1677/2011 1653/1678/2012 1657/1682/2017 1658/1681/2016
f 1653/1678/2012 1652/4507/2013 1656/1683/2018 1657/1682/2017
f 1568/1604/2015 1659/4488/2014 1663/4487/2019 1569/1606/2020
f 1659/1680/2014 1658/1681/2016 1662/1685/2021 1663/1684/2019
f 1658/1681/2016 1657/1682/2017 1661/1686/2022 1662/1685/2021
f 1657/1682/2017 1656/1683/2018 1660/1687/2023 1661/1686/2022
f 1569/1606/2020 1663/4487/2019 1667/4485/2024 1570/1608/2025
f 1663/1684/2019 1662/1685/2021 1666/1689/2026 1667/1688/2024
f 1662/1685/2021 1661/1686/2022 1665/1690/2027 1666/1689/2026
f 1661/1686/2022 1660/1687/2023 1664/1691/2028 1665/1690/2027
f 1570/1608/2025 1667/4485/2024 1671/1613/1932 1571/1610/1931
f 1667/1688/2024 1666/1689/2026 1670/1615/1934 1671/4486/1932
f 1666/1689/2026 1665/1690/2027 1669/1618/1937 1670/1615/1934
f 1665/1690/2027 1664/1691/2028 1668/1619/1938 1669/1618/1937
s 32
f 1572/1575/2029 1573/1574/2030 1682/1692/2031 1672/1693/2032
f 1672/1693/2032 1682/1692/2031 1683/1694/2033 1673/1695/2034
f 1673/1695/2034 1683/1694/2033 1684/1696/2035 1674/1697/2036
f 1674/1697/2036 1684/1696/2035 1685/1698/2037 1675/1699/2038
f 1675/1699/2038 1685/1698/2037 1686/1700/2039 1676/1701/2040
f 1676/1701/2040 1686/1700/2039 1687/1702/2041 1677/1703/2042
f 1677/1703/2042 1687/1702/2041 1688/1704/2043 1678/1705/2044
f 1678/1705/2044 1688/1704/2043 1689/1706/2045 1679/1707/2046
f 1679/1707/2046 1689/1706/2045 1690/1708/2047 1680/1709/2048
f 1680/1709/2048 1690/1708/2047 1691/1552/1869 1681/1551/1868
f 1573/1574/2030 1574/1577/2049 1693/1710/2050 1682/1692/2031
f 1682/1692/2031 1693/1710/2050 1694/1711/2051 1683/1694/2033
f 1683/1694/2033 1694/1711/2051 1695/1712/2052 1684/1696/2035
f 1684/1696/2035 1695/1712/2052 1696/1713/2053 1685/1698/2037
f 1685/1698/2037 1696/1713/2053 1697/1714/2054 1686/1700/2039
f 1686/1700/2039 1697/1714/2054 1698/1715/2055 1687/1702/2041
f 1687/1702/2041 1698/1715/2055 1699/1716/2056 1688/1704/2043
f 1688/1704/2043 1699/1716/2056 1700/1717/2057 1689/1706/2045
f 1689/1706/2045 1700/1717/2057 1701/1718/2058 1690/1708/2047
f 1690/1708/2047 1701/1718/2058 1702/1554/1871 1691/1552/1869
f 1574/1577/2049 1575/1579/2059 1703/1719/2060 1693/1710/2050
f 1693/1710/2050 1703/1719/2060 1704/1720/2061 1694/1711/2051
f 1694/1711/2051 1704/1720/2061 1705/1721/2062 1695/1712/2052
f 1695/1712/2052 1705/1721/2062 1706/1722/2063 1696/1713/2053
f 1696/1713/2053 1706/1722/2063 1707/1723/2064 1697/1714/2054
f 1697/1714/2054 1707/1723/2064 1708/1724/2065 1698/1715/2055
f 1698/1715/2055 1708/1724/2065 1709/1725/2066 1699/1716/2056
f 1699/1716/2056 1709/1725/2066 1710/1726/2067 1700/1717/2057
f 1700/1717/2057 1710/1726/2067 1711/1727/2068 1701/1718/2058
f 1701/1718/2058 1711/1727/2068 1712/1555/1872 1702/1554/1871
f 1575/1579/2059 1576/1581/2069 1713/1728/2070 1703/1719/2060
f 1703/1719/2060 1713/1728/2070 1714/1729/2071 1704/1720/2061
f 1704/1720/2061 1714/1729/2071 1715/1730/2072 1705/1721/2062
f 1705/1721/2062 1715/1730/2072 1716/1731/2073 1706/1722/2063
f 1706/1722/2063 1716/1731/2073 1717/1732/2074 1707/1723/2064
f 1707/1723/2064 1717/1732/2074 1718/1733/2075 1708/1724/2065
f 1708/1724/2065 1718/1733/2075 1719/1734/2076 1709/1725/2066
f 1709/1725/2066 1719/1734/2076 1720/1735/2077 1710/1726/2067
f 1710/1726/2067 1720/1735/2077 1721/1736/2078 1711/1727/2068
f 1711/1727/2068 1721/1736/2078 1722/1556/1873 1712/1555/1872
f 1576/1581/2069 1577/1583/2079 1723/1737/2080 1713/1728/2070
f 1713/1728/2070 1723/1737/2080 1724/1738/2081 1714/1729/2071
f 1714/1729/2071 1724/1738/2081 1725/1739/2082 1715/1730/2072
f 1715/1730/2072 1725/1739/2082 1726/1740/2083 1716/1731/2073
f 1716/1731/2073 1726/1740/2083 1727/1741/2084 1717/1732/2074
f 1717/1732/2074 1727/1741/2084 1728/1742/2085 1718/1733/2075
f 1718/1733/2075 1728/1742/2085 1729/1743/2086 1719/1734/2076
f 1719/1734/2076 1729/1743/2086 1730/1744/2087 1720/1735/2077
f 1720/1735/2077 1730/1744/2087 1731/1745/2088 1721/1736/2078
f 1721/1736/2078 1731/1745/2088 1732/1557/1874 1722/1556/1873
f 1577/1583/2079 1578/1585/2089 1733/1746/2090 1723/1737/2080
f 1723/1737/2080 1733/1746/2090 1734/1747/2091 1724/1738/2081
f 1724/1738/2081 1734/1747/2091 1735/1748/2092 1725/1739/2082
f 1725/1739/2082 1735/1748/2092 1736/1749/2093 1726/1740/2083
f 1726/1740/2083 1736/1749/2093 1737/1750/2094 1727/1741/2084
f 1727/1741/2084 1737/1750/2094 1738/1751/2095 1728/1742/2085
f 1728/1742/2085 1738/1751/2095 1739/1752/2096 1729/1743/2086
f 1729/1743/2086 1739/1752/2096 1740/1753/2097 1730/1744/2087
f 1730/1744/2087 1740/1753/2097 1741/1754/2098 1731/1745/2088
f 1731/1745/2088 1741/1754/2098 1742/1558/1875 1732/1557/1874
f 1578/1585/2089 1579/1587/2099 1743/1755/2100 1733/1746/2090
f 1733/1746/2090 1743/1755/2100 1744/1756/2101 1734/1747/2091
f 1734/1747/2091 1744/1756/2101 1745/1757/2102 1735/1748/2092
f 1735/1748/2092 1745/1757/2102 1746/1758/2103 1736/1749/2093
f 1736/1749/2093 1746/1758/2103 1747/1759/2104 1737/1750/2094
f 1737/1750/2094 1747/1759/2104 1748/1760/2105 1738/1751/2095
f 1738/1751/2095 1748/1760/2105 1749/1761/2106 1739/1752/2096
f 1739/1752/2096 1749/1761/2106 1750/1762/2107 1740/1753/2097
f 1740/1753/2097 1750/1762/2107 1751/1763/2108 1741/1754/2098
f 1741/1754/2098 1751/1763/2108 1752/1559/1876 1742/1558/1875
f 1579/1587/2099 1580/1589/2109 1753/1764/2110 1743/1755/2100
f 1743/1755/2100 1753/1764/2110 1754/1765/2111 1744/1756/2101
f 1744/1756/2101 1754/1765/2111 1755/1766/2112 1745/1757/2102
f 1745/1757/2102 1755/1766/2112 1756/1767/2113 1746/1758/2103
f 1746/1758/2103 1756/1767/2113 1757/1768/2114 1747/1759/2104
f 1747/1759/2104 1757/1768/2114 1758/1769/2115 1748/1760/2105
f 1748/1760/2105 1758/1769/2115 1759/1770/2116 1749/1761/2106
f 1749/1761/2106 1759/1770/2116 1760/1771/2117 1750/1762/2107
f 1750/1762/2107 1760/1771/2117 1761/1772/2118 1751/1763/2108
f 1751/1763/2108 1761/1772/2118 1762/1560/1877 1752/1559/1876
f 1580/1589/2109 1581/1591/2119 1763/1773/2120 1753/1764/2110
f 1753/1764/2110 1763/1773/2120 1764/1774/2121 1754/1765/2111
f 1754/1765/2111 1764/1774/2121 1765/1775/2122 1755/1766/2112
f 1755/1766/2112 1765/1775/2122 1766/1776/2123 1756/1767/2113
f 1756/1767/2113 1766/1776/2123 1767/1777/2124 1757/1768/2114
f 1757/1768/2114 1767/1777/2124 1768/1778/2125 1758/1769/2115
f 1758/1769/2115 1768/1778/2125 1769/1779/2126 1759/1770/2116
f 1759/1770/2116 1769/1779/2126 1770/1780/2127 1760/1771/2117
f 1760/1771/2117 1770/1780/2127 1771/1781/2128 1761/1772/2118
f 1761/1772/2118 1771/1781/2128 1772/1561/1878 1762/1560/1877
f 1581/1591/2119 1582/1593/2129 1773/1782/2130 1763/1773/2120
f 1763/1773/2120 1773/1782/2130 1774/1783/2131 1764/1774/2121
f 1764/1774/2121 1774/1783/2131 1775/1784/2132 1765/1775/2122
f 1765/1775/2122 1775/1784/2132 1776/1785/2133 1766/1776/2123
f 1766/1776/2123 1776/1785/2133 1777/1786/2134 1767/1777/2124
f 1767/1777/2124 1777/1786/2134 1778/1787/2135 1768/1778/2125
f 1768/1778/2125 1778/1787/2135 1779/1788/2136 1769/1779/2126
f 1769/1779/2126 1779/1788/2136 1780/1789/2137 1770/1780/2127
f 1770/1780/2127 1780/1789/2137 1781/1790/2138 1771/1781/2128
f 1771/1781/2128 1781/1790/2138 1782/1562/1879 1772/1561/1878
f 1582/1593/2129 1583/1595/2139 1783/1791/2140 1773/1782/2130
f 1773/1782/2130 1783/1791/2140 1784/1792/2141 1774/1783/2131
f 1774/1783/2131 1784/1792/2141 1785/1793/2142 1775/1784/2132
f 1775/1784/2132 1785/1793/2142 1786/1794/2143 1776/1785/2133
f 1776/1785/2133 1786/1794/2143 1787/1795/2144 1777/1786/2134
f 1777/1786/2134 1787/1795/2144 1788/1796/2145 1778/1787/2135
f 1778/1787/2135 1788/1796/2145 1789/1797/2146 1779/1788/2136
f 1779/1788/2136 1789/1797/2146 1790/1798/2147 1780/1789/2137
f 1780/1789/2137 1790/1798/2147 1791/1799/2148 1781/1790/2138
f 1781/1790/2138 1791/1799/2148 1792/1563/1880 1782/1562/1879
f 1583/1595/2139 1584/1597/2149 1793/1800/2150 1783/1791/2140
f 1783/1791/2140 1793/1800/2150 1794/1801/2151 1784/1792/2141
f 1784/1792/2141 1794/1801/2151 1795/1802/2152 1785/1793/2142
f 1785/1793/2142 1795/1802/2152 1796/1803/2153 1786/1794/2143
f 1786/1794/2143 1796/1803/2153 1797/1804/2154 1787/1795/2144
f 1787/1795/2144 1797/1804/2154 1798/1805/2155 1788/1796/2145
f 1788/1796/2145 1798/1805/2155 1799/1806/2156 1789/1797/2146
f 1789/1797/2146 1799/1806/2156 1800/1807/2157 1790/1798/2147
f 1790/1798/2147 1800/1807/2157 1801/1808/2158 1791/1799/2148
f 1791/1799/2148 1801/1808/2158 1802/1564/1881 1792/1563/1880
f 1584/1597/2149 1585/1599/2159 1803/1809/2160 1793/1800/2150
f 1793/1800/2150 1803/1809/2160 1804/1810/2161 1794/1801/2151
f 1794/1801/2151 1804/1810/2161 1805/1811/2162 1795/1802/2152
f 1795/1802/2152 1805/1811/2162 1806/1812/2163 1796/1803/2153
f 1796/1803/2153 1806/1812/2163 1807/1813/2164 1797/1804/2154
f 1797/1804/2154 1807/1813/2164 1808/1814/2165 1798/1805/2155
f 1798/1805/2155 1808/1814/2165 1809/1815/2166 1799/1806/2156
f 1799/1806/2156 1809/1815/2166 1810/1816/2167 1800/1807/2157
f 1800/1807/2157 1810/1816/2167 1811/1817/2168 1801/1808/2158
f 1801/1808/2158 1811/1817/2168 1812/1565/1882 1802/1564/1881
f 1585/1599/2159 1586/1601/2169 1813/1818/2170 1803/1809/2160
f 1803/1809/2160 1813/1818/2170 1814/1819/2171 1804/1810/2161
f 1804/1810/2161 1814/1819/2171 1815/1820/2172 1805/1811/2162
f 1805/1811/2162 1815/1820/2172 1816/1821/2173 1806/1812/2163
f 1806/1812/2163 1816/1821/2173 1817/1822/2174 1807/1813/2164
f 1807/1813/2164 1817/1822/2174 1818/1823/2175 1808/1814/2165
f 1808/1814/2165 1818/1823/2175 1819/1824/2176 1809/1815/2166
f 1809/1815/2166 1819/1824/2176 1820/1825/2177 1810/1816/2167
f 1810/1816/2167 1820/1825/2177 1821/1826/2178 1811/1817/2168
f 1811/1817/2168 1821/1826/2178 1822/1566/1883 1812/1565/1882
f 1586/1601/2169 1587/4484/2179 1823/4481/2180 1813/1818/2170
f 1813/1818/2170 1823/4481/2180 1824/4480/2181 1814/1819/2171
f 1814/1819/2171 1824/4480/2181 1825/4479/2182 1815/1820/2172
f 1815/1820/2172 1825/4479/2182 1826/4478/2183 1816/1821/2173
f 1816/1821/2173 1826/4478/2183 1827/4477/2184 1817/1822/2174
f 1817/1822/2174 1827/4477/2184 1828/4476/2185 1818/1823/2175
f 1818/1823/2175 1828/4476/2185 1829/4475/2186 1819/1824/2176
f 1819/1824/2176 1829/4475/2186 1830/4474/2187 1820/1825/2177
f 1820/1825/2177 1830/4474/2187 1831/4473/2188 1821/1826/2178
f 1821/1826/2178 1831/4473/2188 1832/4472/1884 1822/1566/1883
f 1587/1603/2179 1588/1605/2189 1833/1836/2190 1823/1827/2180
f 1823/1827/2180 1833/1836/2190 1834/1837/2191 1824/1828/2181
f 1824/1828/2181 1834/1837/2191 1835/1838/2192 1825/1829/2182
f 1825/1829/2182 1835/1838/2192 1836/1839/2193 1826/1830/2183
f 1826/1830/2183 1836/1839/2193 1837/1840/2194 1827/1831/2184
f 1827/1831/2184 1837/1840/2194 1838/1841/2195 1828/1832/2185
f 1828/1832/2185 1838/1841/2195 1839/1842/2196 1829/1833/2186
f 1829/1833/2186 1839/1842/2196 1840/1843/2197 1830/1834/2187
f 1830/1834/2187 1840/1843/2197 1841/1844/2198 1831/1835/2188
f 1831/1835/2188 1841/1844/2198 1842/1568/1885 1832/1567/1884
f 1588/1605/2189 1589/1607/2199 1843/1845/2200 1833/1836/2190
f 1833/1836/2190 1843/1845/2200 1844/1846/2201 1834/1837/2191
f 1834/1837/2191 1844/1846/2201 1845/1847/2202 1835/1838/2192
f 1835/1838/2192 1845/1847/2202 1846/1848/2203 1836/1839/2193
f 1836/1839/2193 1846/1848/2203 1847/1849/2204 1837/1840/2194
f 1837/1840/2194 1847/1849/2204 1848/1850/2205 1838/1841/2195
f 1838/1841/2195 1848/1850/2205 1849/1851/2206 1839/1842/2196
f 1839/1842/2196 1849/1851/2206 1850/1852/2207 1840/1843/2197
f 1840/1843/2197 1850/1852/2207 1851/1853/2208 1841/1844/2198
f 1841/1844/2198 1851/1853/2208 1852/1569/1886 1842/1568/1885
f 1589/1607/2199 1590/1609/2209 1853/1854/2210 1843/1845/2200
f 1843/1845/2200 1853/1854/2210 1854/1855/2211 1844/1846/2201
f 1844/1846/2201 1854/1855/2211 1855/1856/2212 1845/1847/2202
f 1845/1847/2202 1855/1856/2212 1856/1857/2213 1846/1848/2203
f 1846/1848/2203 1856/1857/2213 1857/1858/2214 1847/1849/2204
f 1847/1849/2204 1857/1858/2214 1858/1859/2215 1848/1850/2205
f 1848/1850/2205 1858/1859/2215 1859/1860/2216 1849/1851/2206
f 1849/1851/2206 1859/1860/2216 1860/1861/2217 1850/1852/2207
f 1850/1852/2207 1860/1861/2217 1861/1862/2218 1851/1853/2208
f 1851/1853/2208 1861/1862/2218 1862/1570/1887 1852/1569/1886
f 1590/1609/2209 1591/1611/2219 1863/1863/2220 1853/1854/2210
f 1853/1854/2210 1863/1863/2220 1864/1864/2221 1854/1855/2211
f 1854/1855/2211 1864/1864/2221 1865/1865/2222 1855/1856/2212
f 1855/1856/2212 1865/1865/2222 1866/1866/2223 1856/1857/2213
f 1856/1857/2213 1866/1866/2223 1867/1867/2224 1857/1858/2214
f 1857/1858/2214 1867/1867/2224 1868/1868/2225 1858/1859/2215
f 1858/1859/2215 1868/1868/2225 1869/1869/2226 1859/1860/2216
f 1859/1860/2216 1869/1869/2226 1870/1870/2227 1860/1861/2217
f 1860/1861/2217 1870/1870/2227 1871/1871/2228 1861/1862/2218
f 1861/1862/2218 1871/1871/2228 1872/1571/1888 1862/1570/1887
f 1591/1611/2219 1572/1575/2029 1672/1693/2032 1863/1863/2220
f 1863/1863/2220 1672/1693/2032 1673/1695/2034 1864/1864/2221
f 1864/1864/2221 1673/1695/2034 1674/1697/2036 1865/1865/2222
f 1865/1865/2222 1674/1697/2036 1675/1699/2038 1866/1866/2223
f 1866/1866/2223 1675/1699/2038 1676/1701/2040 1867/1867/2224
f 1867/1867/2224 1676/1701/2040 1677/1703/2042 1868/1868/2225
f 1868/1868/2225 1677/1703/2042 1678/1705/2044 1869/1869/2226
f 1869/1869/2226 1678/1705/2044 1679/1707/2046 1870/1870/2227
f 1870/1870/2227 1679/1707/2046 1680/1709/2048 1871/1871/2228
f 1871/1871/2228 1680/1709/2048 1681/1551/1868 1872/1571/1888
s 37
f 2002/1872/2229 2012/1873/2230 2013/1874/2231
f 2012/1873/2230 2023/1875/2232 2013/1874/2231
f 2023/1875/2232 2033/1876/2233 2013/1874/2231
f 2033/1876/2233 2043/1877/2234 2013/1874/2231
f 2043/1877/2234 2053/1878/2235 2013/1874/2231
f 2053/1878/2235 2063/1879/2236 2013/1874/2231
f 2063/1879/2236 2073/1880/2237 2013/1874/2231
f 2073/1880/2237 2083/1881/2238 2013/1874/2231
f 2083/1881/2238 2093/1882/2239 2013/1874/2231
f 2093/1882/2239 2103/1883/2240 2013/1874/2231
f 2103/1883/2240 2113/1884/2241 2013/1874/2231
f 2113/1884/2241 2123/1885/2242 2013/1874/2231
f 2123/1885/2242 2133/1886/2243 2013/1874/2231
f 2133/1886/2243 2143/4282/2244 2013/1874/2231
f 2143/1887/2244 2153/1888/2245 2013/1874/2231
f 2153/1888/2245 2163/1889/2246 2013/1874/2231
f 2163/1889/2246 2173/1890/2247 2013/1874/2231
f 2173/1890/2247 2183/1891/2248 2013/1874/2231
f 2183/1891/2248 2193/1892/2249 2013/1874/2231
f 2193/1892/2249 2002/1872/2229 2013/1874/2231
s 38
f 1873/4341/2250 1874/4358/2251 1894/4339/2252 1893/4320/2253
f 1874/4358/2251 1875/4357/2254 1895/4338/2255 1894/4339/2252
f 1875/4357/2254 1876/4356/2256 1896/4337/2257 1895/4338/2255
f 1876/4356/2256 1877/4355/2258 1897/4336/2259 1896/4337/2257
f 1877/4355/2258 1878/4354/2260 1898/4335/2261 1897/4336/2259
f 1878/4354/2260 1879/4353/2262 1899/4334/2263 1898/4335/2261
f 1879/4353/2262 1880/4352/2264 1900/4333/2265 1899/4334/2263
f 1880/4352/2264 1881/4351/2266 1901/4332/2267 1900/4333/2265
f 1881/4351/2266 1882/4350/2268 1902/4331/2269 1901/4332/2267
f 1882/4350/2268 1883/4349/2270 1903/4330/2271 1902/4331/2269
f 1883/4349/2270 1884/4348/2272 1904/4329/2273 1903/4330/2271
f 1884/4348/2272 1885/4347/2274 1905/4328/2275 1904/4329/2273
f 1885/4347/2274 1886/4346/2276 1906/4325/2277 1905/4328/2275
f 1886/4346/2276 1887/4326/2278 1907/4293/2279 1906/4325/2277
f 1887/4327/2278 1888/4345/2280 1908/4324/2281 1907/4292/2279
f 1888/4345/2280 1889/4344/2282 1909/4323/2283 1908/4324/2281
f 1889/4344/2282 1890/4343/2284 1910/4322/2285 1909/4323/2283
f 1890/4343/2284 1891/4342/2286 1911/4321/2287 1910/4322/2285
f 1891/4342/2286 1892/4340/2288 1912/4319/2289 1911/4321/2287
f 1892/4340/2288 1873/4341/2250 1893/4320/2253 1912/4319/2289
s 39
f 1916/4315/2290 1873/1893/2291 1892/1931/2292 1992/1934/2293
f 1915/1935/2294 1916/1933/2290 1992/4296/2293 1991/1936/2295
f 1913/1937/2296 1914/1938/2297 1990/1939/2298 1989/1940/2299
f 1914/1938/2297 1915/1935/2294 1991/1936/2295 1990/1939/2298
f 1873/1893/2291 1916/4315/2290 1920/4314/2300 1874/1894/2301
f 1916/1933/2290 1915/1935/2294 1919/1942/2302 1920/1941/2300
f 1915/1935/2294 1914/1938/2297 1918/1943/2303 1919/1942/2302
f 1914/1938/2297 1913/1937/2296 1917/1944/2304 1918/1943/2303
f 1874/1894/2301 1920/4314/2300 1924/4313/2305 1875/1897/2306
f 1920/1941/2300 1919/1942/2302 1923/1946/2307 1924/1945/2305
f 1919/1942/2302 1918/1943/2303 1922/1947/2308 1923/1946/2307
f 1918/1943/2303 1917/1944/2304 1921/1948/2309 1922/1947/2308
f 1875/1897/2306 1924/4313/2305 1928/4312/2310 1876/1899/2311
f 1924/1945/2305 1923/1946/2307 1927/1950/2312 1928/1949/2310
f 1923/1946/2307 1922/1947/2308 1926/1951/2313 1927/1950/2312
f 1922/1947/2308 1921/1948/2309 1925/1952/2314 1926/1951/2313
f 1876/1899/2311 1928/4312/2310 1932/4311/2315 1877/1901/2316
f 1928/1949/2310 1927/1950/2312 1931/1954/2317 1932/1953/2315
f 1927/1950/2312 1926/1951/2313 1930/1955/2318 1931/1954/2317
f 1926/1951/2313 1925/1952/2314 1929/1956/2319 1930/1955/2318
f 1877/1901/2316 1932/4311/2315 1936/4310/2320 1878/1903/2321
f 1932/1953/2315 1931/1954/2317 1935/1958/2322 1936/1957/2320
f 1931/1954/2317 1930/1955/2318 1934/1959/2323 1935/1958/2322
f 1930/1955/2318 1929/1956/2319 1933/1960/2324 1934/1959/2323
f 1878/1903/2321 1936/4310/2320 1940/4309/2325 1879/1905/2326
f 1936/1957/2320 1935/1958/2322 1939/1962/2327 1940/1961/2325
f 1935/1958/2322 1934/1959/2323 1938/1963/2328 1939/1962/2327
f 1934/1959/2323 1933/1960/2324 1937/1964/2329 1938/1963/2328
f 1879/1905/2326 1940/4309/2325 1944/4308/2330 1880/1907/2331
f 1940/1961/2325 1939/1962/2327 1943/1966/2332 1944/1965/2330
f 1939/1962/2327 1938/1963/2328 1942/1967/2333 1943/1966/2332
f 1938/1963/2328 1937/1964/2329 1941/1968/2334 1942/1967/2333
f 1880/1907/2331 1944/4308/2330 1948/4307/2335 1881/1909/2336
f 1944/1965/2330 1943/1966/2332 1947/1970/2337 1948/1969/2335
f 1943/1966/2332 1942/1967/2333 1946/1971/2338 1947/1970/2337
f 1942/1967/2333 1941/1968/2334 1945/1972/2339 1946/1971/2338
f 1881/1909/2336 1948/4307/2335 1952/4306/2340 1882/1911/2341
f 1948/1969/2335 1947/1970/2337 1951/1974/2342 1952/1973/2340
f 1947/1970/2337 1946/1971/2338 1950/1975/2343 1951/1974/2342
f 1946/1971/2338 1945/1972/2339 1949/1976/2344 1950/1975/2343
f 1882/1911/2341 1952/4306/2340 1956/4305/2345 1883/1913/2346
f 1952/1973/2340 1951/1974/2342 1955/1978/2347 1956/1977/2345
f 1951/1974/2342 1950/1975/2343 1954/1979/2348 1955/1978/2347
f 1950/1975/2343 1949/1976/2344 1953/1980/2349 1954/1979/2348
f 1883/1913/2346 1956/4305/2345 1960/4304/2350 1884/1915/2351
f 1956/1977/2345 1955/1978/2347 1959/1982/2352 1960/1981/2350
f 1955/1978/2347 1954/1979/2348 1958/1983/2353 1959/1982/2352
f 1954/1979/2348 1953/1980/2349 1957/1984/2354 1958/1983/2353
f 1884/1915/2351 1960/4304/2350 1964/4303/2355 1885/1917/2356
f 1960/1981/2350 1959/1982/2352 1963/1986/2357 1964/1985/2355
f 1959/1982/2352 1958/1983/2353 1962/1987/2358 1963/1986/2357
f 1958/1983/2353 1957/1984/2354 1961/1988/2359 1962/1987/2358
f 1885/1917/2356 1964/4303/2355 1968/4302/2360 1886/1919/2361
f 1964/1985/2355 1963/1986/2357 1967/1990/2362 1968/1989/2360
f 1963/1986/2357 1962/1987/2358 1966/1991/2363 1967/1990/2362
f 1962/1987/2358 1961/1988/2359 1965/1992/2364 1966/1991/2363
f 1886/1919/2361 1968/4302/2360 1972/4301/2365 1887/1921/2366
f 1968/1989/2360 1967/1990/2362 1971/4318/2367 1972/4300/2365
f 1967/1990/2362 1966/1991/2363 1970/4316/2368 1971/4318/2367
f 1966/1991/2363 1965/1992/2364 1969/1996/2369 1970/4316/2368
f 1887/4564/2366 1972/4565/2365 1976/4299/2370 1888/1923/2371
f 1972/1993/2365 1971/1994/2367 1975/1998/2372 1976/1997/2370
f 1971/1994/2367 1970/1995/2368 1974/1999/2373 1975/1998/2372
f 1970/1995/2368 1969/4317/2369 1973/2000/2374 1974/1999/2373
f 1888/1923/2371 1976/4299/2370 1980/4298/2375 1889/1925/2376
f 1976/1997/2370 1975/1998/2372 1979/2002/2377 1980/2001/2375
f 1975/1998/2372 1974/1999/2373 1978/2003/2378 1979/2002/2377
f 1974/1999/2373 1973/2000/2374 1977/2004/2379 1978/2003/2378
f 1889/1925/2376 1980/4298/2375 1984/4297/2380 1890/1927/2381
f 1980/2001/2375 1979/2002/2377 1983/2006/2382 1984/2005/2380
f 1979/2002/2377 1978/2003/2378 1982/2007/2383 1983/2006/2382
f 1978/2003/2378 1977/2004/2379 1981/2008/2384 1982/2007/2383
f 1890/1927/2381 1984/4297/2380 1988/4295/2385 1891/1929/2386
f 1984/2005/2380 1983/2006/2382 1987/2010/2387 1988/2009/2385
f 1983/2006/2382 1982/2007/2383 1986/2011/2388 1987/2010/2387
f 1982/2007/2383 1981/2008/2384 1985/2012/2389 1986/2011/2388
f 1891/1929/2386 1988/4295/2385 1992/1934/2293 1892/1931/2292
f 1988/2009/2385 1987/2010/2387 1991/1936/2295 1992/4296/2293
f 1987/2010/2387 1986/2011/2388 1990/1939/2298 1991/1936/2295
f 1986/2011/2388 1985/2012/2389 1989/1940/2299 1990/1939/2298
s 37
f 1893/1896/2390 1894/1895/2391 2003/2013/2392 1993/2014/2393
f 1993/2014/2393 2003/2013/2392 2004/2015/2394 1994/2016/2395
f 1994/2016/2395 2004/2015/2394 2005/2017/2396 1995/2018/2397
f 1995/2018/2397 2005/2017/2396 2006/2019/2398 1996/2020/2399
f 1996/2020/2399 2006/2019/2398 2007/2021/2400 1997/2022/2401
f 1997/2022/2401 2007/2021/2400 2008/2023/2402 1998/2024/2403
f 1998/2024/2403 2008/2023/2402 2009/2025/2404 1999/2026/2405
f 1999/2026/2405 2009/2025/2404 2010/2027/2406 2000/2028/2407
f 2000/2028/2407 2010/2027/2406 2011/2029/2408 2001/2030/2409
f 2001/2030/2409 2011/2029/2408 2012/1873/2230 2002/1872/2229
f 1894/1895/2391 1895/1898/2410 2014/2031/2411 2003/2013/2392
f 2003/2013/2392 2014/2031/2411 2015/2032/2412 2004/2015/2394
f 2004/2015/2394 2015/2032/2412 2016/2033/2413 2005/2017/2396
f 2005/2017/2396 2016/2033/2413 2017/2034/2414 2006/2019/2398
f 2006/2019/2398 2017/2034/2414 2018/2035/2415 2007/2021/2400
f 2007/2021/2400 2018/2035/2415 2019/2036/2416 2008/2023/2402
f 2008/2023/2402 2019/2036/2416 2020/2037/2417 2009/2025/2404
f 2009/2025/2404 2020/2037/2417 2021/2038/2418 2010/2027/2406
f 2010/2027/2406 2021/2038/2418 2022/2039/2419 2011/2029/2408
f 2011/2029/2408 2022/2039/2419 2023/1875/2232 2012/1873/2230
f 1895/1898/2410 1896/1900/2420 2024/2040/2421 2014/2031/2411
f 2014/2031/2411 2024/2040/2421 2025/2041/2422 2015/2032/2412
f 2015/2032/2412 2025/2041/2422 2026/2042/2423 2016/2033/2413
f 2016/2033/2413 2026/2042/2423 2027/2043/2424 2017/2034/2414
f 2017/2034/2414 2027/2043/2424 2028/2044/2425 2018/2035/2415
f 2018/2035/2415 2028/2044/2425 2029/2045/2426 2019/2036/2416
f 2019/2036/2416 2029/2045/2426 2030/2046/2427 2020/2037/2417
f 2020/2037/2417 2030/2046/2427 2031/2047/2428 2021/2038/2418
f 2021/2038/2418 2031/2047/2428 2032/2048/2429 2022/2039/2419
f 2022/2039/2419 2032/2048/2429 2033/1876/2233 2023/1875/2232
f 1896/1900/2420 1897/1902/2430 2034/2049/2431 2024/2040/2421
f 2024/2040/2421 2034/2049/2431 2035/2050/2432 2025/2041/2422
f 2025/2041/2422 2035/2050/2432 2036/2051/2433 2026/2042/2423
f 2026/2042/2423 2036/2051/2433 2037/2052/2434 2027/2043/2424
f 2027/2043/2424 2037/2052/2434 2038/2053/2435 2028/2044/2425
f 2028/2044/2425 2038/2053/2435 2039/2054/2436 2029/2045/2426
f 2029/2045/2426 2039/2054/2436 2040/2055/2437 2030/2046/2427
f 2030/2046/2427 2040/2055/2437 2041/2056/2438 2031/2047/2428
f 2031/2047/2428 2041/2056/2438 2042/2057/2439 2032/2048/2429
f 2032/2048/2429 2042/2057/2439 2043/1877/2234 2033/1876/2233
f 1897/1902/2430 1898/1904/2440 2044/2058/2441 2034/2049/2431
f 2034/2049/2431 2044/2058/2441 2045/2059/2442 2035/2050/2432
f 2035/2050/2432 2045/2059/2442 2046/2060/2443 2036/2051/2433
f 2036/2051/2433 2046/2060/2443 2047/2061/2444 2037/2052/2434
f 2037/2052/2434 2047/2061/2444 2048/2062/2445 2038/2053/2435
f 2038/2053/2435 2048/2062/2445 2049/2063/2446 2039/2054/2436
f 2039/2054/2436 2049/2063/2446 2050/2064/2447 2040/2055/2437
f 2040/2055/2437 2050/2064/2447 2051/2065/2448 2041/2056/2438
f 2041/2056/2438 2051/2065/2448 2052/2066/2449 2042/2057/2439
f 2042/2057/2439 2052/2066/2449 2053/1878/2235 2043/1877/2234
f 1898/1904/2440 1899/1906/2450 2054/2067/2451 2044/2058/2441
f 2044/2058/2441 2054/2067/2451 2055/2068/2452 2045/2059/2442
f 2045/2059/2442 2055/2068/2452 2056/2069/2453 2046/2060/2443
f 2046/2060/2443 2056/2069/2453 2057/2070/2454 2047/2061/2444
f 2047/2061/2444 2057/2070/2454 2058/2071/2455 2048/2062/2445
f 2048/2062/2445 2058/2071/2455 2059/2072/2456 2049/2063/2446
f 2049/2063/2446 2059/2072/2456 2060/2073/2457 2050/2064/2447
f 2050/2064/2447 2060/2073/2457 2061/2074/2458 2051/2065/2448
f 2051/2065/2448 2061/2074/2458 2062/2075/2459 2052/2066/2449
f 2052/2066/2449 2062/2075/2459 2063/1879/2236 2053/1878/2235
f 1899/1906/2450 1900/1908/2460 2064/2076/2461 2054/2067/2451
f 2054/2067/2451 2064/2076/2461 2065/2077/2462 2055/2068/2452
f 2055/2068/2452 2065/2077/2462 2066/2078/2463 2056/2069/2453
f 2056/2069/2453 2066/2078/2463 2067/2079/2464 2057/2070/2454
f 2057/2070/2454 2067/2079/2464 2068/2080/2465 2058/2071/2455
f 2058/2071/2455 2068/2080/2465 2069/2081/2466 2059/2072/2456
f 2059/2072/2456 2069/2081/2466 2070/2082/2467 2060/2073/2457
f 2060/2073/2457 2070/2082/2467 2071/2083/2468 2061/2074/2458
f 2061/2074/2458 2071/2083/2468 2072/2084/2469 2062/2075/2459
f 2062/2075/2459 2072/2084/2469 2073/1880/2237 2063/1879/2236
f 1900/1908/2460 1901/1910/2470 2074/2085/2471 2064/2076/2461
f 2064/2076/2461 2074/2085/2471 2075/2086/2472 2065/2077/2462
f 2065/2077/2462 2075/2086/2472 2076/2087/2473 2066/2078/2463
f 2066/2078/2463 2076/2087/2473 2077/2088/2474 2067/2079/2464
f 2067/2079/2464 2077/2088/2474 2078/2089/2475 2068/2080/2465
f 2068/2080/2465 2078/2089/2475 2079/2090/2476 2069/2081/2466
f 2069/2081/2466 2079/2090/2476 2080/2091/2477 2070/2082/2467
f 2070/2082/2467 2080/2091/2477 2081/2092/2478 2071/2083/2468
f 2071/2083/2468 2081/2092/2478 2082/2093/2479 2072/2084/2469
f 2072/2084/2469 2082/2093/2479 2083/1881/2238 2073/1880/2237
f 1901/1910/2470 1902/1912/2480 2084/2094/2481 2074/2085/2471
f 2074/2085/2471 2084/2094/2481 2085/2095/2482 2075/2086/2472
f 2075/2086/2472 2085/2095/2482 2086/2096/2483 2076/2087/2473
f 2076/2087/2473 2086/2096/2483 2087/2097/2484 2077/2088/2474
f 2077/2088/2474 2087/2097/2484 2088/2098/2485 2078/2089/2475
f 2078/2089/2475 2088/2098/2485 2089/2099/2486 2079/2090/2476
f 2079/2090/2476 2089/2099/2486 2090/2100/2487 2080/2091/2477
f 2080/2091/2477 2090/2100/2487 2091/2101/2488 2081/2092/2478
f 2081/2092/2478 2091/2101/2488 2092/2102/2489 2082/2093/2479
f 2082/2093/2479 2092/2102/2489 2093/1882/2239 2083/1881/2238
f 1902/1912/2480 1903/1914/2490 2094/2103/2491 2084/2094/2481
f 2084/2094/2481 2094/2103/2491 2095/2104/2492 2085/2095/2482
f 2085/2095/2482 2095/2104/2492 2096/2105/2493 2086/2096/2483
f 2086/2096/2483 2096/2105/2493 2097/2106/2494 2087/2097/2484
f 2087/2097/2484 2097/2106/2494 2098/2107/2495 2088/2098/2485
f 2088/2098/2485 2098/2107/2495 2099/2108/2496 2089/2099/2486
f 2089/2099/2486 2099/2108/2496 2100/2109/2497 2090/2100/2487
f 2090/2100/2487 2100/2109/2497 2101/2110/2498 2091/2101/2488
f 2091/2101/2488 2101/2110/2498 2102/2111/2499 2092/2102/2489
f 2092/2102/2489 2102/2111/2499 2103/1883/2240 2093/1882/2239
f 1903/1914/2490 1904/1916/2500 2104/2112/2501 2094/2103/2491
f 2094/2103/2491 2104/2112/2501 2105/2113/2502 2095/2104/2492
f 2095/2104/2492 2105/2113/2502 2106/2114/2503 2096/2105/2493
f 2096/2105/2493 2106/2114/2503 2107/2115/2504 2097/2106/2494
f 2097/2106/2494 2107/2115/2504 2108/2116/2505 2098/2107/2495
f 2098/2107/2495 2108/2116/2505 2109/2117/2506 2099/2108/2496
f 2099/2108/2496 2109/2117/2506 2110/2118/2507 2100/2109/2497
f 2100/2109/2497 2110/2118/2507 2111/2119/2508 2101/2110/2498
f 2101/2110/2498 2111/2119/2508 2112/2120/2509 2102/2111/2499
f 2102/2111/2499 2112/2120/2509 2113/1884/2241 2103/1883/2240
f 1904/1916/2500 1905/1918/2510 2114/2121/2511 2104/2112/2501
f 2104/2112/2501 2114/2121/2511 2115/2122/2512 2105/2113/2502
f 2105/2113/2502 2115/2122/2512 2116/2123/2513 2106/2114/2503
f 2106/2114/2503 2116/2123/2513 2117/2124/2514 2107/2115/2504
f 2107/2115/2504 2117/2124/2514 2118/2125/2515 2108/2116/2505
f 2108/2116/2505 2118/2125/2515 2119/2126/2516 2109/2117/2506
f 2109/2117/2506 2119/2126/2516 2120/2127/2517 2110/2118/2507
f 2110/2118/2507 2120/2127/2517 2121/2128/2518 2111/2119/2508
f 2111/2119/2508 2121/2128/2518 2122/2129/2519 2112/2120/2509
f 2112/2120/2509 2122/2129/2519 2123/1885/2242 2113/1884/2241
f 1905/1918/2510 1906/1920/2520 2124/2130/2521 2114/2121/2511
f 2114/2121/2511 2124/2130/2521 2125/2131/2522 2115/2122/2512
f 2115/2122/2512 2125/2131/2522 2126/2132/2523 2116/2123/2513
f 2116/2123/2513 2126/2132/2523 2127/2133/2524 2117/2124/2514
f 2117/2124/2514 2127/2133/2524 2128/2134/2525 2118/2125/2515
f 2118/2125/2515 2128/2134/2525 2129/2135/2526 2119/2126/2516
f 2119/2126/2516 2129/2135/2526 2130/2136/2527 2120/2127/2517
f 2120/2127/2517 2130/2136/2527 2131/2137/2528 2121/2128/2518
f 2121/2128/2518 2131/2137/2528 2132/2138/2529 2122/2129/2519
f 2122/2129/2519 2132/2138/2529 2133/1886/2243 2123/1885/2242
f 1906/1920/2520 1907/4294/2530 2134/4291/2531 2124/2130/2521
f 2124/2130/2521 2134/4291/2531 2135/4290/2532 2125/2131/2522
f 2125/2131/2522 2135/4290/2532 2136/4289/2533 2126/2132/2523
f 2126/2132/2523 2136/4289/2533 2137/4288/2534 2127/2133/2524
f 2127/2133/2524 2137/4288/2534 2138/4287/2535 2128/2134/2525
f 2128/2134/2525 2138/4287/2535 2139/4286/2536 2129/2135/2526
f 2129/2135/2526 2139/4286/2536 2140/4285/2537 2130/2136/2527
f 2130/2136/2527 2140/4285/2537 2141/4284/2538 2131/2137/2528
f 2131/2137/2528 2141/4284/2538 2142/4283/2539 2132/2138/2529
f 2132/2138/2529 2142/4283/2539 2143/4282/2244 2133/1886/2243
f 1907/1922/2530 1908/1924/2540 2144/2148/2541 2134/2139/2531
f 2134/2139/2531 2144/2148/2541 2145/2149/2542 2135/2140/2532
f 2135/2140/2532 2145/2149/2542 2146/2150/2543 2136/2141/2533
f 2136/2141/2533 2146/2150/2543 2147/2151/2544 2137/2142/2534
f 2137/2142/2534 2147/2151/2544 2148/2152/2545 2138/2143/2535
f 2138/2143/2535 2148/2152/2545 2149/2153/2546 2139/2144/2536
f 2139/2144/2536 2149/2153/2546 2150/2154/2547 2140/2145/2537
f 2140/2145/2537 2150/2154/2547 2151/2155/2548 2141/2146/2538
f 2141/2146/2538 2151/2155/2548 2152/2156/2549 2142/2147/2539
f 2142/2147/2539 2152/2156/2549 2153/1888/2245 2143/1887/2244
f 1908/1924/2540 1909/1926/2550 2154/2157/2551 2144/2148/2541
f 2144/2148/2541 2154/2157/2551 2155/2158/2552 2145/2149/2542
f 2145/2149/2542 2155/2158/2552 2156/2159/2553 2146/2150/2543
f 2146/2150/2543 2156/2159/2553 2157/2160/2554 2147/2151/2544
f 2147/2151/2544 2157/2160/2554 2158/2161/2555 2148/2152/2545
f 2148/2152/2545 2158/2161/2555 2159/2162/2556 2149/2153/2546
f 2149/2153/2546 2159/2162/2556 2160/2163/2557 2150/2154/2547
f 2150/2154/2547 2160/2163/2557 2161/2164/2558 2151/2155/2548
f 2151/2155/2548 2161/2164/2558 2162/2165/2559 2152/2156/2549
f 2152/2156/2549 2162/2165/2559 2163/1889/2246 2153/1888/2245
f 1909/1926/2550 1910/1928/2560 2164/2166/2561 2154/2157/2551
f 2154/2157/2551 2164/2166/2561 2165/2167/2562 2155/2158/2552
f 2155/2158/2552 2165/2167/2562 2166/2168/2563 2156/2159/2553
f 2156/2159/2553 2166/2168/2563 2167/2169/2564 2157/2160/2554
f 2157/2160/2554 2167/2169/2564 2168/2170/2565 2158/2161/2555
f 2158/2161/2555 2168/2170/2565 2169/2171/2566 2159/2162/2556
f 2159/2162/2556 2169/2171/2566 2170/2172/2567 2160/2163/2557
f 2160/2163/2557 2170/2172/2567 2171/2173/2568 2161/2164/2558
f 2161/2164/2558 2171/2173/2568 2172/2174/2569 2162/2165/2559
f 2162/2165/2559 2172/2174/2569 2173/1890/2247 2163/1889/2246
f 1910/1928/2560 1911/1930/2570 2174/2175/2571 2164/2166/2561
f 2164/2166/2561 2174/2175/2571 2175/2176/2572 2165/2167/2562
f 2165/2167/2562 2175/2176/2572 2176/2177/2573 2166/2168/2563
f 2166/2168/2563 2176/2177/2573 2177/2178/2574 2167/2169/2564
f 2167/2169/2564 2177/2178/2574 2178/2179/2575 2168/2170/2565
f 2168/2170/2565 2178/2179/2575 2179/2180/2576 2169/2171/2566
f 2169/2171/2566 2179/2180/2576 2180/2181/2577 2170/2172/2567
f 2170/2172/2567 2180/2181/2577 2181/2182/2578 2171/2173/2568
f 2171/2173/2568 2181/2182/2578 2182/2183/2579 2172/2174/2569
f 2172/2174/2569 2182/2183/2579 2183/1891/2248 2173/1890/2247
f 1911/1930/2570 1912/1932/2580 2184/2184/2581 2174/2175/2571
f 2174/2175/2571 2184/2184/2581 2185/2185/2582 2175/2176/2572
f 2175/2176/2572 2185/2185/2582 2186/2186/2583 2176/2177/2573
f 2176/2177/2573 2186/2186/2583 2187/2187/2584 2177/2178/2574
f 2177/2178/2574 2187/2187/2584 2188/2188/2585 2178/2179/2575
f 2178/2179/2575 2188/2188/2585 2189/2189/2586 2179/2180/2576
f 2179/2180/2576 2189/2189/2586 2190/2190/2587 2180/2181/2577
f 2180/2181/2577 2190/2190/2587 2191/2191/2588 2181/2182/2578
f 2181/2182/2578 2191/2191/2588 2192/2192/2589 2182/2183/2579
f 2182/2183/2579 2192/2192/2589 2193/1892/2249 2183/1891/2248
f 1912/1932/2580 1893/1896/2390 1993/2014/2393 2184/2184/2581
f 2184/2184/2581 1993/2014/2393 1994/2016/2395 2185/2185/2582
f 2185/2185/2582 1994/2016/2395 1995/2018/2397 2186/2186/2583
f 2186/2186/2583 1995/2018/2397 1996/2020/2399 2187/2187/2584
f 2187/2187/2584 1996/2020/2399 1997/2022/2401 2188/2188/2585
f 2188/2188/2585 1997/2022/2401 1998/2024/2403 2189/2189/2586
f 2189/2189/2586 1998/2024/2403 1999/2026/2405 2190/2190/2587
f 2190/2190/2587 1999/2026/2405 2000/2028/2407 2191/2191/2588
f 2191/2191/2588 2000/2028/2407 2001/2030/2409 2192/2192/2589
f 2192/2192/2589 2001/2030/2409 2002/1872/2229 2193/1892/2249
s off
f 2194/3773/2590 2195/2194/2591 2197/2195/2592 2196/2196/2593
f 2196/2196/2594 2197/2195/2595 2199/2197/2596 2198/2198/2597
f 2198/2198/2598 2199/2197/2599 2201/3770/2600 2200/2200/2601
f 2195/3772/2602 2201/2199/2603 2199/2197/2604 2197/2195/2605
f 2200/3771/2606 2194/2193/2607 2196/2196/2608 2198/2198/2609
s 42
f 2331/2201/2610 2341/2202/2611 2342/2203/2612
f 2341/2202/2611 2352/2204/2613 2342/2203/2612
f 2352/2204/2613 2362/2205/2614 2342/2203/2612
f 2362/2205/2614 2372/2206/2615 2342/2203/2612
f 2372/2206/2615 2382/2207/2616 2342/2203/2612
f 2382/2207/2616 2392/2208/2617 2342/2203/2612
f 2392/2208/2617 2402/2209/2618 2342/2203/2612
f 2402/2209/2618 2412/2210/2619 2342/2203/2612
f 2412/2210/2619 2422/2211/2620 2342/2203/2612
f 2422/2211/2620 2432/2212/2621 2342/2203/2612
f 2432/2212/2621 2442/2213/2622 2342/2203/2612
f 2442/2213/2622 2452/2214/2623 2342/2203/2612
f 2452/2214/2623 2462/2215/2624 2342/2203/2612
f 2462/2215/2624 2472/4205/2625 2342/2203/2612
f 2472/2216/2625 2482/2217/2626 2342/2203/2612
f 2482/2217/2626 2492/2218/2627 2342/2203/2612
f 2492/2218/2627 2502/2219/2628 2342/2203/2612
f 2502/2219/2628 2512/2220/2629 2342/2203/2612
f 2512/2220/2629 2522/2221/2630 2342/2203/2612
f 2522/2221/2630 2331/2201/2610 2342/2203/2612
s 43
f 2202/4243/2631 2203/4260/2632 2223/4281/2633 2222/4262/2634
f 2203/4260/2632 2204/4259/2635 2224/4280/2636 2223/4281/2633
f 2204/4259/2635 2205/4258/2637 2225/4279/2638 2224/4280/2636
f 2205/4258/2637 2206/4257/2639 2226/4278/2640 2225/4279/2638
f 2206/4257/2639 2207/4256/2641 2227/4277/2642 2226/4278/2640
f 2207/4256/2641 2208/4255/2643 2228/4276/2644 2227/4277/2642
f 2208/4255/2643 2209/4254/2645 2229/4275/2646 2228/4276/2644
f 2209/4254/2645 2210/4253/2647 2230/4274/2648 2229/4275/2646
f 2210/4253/2647 2211/4252/2649 2231/4273/2650 2230/4274/2648
f 2211/4252/2649 2212/4251/2651 2232/4272/2652 2231/4273/2650
f 2212/4251/2651 2213/4250/2653 2233/4271/2654 2232/4272/2652
f 2213/4250/2653 2214/4249/2655 2234/4270/2656 2233/4271/2654
f 2214/4249/2655 2215/4248/2657 2235/4269/2658 2234/4270/2656
f 2215/4248/2657 2216/4240/2659 2236/4215/2660 2235/4269/2658
f 2216/4241/2659 2217/4247/2661 2237/4266/2662 2236/4267/2660
f 2217/4247/2661 2218/4246/2663 2238/4265/2664 2237/4266/2662
f 2218/4246/2663 2219/4245/2665 2239/4264/2666 2238/4265/2664
f 2219/4245/2665 2220/4244/2667 2240/4263/2668 2239/4264/2666
f 2220/4244/2667 2221/4242/2669 2241/4261/2670 2240/4263/2668
f 2221/4242/2669 2202/4243/2631 2222/4262/2634 2241/4261/2670
s 44
f 2245/4236/2671 2202/2222/2672 2221/2260/2673 2321/2263/2674
f 2244/2264/2675 2245/2262/2671 2321/4217/2674 2320/2265/2676
f 2242/2266/2677 2243/2267/2678 2319/2268/2679 2318/2269/2680
f 2243/2267/2678 2244/2264/2675 2320/2265/2676 2319/2268/2679
f 2202/2222/2672 2245/4236/2671 2249/4235/2681 2203/2223/2682
f 2245/2262/2671 2244/2264/2675 2248/2271/2683 2249/2270/2681
f 2244/2264/2675 2243/2267/2678 2247/2272/2684 2248/2271/2683
f 2243/2267/2678 2242/2266/2677 2246/2273/2685 2247/2272/2684
f 2203/2223/2682 2249/4235/2681 2253/4234/2686 2204/2226/2687
f 2249/2270/2681 2248/2271/2683 2252/2275/2688 2253/2274/2686
f 2248/2271/2683 2247/2272/2684 2251/2276/2689 2252/2275/2688
f 2247/2272/2684 2246/2273/2685 2250/2277/2690 2251/2276/2689
f 2204/2226/2687 2253/4234/2686 2257/4233/2691 2205/2228/2692
f 2253/2274/2686 2252/2275/2688 2256/2279/2693 2257/2278/2691
f 2252/2275/2688 2251/2276/2689 2255/2280/2694 2256/2279/2693
f 2251/2276/2689 2250/2277/2690 2254/2281/2695 2255/2280/2694
f 2205/2228/2692 2257/4233/2691 2261/4232/2696 2206/2230/2697
f 2257/2278/2691 2256/2279/2693 2260/2283/2698 2261/2282/2696
f 2256/2279/2693 2255/2280/2694 2259/2284/2699 2260/2283/2698
f 2255/2280/2694 2254/2281/2695 2258/2285/2700 2259/2284/2699
f 2206/2230/2697 2261/4232/2696 2265/4231/2701 2207/2232/2702
f 2261/2282/2696 2260/2283/2698 2264/2287/2703 2265/2286/2701
f 2260/2283/2698 2259/2284/2699 2263/2288/2704 2264/2287/2703
f 2259/2284/2699 2258/2285/2700 2262/2289/2705 2263/2288/2704
f 2207/2232/2702 2265/4231/2701 2269/4230/2706 2208/2234/2707
f 2265/2286/2701 2264/2287/2703 2268/2291/2708 2269/2290/2706
f 2264/2287/2703 2263/2288/2704 2267/2292/2709 2268/2291/2708
f 2263/2288/2704 2262/2289/2705 2266/2293/2710 2267/2292/2709
f 2208/2234/2707 2269/4230/2706 2273/4229/2711 2209/2236/2712
f 2269/2290/2706 2268/2291/2708 2272/2295/2713 2273/2294/2711
f 2268/2291/2708 2267/2292/2709 2271/2296/2714 2272/2295/2713
f 2267/2292/2709 2266/2293/2710 2270/2297/2715 2271/2296/2714
f 2209/2236/2712 2273/4229/2711 2277/4228/2716 2210/2238/2717
f 2273/2294/2711 2272/2295/2713 2276/2299/2718 2277/2298/2716
f 2272/2295/2713 2271/2296/2714 2275/2300/2719 2276/2299/2718
f 2271/2296/2714 2270/2297/2715 2274/2301/2720 2275/2300/2719
f 2210/2238/2717 2277/4228/2716 2281/4227/2721 2211/2240/2722
f 2277/2298/2716 2276/2299/2718 2280/2303/2723 2281/2302/2721
f 2276/2299/2718 2275/2300/2719 2279/2304/2724 2280/2303/2723
f 2275/2300/2719 2274/2301/2720 2278/2305/2725 2279/2304/2724
f 2211/2240/2722 2281/4227/2721 2285/4226/2726 2212/2242/2727
f 2281/2302/2721 2280/2303/2723 2284/2307/2728 2285/2306/2726
f 2280/2303/2723 2279/2304/2724 2283/2308/2729 2284/2307/2728
f 2279/2304/2724 2278/2305/2725 2282/2309/2730 2283/2308/2729
f 2212/2242/2727 2285/4226/2726 2289/4225/2731 2213/2244/2732
f 2285/2306/2726 2284/2307/2728 2288/2311/2733 2289/2310/2731
f 2284/2307/2728 2283/2308/2729 2287/2312/2734 2288/2311/2733
f 2283/2308/2729 2282/2309/2730 2286/2313/2735 2287/2312/2734
f 2213/2244/2732 2289/4225/2731 2293/4224/2736 2214/2246/2737
f 2289/2310/2731 2288/2311/2733 2292/2315/2738 2293/2314/2736
f 2288/2311/2733 2287/2312/2734 2291/2316/2739 2292/2315/2738
f 2287/2312/2734 2286/2313/2735 2290/2317/2740 2291/2316/2739
f 2214/2246/2737 2293/4224/2736 2297/4223/2741 2215/2248/2742
f 2293/2314/2736 2292/2315/2738 2296/2319/2743 2297/2318/2741
f 2292/2315/2738 2291/2316/2739 2295/2320/2744 2296/2319/2743
f 2291/2316/2739 2290/2317/2740 2294/2321/2745 2295/2320/2744
f 2215/2248/2742 2297/4223/2741 2301/4222/2746 2216/2250/2747
f 2297/2318/2741 2296/2319/2743 2300/4239/2748 2301/4221/2746
f 2296/2319/2743 2295/2320/2744 2299/4237/2749 2300/4239/2748
f 2295/2320/2744 2294/2321/2745 2298/2325/2750 2299/4237/2749
f 2216/4562/2747 2301/4563/2746 2305/4220/2751 2217/2252/2752
f 2301/2322/2746 2300/2323/2748 2304/2327/2753 2305/2326/2751
f 2300/2323/2748 2299/2324/2749 2303/2328/2754 2304/2327/2753
f 2299/2324/2749 2298/4238/2750 2302/2329/2755 2303/2328/2754
f 2217/2252/2752 2305/4220/2751 2309/4219/2756 2218/2254/2757
f 2305/2326/2751 2304/2327/2753 2308/2331/2758 2309/2330/2756
f 2304/2327/2753 2303/2328/2754 2307/2332/2759 2308/2331/2758
f 2303/2328/2754 2302/2329/2755 2306/2333/2760 2307/2332/2759
f 2218/2254/2757 2309/4219/2756 2313/4218/2761 2219/2256/2762
f 2309/2330/2756 2308/2331/2758 2312/2335/2763 2313/2334/2761
f 2308/2331/2758 2307/2332/2759 2311/2336/2764 2312/2335/2763
f 2307/2332/2759 2306/2333/2760 2310/2337/2765 2311/2336/2764
f 2219/2256/2762 2313/4218/2761 2317/4216/2766 2220/2258/2767
f 2313/2334/2761 2312/2335/2763 2316/2339/2768 2317/2338/2766
f 2312/2335/2763 2311/2336/2764 2315/2340/2769 2316/2339/2768
f 2311/2336/2764 2310/2337/2765 2314/2341/2770 2315/2340/2769
f 2220/2258/2767 2317/4216/2766 2321/2263/2674 2221/2260/2673
f 2317/2338/2766 2316/2339/2768 2320/2265/2676 2321/4217/2674
f 2316/2339/2768 2315/2340/2769 2319/2268/2679 2320/2265/2676
f 2315/2340/2769 2314/2341/2770 2318/2269/2680 2319/2268/2679
s 42
f 2222/2225/2771 2223/2224/2772 2332/2342/2773 2322/2343/2774
f 2322/2343/2774 2332/2342/2773 2333/2344/2775 2323/2345/2776
f 2323/2345/2776 2333/2344/2775 2334/2346/2777 2324/2347/2778
f 2324/2347/2778 2334/2346/2777 2335/2348/2779 2325/2349/2780
f 2325/2349/2780 2335/2348/2779 2336/2350/2781 2326/2351/2782
f 2326/2351/2782 2336/2350/2781 2337/2352/2783 2327/2353/2784
f 2327/2353/2784 2337/2352/2783 2338/2354/2785 2328/2355/2786
f 2328/2355/2786 2338/2354/2785 2339/2356/2787 2329/2357/2788
f 2329/2357/2788 2339/2356/2787 2340/2358/2789 2330/2359/2790
f 2330/2359/2790 2340/2358/2789 2341/2202/2611 2331/2201/2610
f 2223/2224/2772 2224/2227/2791 2343/2360/2792 2332/2342/2773
f 2332/2342/2773 2343/2360/2792 2344/2361/2793 2333/2344/2775
f 2333/2344/2775 2344/2361/2793 2345/2362/2794 2334/2346/2777
f 2334/2346/2777 2345/2362/2794 2346/2363/2795 2335/2348/2779
f 2335/2348/2779 2346/2363/2795 2347/2364/2796 2336/2350/2781
f 2336/2350/2781 2347/2364/2796 2348/2365/2797 2337/2352/2783
f 2337/2352/2783 2348/2365/2797 2349/2366/2798 2338/2354/2785
f 2338/2354/2785 2349/2366/2798 2350/2367/2799 2339/2356/2787
f 2339/2356/2787 2350/2367/2799 2351/2368/2800 2340/2358/2789
f 2340/2358/2789 2351/2368/2800 2352/2204/2613 2341/2202/2611
f 2224/2227/2791 2225/2229/2801 2353/2369/2802 2343/2360/2792
f 2343/2360/2792 2353/2369/2802 2354/2370/2803 2344/2361/2793
f 2344/2361/2793 2354/2370/2803 2355/2371/2804 2345/2362/2794
f 2345/2362/2794 2355/2371/2804 2356/2372/2805 2346/2363/2795
f 2346/2363/2795 2356/2372/2805 2357/2373/2806 2347/2364/2796
f 2347/2364/2796 2357/2373/2806 2358/2374/2807 2348/2365/2797
f 2348/2365/2797 2358/2374/2807 2359/2375/2808 2349/2366/2798
f 2349/2366/2798 2359/2375/2808 2360/2376/2809 2350/2367/2799
f 2350/2367/2799 2360/2376/2809 2361/2377/2810 2351/2368/2800
f 2351/2368/2800 2361/2377/2810 2362/2205/2614 2352/2204/2613
f 2225/2229/2801 2226/2231/2811 2363/2378/2812 2353/2369/2802
f 2353/2369/2802 2363/2378/2812 2364/2379/2813 2354/2370/2803
f 2354/2370/2803 2364/2379/2813 2365/2380/2814 2355/2371/2804
f 2355/2371/2804 2365/2380/2814 2366/2381/2815 2356/2372/2805
f 2356/2372/2805 2366/2381/2815 2367/2382/2816 2357/2373/2806
f 2357/2373/2806 2367/2382/2816 2368/2383/2817 2358/2374/2807
f 2358/2374/2807 2368/2383/2817 2369/2384/2818 2359/2375/2808
f 2359/2375/2808 2369/2384/2818 2370/2385/2819 2360/2376/2809
f 2360/2376/2809 2370/2385/2819 2371/2386/2820 2361/2377/2810
f 2361/2377/2810 2371/2386/2820 2372/2206/2615 2362/2205/2614
f 2226/2231/2811 2227/2233/2821 2373/2387/2822 2363/2378/2812
f 2363/2378/2812 2373/2387/2822 2374/2388/2823 2364/2379/2813
f 2364/2379/2813 2374/2388/2823 2375/2389/2824 2365/2380/2814
f 2365/2380/2814 2375/2389/2824 2376/2390/2825 2366/2381/2815
f 2366/2381/2815 2376/2390/2825 2377/2391/2826 2367/2382/2816
f 2367/2382/2816 2377/2391/2826 2378/2392/2827 2368/2383/2817
f 2368/2383/2817 2378/2392/2827 2379/2393/2828 2369/2384/2818
f 2369/2384/2818 2379/2393/2828 2380/2394/2829 2370/2385/2819
f 2370/2385/2819 2380/2394/2829 2381/2395/2830 2371/2386/2820
f 2371/2386/2820 2381/2395/2830 2382/2207/2616 2372/2206/2615
f 2227/2233/2821 2228/2235/2831 2383/2396/2832 2373/2387/2822
f 2373/2387/2822 2383/2396/2832 2384/2397/2833 2374/2388/2823
f 2374/2388/2823 2384/2397/2833 2385/2398/2834 2375/2389/2824
f 2375/2389/2824 2385/2398/2834 2386/2399/2835 2376/2390/2825
f 2376/2390/2825 2386/2399/2835 2387/2400/2836 2377/2391/2826
f 2377/2391/2826 2387/2400/2836 2388/2401/2837 2378/2392/2827
f 2378/2392/2827 2388/2401/2837 2389/2402/2838 2379/2393/2828
f 2379/2393/2828 2389/2402/2838 2390/2403/2839 2380/2394/2829
f 2380/2394/2829 2390/2403/2839 2391/2404/2840 2381/2395/2830
f 2381/2395/2830 2391/2404/2840 2392/2208/2617 2382/2207/2616
f 2228/2235/2831 2229/2237/2841 2393/2405/2842 2383/2396/2832
f 2383/2396/2832 2393/2405/2842 2394/2406/2843 2384/2397/2833
f 2384/2397/2833 2394/2406/2843 2395/2407/2844 2385/2398/2834
f 2385/2398/2834 2395/2407/2844 2396/2408/2845 2386/2399/2835
f 2386/2399/2835 2396/2408/2845 2397/2409/2846 2387/2400/2836
f 2387/2400/2836 2397/2409/2846 2398/2410/2847 2388/2401/2837
f 2388/2401/2837 2398/2410/2847 2399/2411/2848 2389/2402/2838
f 2389/2402/2838 2399/2411/2848 2400/2412/2849 2390/2403/2839
f 2390/2403/2839 2400/2412/2849 2401/2413/2850 2391/2404/2840
f 2391/2404/2840 2401/2413/2850 2402/2209/2618 2392/2208/2617
f 2229/2237/2841 2230/2239/2851 2403/2414/2852 2393/2405/2842
f 2393/2405/2842 2403/2414/2852 2404/2415/2853 2394/2406/2843
f 2394/2406/2843 2404/2415/2853 2405/2416/2854 2395/2407/2844
f 2395/2407/2844 2405/2416/2854 2406/2417/2855 2396/2408/2845
f 2396/2408/2845 2406/2417/2855 2407/2418/2856 2397/2409/2846
f 2397/2409/2846 2407/2418/2856 2408/2419/2857 2398/2410/2847
f 2398/2410/2847 2408/2419/2857 2409/2420/2858 2399/2411/2848
f 2399/2411/2848 2409/2420/2858 2410/2421/2859 2400/2412/2849
f 2400/2412/2849 2410/2421/2859 2411/2422/2860 2401/2413/2850
f 2401/2413/2850 2411/2422/2860 2412/2210/2619 2402/2209/2618
f 2230/2239/2851 2231/2241/2861 2413/2423/2862 2403/2414/2852
f 2403/2414/2852 2413/2423/2862 2414/2424/2863 2404/2415/2853
f 2404/2415/2853 2414/2424/2863 2415/2425/2864 2405/2416/2854
f 2405/2416/2854 2415/2425/2864 2416/2426/2865 2406/2417/2855
f 2406/2417/2855 2416/2426/2865 2417/2427/2866 2407/2418/2856
f 2407/2418/2856 2417/2427/2866 2418/2428/2867 2408/2419/2857
f 2408/2419/2857 2418/2428/2867 2419/2429/2868 2409/2420/2858
f 2409/2420/2858 2419/2429/2868 2420/2430/2869 2410/2421/2859
f 2410/2421/2859 2420/2430/2869 2421/2431/2870 2411/2422/2860
f 2411/2422/2860 2421/2431/2870 2422/2211/2620 2412/2210/2619
f 2231/2241/2861 2232/2243/2871 2423/2432/2872 2413/2423/2862
f 2413/2423/2862 2423/2432/2872 2424/2433/2873 2414/2424/2863
f 2414/2424/2863 2424/2433/2873 2425/2434/2874 2415/2425/2864
f 2415/2425/2864 2425/2434/2874 2426/2435/2875 2416/2426/2865
f 2416/2426/2865 2426/2435/2875 2427/2436/2876 2417/2427/2866
f 2417/2427/2866 2427/2436/2876 2428/2437/2877 2418/2428/2867
f 2418/2428/2867 2428/2437/2877 2429/2438/2878 2419/2429/2868
f 2419/2429/2868 2429/2438/2878 2430/2439/2879 2420/2430/2869
f 2420/2430/2869 2430/2439/2879 2431/2440/2880 2421/2431/2870
f 2421/2431/2870 2431/2440/2880 2432/2212/2621 2422/2211/2620
f 2232/2243/2871 2233/2245/2881 2433/2441/2882 2423/2432/2872
f 2423/2432/2872 2433/2441/2882 2434/2442/2883 2424/2433/2873
f 2424/2433/2873 2434/2442/2883 2435/2443/2884 2425/2434/2874
f 2425/2434/2874 2435/2443/2884 2436/2444/2885 2426/2435/2875
f 2426/2435/2875 2436/2444/2885 2437/2445/2886 2427/2436/2876
f 2427/2436/2876 2437/2445/2886 2438/2446/2887 2428/2437/2877
f 2428/2437/2877 2438/2446/2887 2439/2447/2888 2429/2438/2878
f 2429/2438/2878 2439/2447/2888 2440/2448/2889 2430/2439/2879
f 2430/2439/2879 2440/2448/2889 2441/2449/2890 2431/2440/2880
f 2431/2440/2880 2441/2449/2890 2442/2213/2622 2432/2212/2621
f 2233/2245/2881 2234/2247/2891 2443/2450/2892 2433/2441/2882
f 2433/2441/2882 2443/2450/2892 2444/2451/2893 2434/2442/2883
f 2434/2442/2883 2444/2451/2893 2445/2452/2894 2435/2443/2884
f 2435/2443/2884 2445/2452/2894 2446/2453/2895 2436/2444/2885
f 2436/2444/2885 2446/2453/2895 2447/2454/2896 2437/2445/2886
f 2437/2445/2886 2447/2454/2896 2448/2455/2897 2438/2446/2887
f 2438/2446/2887 2448/2455/2897 2449/2456/2898 2439/2447/2888
f 2439/2447/2888 2449/2456/2898 2450/2457/2899 2440/2448/2889
f 2440/2448/2889 2450/2457/2899 2451/2458/2900 2441/2449/2890
f 2441/2449/2890 2451/2458/2900 2452/2214/2623 2442/2213/2622
f 2234/2247/2891 2235/2249/2901 2453/2459/2902 2443/2450/2892
f 2443/2450/2892 2453/2459/2902 2454/2460/2903 2444/2451/2893
f 2444/2451/2893 2454/2460/2903 2455/2461/2904 2445/2452/2894
f 2445/2452/2894 2455/2461/2904 2456/2462/2905 2446/2453/2895
f 2446/2453/2895 2456/2462/2905 2457/2463/2906 2447/2454/2896
f 2447/2454/2896 2457/2463/2906 2458/2464/2907 2448/2455/2897
f 2448/2455/2897 2458/2464/2907 2459/2465/2908 2449/2456/2898
f 2449/2456/2898 2459/2465/2908 2460/2466/2909 2450/2457/2899
f 2450/2457/2899 2460/2466/2909 2461/2467/2910 2451/2458/2900
f 2451/2458/2900 2461/2467/2910 2462/2215/2624 2452/2214/2623
f 2235/2249/2901 2236/4268/2911 2463/4214/2912 2453/2459/2902
f 2453/2459/2902 2463/4214/2912 2464/4213/2913 2454/2460/2903
f 2454/2460/2903 2464/4213/2913 2465/4212/2914 2455/2461/2904
f 2455/2461/2904 2465/4212/2914 2466/4211/2915 2456/2462/2905
f 2456/2462/2905 2466/4211/2915 2467/4210/2916 2457/2463/2906
f 2457/2463/2906 2467/4210/2916 2468/4209/2917 2458/2464/2907
f 2458/2464/2907 2468/4209/2917 2469/4208/2918 2459/2465/2908
f 2459/2465/2908 2469/4208/2918 2470/4207/2919 2460/2466/2909
f 2460/2466/2909 2470/4207/2919 2471/4206/2920 2461/2467/2910
f 2461/2467/2910 2471/4206/2920 2472/4205/2625 2462/2215/2624
f 2236/2251/2911 2237/2253/2921 2473/2477/2922 2463/2468/2912
f 2463/2468/2912 2473/2477/2922 2474/2478/2923 2464/2469/2913
f 2464/2469/2913 2474/2478/2923 2475/2479/2924 2465/2470/2914
f 2465/2470/2914 2475/2479/2924 2476/2480/2925 2466/2471/2915
f 2466/2471/2915 2476/2480/2925 2477/2481/2926 2467/2472/2916
f 2467/2472/2916 2477/2481/2926 2478/2482/2927 2468/2473/2917
f 2468/2473/2917 2478/2482/2927 2479/2483/2928 2469/2474/2918
f 2469/2474/2918 2479/2483/2928 2480/2484/2929 2470/2475/2919
f 2470/2475/2919 2480/2484/2929 2481/2485/2930 2471/2476/2920
f 2471/2476/2920 2481/2485/2930 2482/2217/2626 2472/2216/2625
f 2237/2253/2921 2238/2255/2931 2483/2486/2932 2473/2477/2922
f 2473/2477/2922 2483/2486/2932 2484/2487/2933 2474/2478/2923
f 2474/2478/2923 2484/2487/2933 2485/2488/2934 2475/2479/2924
f 2475/2479/2924 2485/2488/2934 2486/2489/2935 2476/2480/2925
f 2476/2480/2925 2486/2489/2935 2487/2490/2936 2477/2481/2926
f 2477/2481/2926 2487/2490/2936 2488/2491/2937 2478/2482/2927
f 2478/2482/2927 2488/2491/2937 2489/2492/2938 2479/2483/2928
f 2479/2483/2928 2489/2492/2938 2490/2493/2939 2480/2484/2929
f 2480/2484/2929 2490/2493/2939 2491/2494/2940 2481/2485/2930
f 2481/2485/2930 2491/2494/2940 2492/2218/2627 2482/2217/2626
f 2238/2255/2931 2239/2257/2941 2493/2495/2942 2483/2486/2932
f 2483/2486/2932 2493/2495/2942 2494/2496/2943 2484/2487/2933
f 2484/2487/2933 2494/2496/2943 2495/2497/2944 2485/2488/2934
f 2485/2488/2934 2495/2497/2944 2496/2498/2945 2486/2489/2935
f 2486/2489/2935 2496/2498/2945 2497/2499/2946 2487/2490/2936
f 2487/2490/2936 2497/2499/2946 2498/2500/2947 2488/2491/2937
f 2488/2491/2937 2498/2500/2947 2499/2501/2948 2489/2492/2938
f 2489/2492/2938 2499/2501/2948 2500/2502/2949 2490/2493/2939
f 2490/2493/2939 2500/2502/2949 2501/2503/2950 2491/2494/2940
f 2491/2494/2940 2501/2503/2950 2502/2219/2628 2492/2218/2627
f 2239/2257/2941 2240/2259/2951 2503/2504/2952 2493/2495/2942
f 2493/2495/2942 2503/2504/2952 2504/2505/2953 2494/2496/2943
f 2494/2496/2943 2504/2505/2953 2505/2506/2954 2495/2497/2944
f 2495/2497/2944 2505/2506/2954 2506/2507/2955 2496/2498/2945
f 2496/2498/2945 2506/2507/2955 2507/2508/2956 2497/2499/2946
f 2497/2499/2946 2507/2508/2956 2508/2509/2957 2498/2500/2947
f 2498/2500/2947 2508/2509/2957 2509/2510/2958 2499/2501/2948
f 2499/2501/2948 2509/2510/2958 2510/2511/2959 2500/2502/2949
f 2500/2502/2949 2510/2511/2959 2511/2512/2960 2501/2503/2950
f 2501/2503/2950 2511/2512/2960 2512/2220/2629 2502/2219/2628
f 2240/2259/2951 2241/2261/2961 2513/2513/2962 2503/2504/2952
f 2503/2504/2952 2513/2513/2962 2514/2514/2963 2504/2505/2953
f 2504/2505/2953 2514/2514/2963 2515/2515/2964 2505/2506/2954
f 2505/2506/2954 2515/2515/2964 2516/2516/2965 2506/2507/2955
f 2506/2507/2955 2516/2516/2965 2517/2517/2966 2507/2508/2956
f 2507/2508/2956 2517/2517/2966 2518/2518/2967 2508/2509/2957
f 2508/2509/2957 2518/2518/2967 2519/2519/2968 2509/2510/2958
f 2509/2510/2958 2519/2519/2968 2520/2520/2969 2510/2511/2959
f 2510/2511/2959 2520/2520/2969 2521/2521/2970 2511/2512/2960
f 2511/2512/2960 2521/2521/2970 2522/2221/2630 2512/2220/2629
f 2241/2261/2961 2222/2225/2771 2322/2343/2774 2513/2513/2962
f 2513/2513/2962 2322/2343/2774 2323/2345/2776 2514/2514/2963
f 2514/2514/2963 2323/2345/2776 2324/2347/2778 2515/2515/2964
f 2515/2515/2964 2324/2347/2778 2325/2349/2780 2516/2516/2965
f 2516/2516/2965 2325/2349/2780 2326/2351/2782 2517/2517/2966
f 2517/2517/2966 2326/2351/2782 2327/2353/2784 2518/2518/2967
f 2518/2518/2967 2327/2353/2784 2328/2355/2786 2519/2519/2968
f 2519/2519/2968 2328/2355/2786 2329/2357/2788 2520/2520/2969
f 2520/2520/2969 2329/2357/2788 2330/2359/2790 2521/2521/2970
f 2521/2521/2970 2330/2359/2790 2331/2201/2610 2522/2221/2630
s 47
f 2652/2522/2971 2662/2523/2972 2663/2524/2973
f 2662/2523/2972 2673/2525/2974 2663/2524/2973
f 2673/2525/2974 2683/2526/2975 2663/2524/2973
f 2683/2526/2975 2693/2527/2976 2663/2524/2973
f 2693/2527/2976 2703/2528/2977 2663/2524/2973
f 2703/2528/2977 2713/2529/2978 2663/2524/2973
f 2713/2529/2978 2723/2530/2979 2663/2524/2973
f 2723/2530/2979 2733/2531/2980 2663/2524/2973
f 2733/2531/2980 2743/2532/2981 2663/2524/2973
f 2743/2532/2981 2753/2533/2982 2663/2524/2973
f 2753/2533/2982 2763/2534/2983 2663/2524/2973
f 2763/2534/2983 2773/2535/2984 2663/2524/2973
f 2773/2535/2984 2783/2536/2985 2663/2524/2973
f 2783/2536/2985 2793/4111/2986 2663/2524/2973
f 2793/2537/2986 2803/2538/2987 2663/2524/2973
f 2803/2538/2987 2813/2539/2988 2663/2524/2973
f 2813/2539/2988 2823/2540/2989 2663/2524/2973
f 2823/2540/2989 2833/2541/2990 2663/2524/2973
f 2833/2541/2990 2843/2542/2991 2663/2524/2973
f 2843/2542/2991 2652/2522/2971 2663/2524/2973
s 48
f 2523/3856/2992 2524/3874/2993 2544/3894/2994 2543/3876/2995
f 2524/3874/2993 2525/3873/2996 2545/3893/2997 2544/3894/2994
f 2525/3873/2996 2526/3872/2998 2546/3892/2999 2545/3893/2997
f 2526/3872/2998 2527/3871/3000 2547/3891/3001 2546/3892/2999
f 2527/3871/3000 2528/3870/3002 2548/3890/3003 2547/3891/3001
f 2528/3870/3002 2529/3869/3004 2549/3889/3005 2548/3890/3003
f 2529/3869/3004 2530/3868/3006 2550/3888/3007 2549/3889/3005
f 2530/3868/3006 2531/3867/3008 2551/3887/3009 2550/3888/3007
f 2531/3867/3008 2532/3866/3010 2552/3886/3011 2551/3887/3009
f 2532/3866/3010 2533/3865/3012 2553/3885/3013 2552/3886/3011
f 2533/3865/3012 2534/3864/3014 2554/3884/3015 2553/3885/3013
f 2534/3864/3014 2535/3863/3016 2555/3883/3017 2554/3884/3015
f 2535/3863/3016 2536/3862/3018 2556/3882/3019 2555/3883/3017
f 2536/3862/3018 2537/3861/3020 2557/4121/3021 2556/3882/3019
f 2537/4127/3020 2538/3860/3022 2558/3880/3023 2557/3881/3021
f 2538/3860/3022 2539/3859/3024 2559/3879/3025 2558/3880/3023
f 2539/3859/3024 2540/3858/3026 2560/3878/3027 2559/3879/3025
f 2540/3858/3026 2541/3857/3028 2561/3877/3029 2560/3878/3027
f 2541/3857/3028 2542/3855/3030 2562/3875/3031 2561/3877/3029
f 2542/3855/3030 2523/3856/2992 2543/3876/2995 2562/3875/3031
s 49
f 2566/3854/3032 2523/2543/3033 2542/2581/3034 2642/2584/3035
f 2565/2585/3036 2566/2583/3032 2642/3838/3035 2641/2586/3037
f 2563/2587/3038 2564/2588/3039 2640/2589/3040 2639/2590/3041
f 2564/2588/3039 2565/2585/3036 2641/2586/3037 2640/2589/3040
f 2523/2543/3033 2566/3854/3032 2570/3853/3042 2524/2544/3043
f 2566/2583/3032 2565/2585/3036 2569/2592/3044 2570/2591/3042
f 2565/2585/3036 2564/2588/3039 2568/2593/3045 2569/2592/3044
f 2564/2588/3039 2563/2587/3038 2567/2594/3046 2568/2593/3045
f 2524/2544/3043 2570/3853/3042 2574/3852/3047 2525/2547/3048
f 2570/2591/3042 2569/2592/3044 2573/2596/3049 2574/2595/3047
f 2569/2592/3044 2568/2593/3045 2572/2597/3050 2573/2596/3049
f 2568/2593/3045 2567/2594/3046 2571/2598/3051 2572/2597/3050
f 2525/2547/3048 2574/3852/3047 2578/3851/3052 2526/2549/3053
f 2574/2595/3047 2573/2596/3049 2577/2600/3054 2578/2599/3052
f 2573/2596/3049 2572/2597/3050 2576/2601/3055 2577/2600/3054
f 2572/2597/3050 2571/2598/3051 2575/2602/3056 2576/2601/3055
f 2526/2549/3053 2578/3851/3052 2582/3850/3057 2527/2551/3058
f 2578/2599/3052 2577/2600/3054 2581/2604/3059 2582/2603/3057
f 2577/2600/3054 2576/2601/3055 2580/2605/3060 2581/2604/3059
f 2576/2601/3055 2575/2602/3056 2579/2606/3061 2580/2605/3060
f 2527/2551/3058 2582/3850/3057 2586/3849/3062 2528/2553/3063
f 2582/2603/3057 2581/2604/3059 2585/2608/3064 2586/2607/3062
f 2581/2604/3059 2580/2605/3060 2584/2609/3065 2585/2608/3064
f 2580/2605/3060 2579/2606/3061 2583/2610/3066 2584/2609/3065
f 2528/2553/3063 2586/3849/3062 2590/3848/3067 2529/2555/3068
f 2586/2607/3062 2585/2608/3064 2589/2612/3069 2590/2611/3067
f 2585/2608/3064 2584/2609/3065 2588/2613/3070 2589/2612/3069
f 2584/2609/3065 2583/2610/3066 2587/2614/3071 2588/2613/3070
f 2529/2555/3068 2590/3848/3067 2594/4681/3072 2530/2557/3073
f 2590/2611/3067 2589/2612/3069 2593/2616/3074 2594/2615/3072
f 2589/2612/3069 2588/2613/3070 2592/2617/3075 2593/2616/3074
f 2588/2613/3070 2587/2614/3071 2591/2618/3076 2592/2617/3075
f 2530/2557/3073 2594/4681/3072 2598/4682/3077 2531/2559/3078
f 2594/2615/3072 2593/2616/3074 2597/2620/3079 2598/2619/3077
f 2593/2616/3074 2592/2617/3075 2596/2621/3080 2597/2620/3079
f 2592/2617/3075 2591/2618/3076 2595/2622/3081 2596/2621/3080
f 2531/2559/3078 2598/4682/3077 2602/3847/3082 2532/2561/3083
f 2598/2619/3077 2597/2620/3079 2601/2624/3084 2602/2623/3082
f 2597/2620/3079 2596/2621/3080 2600/2625/3085 2601/2624/3084
f 2596/2621/3080 2595/2622/3081 2599/2626/3086 2600/2625/3085
f 2532/2561/3083 2602/3847/3082 2606/3846/3087 2533/2563/3088
f 2602/2623/3082 2601/2624/3084 2605/2628/3089 2606/2627/3087
f 2601/2624/3084 2600/2625/3085 2604/2629/3090 2605/2628/3089
f 2600/2625/3085 2599/2626/3086 2603/2630/3091 2604/2629/3090
f 2533/2563/3088 2606/3846/3087 2610/3845/3092 2534/2565/3093
f 2606/2627/3087 2605/2628/3089 2609/2632/3094 2610/2631/3092
f 2605/2628/3089 2604/2629/3090 2608/2633/3095 2609/2632/3094
f 2604/2629/3090 2603/2630/3091 2607/2634/3096 2608/2633/3095
f 2534/2565/3093 2610/3845/3092 2614/3844/3097 2535/2567/3098
f 2610/2631/3092 2609/2632/3094 2613/2636/3099 2614/2635/3097
f 2609/2632/3094 2608/2633/3095 2612/2637/3100 2613/2636/3099
f 2608/2633/3095 2607/2634/3096 2611/2638/3101 2612/2637/3100
f 2535/2567/3098 2614/3844/3097 2618/3843/3102 2536/2569/3103
f 2614/2635/3097 2613/2636/3099 2617/2640/3104 2618/2639/3102
f 2613/2636/3099 2612/2637/3100 2616/2641/3105 2617/2640/3104
f 2612/2637/3100 2611/2638/3101 2615/2642/3106 2616/2641/3105
f 2536/2569/3103 2618/3843/3102 2622/3842/3107 2537/2571/3108
f 2618/2639/3102 2617/2640/3104 2621/4125/3109 2622/4126/3107
f 2617/2640/3104 2616/2641/3105 2620/4123/3110 2621/4125/3109
f 2616/2641/3105 2615/2642/3106 2619/2646/3111 2620/4123/3110
f 2537/4560/3108 2622/4561/3107 2626/3841/3112 2538/2573/3113
f 2622/2643/3107 2621/2644/3109 2625/2648/3114 2626/2647/3112
f 2621/2644/3109 2620/2645/3110 2624/2649/3115 2625/2648/3114
f 2620/2645/3110 2619/4124/3111 2623/2650/3116 2624/2649/3115
f 2538/2573/3113 2626/3841/3112 2630/3840/3117 2539/2575/3118
f 2626/2647/3112 2625/2648/3114 2629/2652/3119 2630/2651/3117
f 2625/2648/3114 2624/2649/3115 2628/2653/3120 2629/2652/3119
f 2624/2649/3115 2623/2650/3116 2627/2654/3121 2628/2653/3120
f 2539/2575/3118 2630/3840/3117 2634/3839/3122 2540/2577/3123
f 2630/2651/3117 2629/2652/3119 2633/2656/3124 2634/2655/3122
f 2629/2652/3119 2628/2653/3120 2632/2657/3125 2633/2656/3124
f 2628/2653/3120 2627/2654/3121 2631/2658/3126 2632/2657/3125
f 2540/2577/3123 2634/3839/3122 2638/3837/3127 2541/2579/3128
f 2634/2655/3122 2633/2656/3124 2637/2660/3129 2638/2659/3127
f 2633/2656/3124 2632/2657/3125 2636/2661/3130 2637/2660/3129
f 2632/2657/3125 2631/2658/3126 2635/2662/3131 2636/2661/3130
f 2541/2579/3128 2638/3837/3127 2642/2584/3035 2542/2581/3034
f 2638/2659/3127 2637/2660/3129 2641/2586/3037 2642/3838/3035
f 2637/2660/3129 2636/2661/3130 2640/2589/3040 2641/2586/3037
f 2636/2661/3130 2635/2662/3131 2639/2590/3041 2640/2589/3040
s 47
f 2543/2546/3132 2544/2545/3133 2653/2663/3134 2643/2664/3135
f 2643/2664/3135 2653/2663/3134 2654/2665/3136 2644/2666/3137
f 2644/2666/3137 2654/2665/3136 2655/2667/3138 2645/2668/3139
f 2645/2668/3139 2655/2667/3138 2656/2669/3140 2646/2670/3141
f 2646/2670/3141 2656/2669/3140 2657/2671/3142 2647/2672/3143
f 2647/2672/3143 2657/2671/3142 2658/2673/3144 2648/2674/3145
f 2648/2674/3145 2658/2673/3144 2659/2675/3146 2649/2676/3147
f 2649/2676/3147 2659/2675/3146 2660/2677/3148 2650/2678/3149
f 2650/2678/3149 2660/2677/3148 2661/2679/3150 2651/2680/3151
f 2651/2680/3151 2661/2679/3150 2662/2523/2972 2652/2522/2971
f 2544/2545/3133 2545/2548/3152 2664/2681/3153 2653/2663/3134
f 2653/2663/3134 2664/2681/3153 2665/2682/3154 2654/2665/3136
f 2654/2665/3136 2665/2682/3154 2666/2683/3155 2655/2667/3138
f 2655/2667/3138 2666/2683/3155 2667/2684/3156 2656/2669/3140
f 2656/2669/3140 2667/2684/3156 2668/2685/3157 2657/2671/3142
f 2657/2671/3142 2668/2685/3157 2669/2686/3158 2658/2673/3144
f 2658/2673/3144 2669/2686/3158 2670/2687/3159 2659/2675/3146
f 2659/2675/3146 2670/2687/3159 2671/2688/3160 2660/2677/3148
f 2660/2677/3148 2671/2688/3160 2672/2689/3161 2661/2679/3150
f 2661/2679/3150 2672/2689/3161 2673/2525/2974 2662/2523/2972
f 2545/2548/3152 2546/2550/3162 2674/2690/3163 2664/2681/3153
f 2664/2681/3153 2674/2690/3163 2675/2691/3164 2665/2682/3154
f 2665/2682/3154 2675/2691/3164 2676/2692/3165 2666/2683/3155
f 2666/2683/3155 2676/2692/3165 2677/2693/3166 2667/2684/3156
f 2667/2684/3156 2677/2693/3166 2678/2694/3167 2668/2685/3157
f 2668/2685/3157 2678/2694/3167 2679/2695/3168 2669/2686/3158
f 2669/2686/3158 2679/2695/3168 2680/2696/3169 2670/2687/3159
f 2670/2687/3159 2680/2696/3169 2681/2697/3170 2671/2688/3160
f 2671/2688/3160 2681/2697/3170 2682/2698/3171 2672/2689/3161
f 2672/2689/3161 2682/2698/3171 2683/2526/2975 2673/2525/2974
f 2546/2550/3162 2547/2552/3172 2684/2699/3173 2674/2690/3163
f 2674/2690/3163 2684/2699/3173 2685/2700/3174 2675/2691/3164
f 2675/2691/3164 2685/2700/3174 2686/2701/3175 2676/2692/3165
f 2676/2692/3165 2686/2701/3175 2687/2702/3176 2677/2693/3166
f 2677/2693/3166 2687/2702/3176 2688/2703/3177 2678/2694/3167
f 2678/2694/3167 2688/2703/3177 2689/2704/3178 2679/2695/3168
f 2679/2695/3168 2689/2704/3178 2690/2705/3179 2680/2696/3169
f 2680/2696/3169 2690/2705/3179 2691/2706/3180 2681/2697/3170
f 2681/2697/3170 2691/2706/3180 2692/2707/3181 2682/2698/3171
f 2682/2698/3171 2692/2707/3181 2693/2527/2976 2683/2526/2975
f 2547/2552/3172 2548/2554/3182 2694/2708/3183 2684/2699/3173
f 2684/2699/3173 2694/2708/3183 2695/2709/3184 2685/2700/3174
f 2685/2700/3174 2695/2709/3184 2696/2710/3185 2686/2701/3175
f 2686/2701/3175 2696/2710/3185 2697/2711/3186 2687/2702/3176
f 2687/2702/3176 2697/2711/3186 2698/2712/3187 2688/2703/3177
f 2688/2703/3177 2698/2712/3187 2699/2713/3188 2689/2704/3178
f 2689/2704/3178 2699/2713/3188 2700/2714/3189 2690/2705/3179
f 2690/2705/3179 2700/2714/3189 2701/2715/3190 2691/2706/3180
f 2691/2706/3180 2701/2715/3190 2702/2716/3191 2692/2707/3181
f 2692/2707/3181 2702/2716/3191 2703/2528/2977 2693/2527/2976
f 2548/2554/3182 2549/2556/3192 2704/2717/3193 2694/2708/3183
f 2694/2708/3183 2704/2717/3193 2705/2718/3194 2695/2709/3184
f 2695/2709/3184 2705/2718/3194 2706/2719/3195 2696/2710/3185
f 2696/2710/3185 2706/2719/3195 2707/2720/3196 2697/2711/3186
f 2697/2711/3186 2707/2720/3196 2708/2721/3197 2698/2712/3187
f 2698/2712/3187 2708/2721/3197 2709/2722/3198 2699/2713/3188
f 2699/2713/3188 2709/2722/3198 2710/2723/3199 2700/2714/3189
f 2700/2714/3189 2710/2723/3199 2711/2724/3200 2701/2715/3190
f 2701/2715/3190 2711/2724/3200 2712/2725/3201 2702/2716/3191
f 2702/2716/3191 2712/2725/3201 2713/2529/2978 2703/2528/2977
f 2549/2556/3192 2550/2558/3202 2714/2726/3203 2704/2717/3193
f 2704/2717/3193 2714/2726/3203 2715/2727/3204 2705/2718/3194
f 2705/2718/3194 2715/2727/3204 2716/2728/3205 2706/2719/3195
f 2706/2719/3195 2716/2728/3205 2717/2729/3206 2707/2720/3196
f 2707/2720/3196 2717/2729/3206 2718/2730/3207 2708/2721/3197
f 2708/2721/3197 2718/2730/3207 2719/2731/3208 2709/2722/3198
f 2709/2722/3198 2719/2731/3208 2720/2732/3209 2710/2723/3199
f 2710/2723/3199 2720/2732/3209 2721/2733/3210 2711/2724/3200
f 2711/2724/3200 2721/2733/3210 2722/2734/3211 2712/2725/3201
f 2712/2725/3201 2722/2734/3211 2723/2530/2979 2713/2529/2978
f 2550/2558/3202 2551/2560/3212 2724/2735/3213 2714/2726/3203
f 2714/2726/3203 2724/2735/3213 2725/2736/3214 2715/2727/3204
f 2715/2727/3204 2725/2736/3214 2726/2737/3215 2716/2728/3205
f 2716/2728/3205 2726/2737/3215 2727/2738/3216 2717/2729/3206
f 2717/2729/3206 2727/2738/3216 2728/2739/3217 2718/2730/3207
f 2718/2730/3207 2728/2739/3217 2729/2740/3218 2719/2731/3208
f 2719/2731/3208 2729/2740/3218 2730/2741/3219 2720/2732/3209
f 2720/2732/3209 2730/2741/3219 2731/2742/3220 2721/2733/3210
f 2721/2733/3210 2731/2742/3220 2732/2743/3221 2722/2734/3211
f 2722/2734/3211 2732/2743/3221 2733/2531/2980 2723/2530/2979
f 2551/2560/3212 2552/2562/3222 2734/2744/3223 2724/2735/3213
f 2724/2735/3213 2734/2744/3223 2735/2745/3224 2725/2736/3214
f 2725/2736/3214 2735/2745/3224 2736/2746/3225 2726/2737/3215
f 2726/2737/3215 2736/2746/3225 2737/2747/3226 2727/2738/3216
f 2727/2738/3216 2737/2747/3226 2738/2748/3227 2728/2739/3217
f 2728/2739/3217 2738/2748/3227 2739/2749/3228 2729/2740/3218
f 2729/2740/3218 2739/2749/3228 2740/2750/3229 2730/2741/3219
f 2730/2741/3219 2740/2750/3229 2741/2751/3230 2731/2742/3220
f 2731/2742/3220 2741/2751/3230 2742/2752/3231 2732/2743/3221
f 2732/2743/3221 2742/2752/3231 2743/2532/2981 2733/2531/2980
f 2552/2562/3222 2553/2564/3232 2744/2753/3233 2734/2744/3223
f 2734/2744/3223 2744/2753/3233 2745/2754/3234 2735/2745/3224
f 2735/2745/3224 2745/2754/3234 2746/2755/3235 2736/2746/3225
f 2736/2746/3225 2746/2755/3235 2747/2756/3236 2737/2747/3226
f 2737/2747/3226 2747/2756/3236 2748/2757/3237 2738/2748/3227
f 2738/2748/3227 2748/2757/3237 2749/2758/3238 2739/2749/3228
f 2739/2749/3228 2749/2758/3238 2750/2759/3239 2740/2750/3229
f 2740/2750/3229 2750/2759/3239 2751/2760/3240 2741/2751/3230
f 2741/2751/3230 2751/2760/3240 2752/2761/3241 2742/2752/3231
f 2742/2752/3231 2752/2761/3241 2753/2533/2982 2743/2532/2981
f 2553/2564/3232 2554/2566/3242 2754/2762/3243 2744/2753/3233
f 2744/2753/3233 2754/2762/3243 2755/2763/3244 2745/2754/3234
f 2745/2754/3234 2755/2763/3244 2756/2764/3245 2746/2755/3235
f 2746/2755/3235 2756/2764/3245 2757/2765/3246 2747/2756/3236
f 2747/2756/3236 2757/2765/3246 2758/2766/3247 2748/2757/3237
f 2748/2757/3237 2758/2766/3247 2759/2767/3248 2749/2758/3238
f 2749/2758/3238 2759/2767/3248 2760/2768/3249 2750/2759/3239
f 2750/2759/3239 2760/2768/3249 2761/2769/3250 2751/2760/3240
f 2751/2760/3240 2761/2769/3250 2762/2770/3251 2752/2761/3241
f 2752/2761/3241 2762/2770/3251 2763/2534/2983 2753/2533/2982
f 2554/2566/3242 2555/2568/3252 2764/2771/3253 2754/2762/3243
f 2754/2762/3243 2764/2771/3253 2765/2772/3254 2755/2763/3244
f 2755/2763/3244 2765/2772/3254 2766/2773/3255 2756/2764/3245
f 2756/2764/3245 2766/2773/3255 2767/2774/3256 2757/2765/3246
f 2757/2765/3246 2767/2774/3256 2768/2775/3257 2758/2766/3247
f 2758/2766/3247 2768/2775/3257 2769/2776/3258 2759/2767/3248
f 2759/2767/3248 2769/2776/3258 2770/2777/3259 2760/2768/3249
f 2760/2768/3249 2770/2777/3259 2771/2778/3260 2761/2769/3250
f 2761/2769/3250 2771/2778/3260 2772/2779/3261 2762/2770/3251
f 2762/2770/3251 2772/2779/3261 2773/2535/2984 2763/2534/2983
f 2555/2568/3252 2556/2570/3262 2774/2780/3263 2764/2771/3253
f 2764/2771/3253 2774/2780/3263 2775/2781/3264 2765/2772/3254
f 2765/2772/3254 2775/2781/3264 2776/2782/3265 2766/2773/3255
f 2766/2773/3255 2776/2782/3265 2777/2783/3266 2767/2774/3256
f 2767/2774/3256 2777/2783/3266 2778/2784/3267 2768/2775/3257
f 2768/2775/3257 2778/2784/3267 2779/2785/3268 2769/2776/3258
f 2769/2776/3258 2779/2785/3268 2780/2786/3269 2770/2777/3259
f 2770/2777/3259 2780/2786/3269 2781/2787/3270 2771/2778/3260
f 2771/2778/3260 2781/2787/3270 2782/2788/3271 2772/2779/3261
f 2772/2779/3261 2782/2788/3271 2783/2536/2985 2773/2535/2984
f 2556/2570/3262 2557/4122/3272 2784/4120/3273 2774/2780/3263
f 2774/2780/3263 2784/4120/3273 2785/4119/3274 2775/2781/3264
f 2775/2781/3264 2785/4119/3274 2786/4118/3275 2776/2782/3265
f 2776/2782/3265 2786/4118/3275 2787/4117/3276 2777/2783/3266
f 2777/2783/3266 2787/4117/3276 2788/4116/3277 2778/2784/3267
f 2778/2784/3267 2788/4116/3277 2789/4115/3278 2779/2785/3268
f 2779/2785/3268 2789/4115/3278 2790/4114/3279 2780/2786/3269
f 2780/2786/3269 2790/4114/3279 2791/4113/3280 2781/2787/3270
f 2781/2787/3270 2791/4113/3280 2792/4112/3281 2782/2788/3271
f 2782/2788/3271 2792/4112/3281 2793/4111/2986 2783/2536/2985
f 2557/2572/3272 2558/2574/3282 2794/2798/3283 2784/2789/3273
f 2784/2789/3273 2794/2798/3283 2795/2799/3284 2785/2790/3274
f 2785/2790/3274 2795/2799/3284 2796/2800/3285 2786/2791/3275
f 2786/2791/3275 2796/2800/3285 2797/2801/3286 2787/2792/3276
f 2787/2792/3276 2797/2801/3286 2798/2802/3287 2788/2793/3277
f 2788/2793/3277 2798/2802/3287 2799/2803/3288 2789/2794/3278
f 2789/2794/3278 2799/2803/3288 2800/2804/3289 2790/2795/3279
f 2790/2795/3279 2800/2804/3289 2801/2805/3290 2791/2796/3280
f 2791/2796/3280 2801/2805/3290 2802/2806/3291 2792/2797/3281
f 2792/2797/3281 2802/2806/3291 2803/2538/2987 2793/2537/2986
f 2558/2574/3282 2559/2576/3292 2804/2807/3293 2794/2798/3283
f 2794/2798/3283 2804/2807/3293 2805/2808/3294 2795/2799/3284
f 2795/2799/3284 2805/2808/3294 2806/2809/3295 2796/2800/3285
f 2796/2800/3285 2806/2809/3295 2807/2810/3296 2797/2801/3286
f 2797/2801/3286 2807/2810/3296 2808/2811/3297 2798/2802/3287
f 2798/2802/3287 2808/2811/3297 2809/2812/3298 2799/2803/3288
f 2799/2803/3288 2809/2812/3298 2810/2813/3299 2800/2804/3289
f 2800/2804/3289 2810/2813/3299 2811/2814/3300 2801/2805/3290
f 2801/2805/3290 2811/2814/3300 2812/2815/3301 2802/2806/3291
f 2802/2806/3291 2812/2815/3301 2813/2539/2988 2803/2538/2987
f 2559/2576/3292 2560/2578/3302 2814/2816/3303 2804/2807/3293
f 2804/2807/3293 2814/2816/3303 2815/2817/3304 2805/2808/3294
f 2805/2808/3294 2815/2817/3304 2816/2818/3305 2806/2809/3295
f 2806/2809/3295 2816/2818/3305 2817/2819/3306 2807/2810/3296
f 2807/2810/3296 2817/2819/3306 2818/2820/3307 2808/2811/3297
f 2808/2811/3297 2818/2820/3307 2819/2821/3308 2809/2812/3298
f 2809/2812/3298 2819/2821/3308 2820/2822/3309 2810/2813/3299
f 2810/2813/3299 2820/2822/3309 2821/2823/3310 2811/2814/3300
f 2811/2814/3300 2821/2823/3310 2822/2824/3311 2812/2815/3301
f 2812/2815/3301 2822/2824/3311 2823/2540/2989 2813/2539/2988
f 2560/2578/3302 2561/2580/3312 2824/2825/3313 2814/2816/3303
f 2814/2816/3303 2824/2825/3313 2825/2826/3314 2815/2817/3304
f 2815/2817/3304 2825/2826/3314 2826/2827/3315 2816/2818/3305
f 2816/2818/3305 2826/2827/3315 2827/2828/3316 2817/2819/3306
f 2817/2819/3306 2827/2828/3316 2828/2829/3317 2818/2820/3307
f 2818/2820/3307 2828/2829/3317 2829/2830/3318 2819/2821/3308
f 2819/2821/3308 2829/2830/3318 2830/2831/3319 2820/2822/3309
f 2820/2822/3309 2830/2831/3319 2831/2832/3320 2821/2823/3310
f 2821/2823/3310 2831/2832/3320 2832/2833/3321 2822/2824/3311
f 2822/2824/3311 2832/2833/3321 2833/2541/2990 2823/2540/2989
f 2561/2580/3312 2562/2582/3322 2834/2834/3323 2824/2825/3313
f 2824/2825/3313 2834/2834/3323 2835/2835/3324 2825/2826/3314
f 2825/2826/3314 2835/2835/3324 2836/2836/3325 2826/2827/3315
f 2826/2827/3315 2836/2836/3325 2837/2837/3326 2827/2828/3316
f 2827/2828/3316 2837/2837/3326 2838/2838/3327 2828/2829/3317
f 2828/2829/3317 2838/2838/3327 2839/2839/3328 2829/2830/3318
f 2829/2830/3318 2839/2839/3328 2840/2840/3329 2830/2831/3319
f 2830/2831/3319 2840/2840/3329 2841/2841/3330 2831/2832/3320
f 2831/2832/3320 2841/2841/3330 2842/2842/3331 2832/2833/3321
f 2832/2833/3321 2842/2842/3331 2843/2542/2991 2833/2541/2990
f 2562/2582/3322 2543/2546/3132 2643/2664/3135 2834/2834/3323
f 2834/2834/3323 2643/2664/3135 2644/2666/3137 2835/2835/3324
f 2835/2835/3324 2644/2666/3137 2645/2668/3139 2836/2836/3325
f 2836/2836/3325 2645/2668/3139 2646/2670/3141 2837/2837/3326
f 2837/2837/3326 2646/2670/3141 2647/2672/3143 2838/2838/3327
f 2838/2838/3327 2647/2672/3143 2648/2674/3145 2839/2839/3328
f 2839/2839/3328 2648/2674/3145 2649/2676/3147 2840/2840/3329
f 2840/2840/3329 2649/2676/3147 2650/2678/3149 2841/2841/3330
f 2841/2841/3330 2650/2678/3149 2651/2680/3151 2842/2842/3331
f 2842/2842/3331 2651/2680/3151 2652/2522/2971 2843/2542/2991
s off
f 2844/2843/3332 2845/2844/3333 2847/3951/3334 2846/2846/3335
f 2848/3950/3336 2849/2848/3337 2851/2849/3338 2850/2850/3339
f 2850/2850/3340 2851/2849/3341 2845/2844/3342 2844/2843/3343
f 2845/2844/3344 2851/2849/3345 2849/3949/3346 2847/2845/3347
f 2850/2850/3348 2844/2843/3349 2846/3952/3350 2848/2847/3351
s 52
f 2852/3985/3352 2872/2852/3353 2873/2853/3354 2853/4000/3355
f 2853/4000/3355 2873/2853/3354 2874/2855/3356 2854/3999/3357
f 2854/3999/3357 2874/2855/3356 2875/2857/3358 2855/3998/3359
f 2855/3998/3359 2875/2857/3358 2876/2859/3360 2856/3997/3361
f 2856/3997/3361 2876/2859/3360 2877/2861/3362 2857/3996/3363
f 2857/3996/3363 2877/2861/3362 2878/2863/3364 2858/3995/3365
f 2858/3995/3365 2878/2863/3364 2879/2865/3366 2859/3982/3367
f 2859/4684/3367 2879/3983/3366 2880/2867/3368 2860/4685/3369
f 2860/4685/3369 2880/2867/3368 2881/2869/3370 2861/3994/3371
f 2861/3994/3371 2881/2869/3370 2882/2871/3372 2862/3993/3373
f 2862/3993/3373 2882/2871/3372 2883/2873/3374 2863/3992/3375
f 2863/3992/3375 2883/2873/3374 2884/2875/3376 2864/3981/3377
f 2864/3981/3377 2884/2875/3376 2885/2877/3378 2865/3991/3379
f 2865/3991/3379 2885/2877/3378 2886/2879/3380 2866/3990/3381
f 2866/3990/3381 2886/2879/3380 2887/2881/3382 2867/3989/3383
f 2867/3989/3383 2887/2881/3382 2888/2883/3384 2868/3988/3385
f 2868/3988/3385 2888/2883/3384 2889/2885/3386 2869/3987/3387
f 2869/3987/3387 2889/2885/3386 2890/2887/3388 2870/3986/3389
f 2870/3986/3389 2890/2887/3388 2891/2889/3390 2871/3984/3391
f 2871/3984/3391 2891/2889/3390 2872/2852/3353 2852/3985/3352
s 53
f 2853/2854/3392 2892/2891/3393 2852/2851/3394
f 2854/2856/3395 2892/2891/3393 2853/2854/3392
f 2855/2858/3396 2892/2891/3393 2854/2856/3395
f 2856/2860/3397 2892/2891/3393 2855/2858/3396
f 2857/2862/3398 2892/2891/3393 2856/2860/3397
f 2858/2864/3399 2892/2891/3393 2857/2862/3398
f 2859/2866/3400 2892/2891/3393 2858/2864/3399
f 2860/2868/3401 2892/2891/3393 2859/2866/3400
f 2861/2870/3402 2892/2891/3393 2860/2868/3401
f 2862/2872/3403 2892/2891/3393 2861/2870/3402
f 2863/2874/3404 2892/2891/3393 2862/2872/3403
f 2864/2876/3405 2892/2891/3393 2863/2874/3404
f 2865/2878/3406 2892/2891/3393 2864/2876/3405
f 2866/2880/3407 2892/2891/3393 2865/2878/3406
f 2867/2882/3408 2892/2891/3393 2866/2880/3407
f 2868/2884/3409 2892/2891/3393 2867/2882/3408
f 2869/2886/3410 2892/2891/3393 2868/2884/3409
f 2870/2888/3411 2892/2891/3393 2869/2886/3410
f 2871/2890/3412 2892/2891/3393 2870/2888/3411
f 2852/2851/3394 2892/2891/3393 2871/2890/3412
s off
f 2893/2892/3413 2894/2893/3414 2896/3777/3415 2895/2895/3416
f 2897/3776/3417 2898/2897/3418 2900/2898/3419 2899/2899/3420
f 2899/2899/3421 2900/2898/3422 2894/2893/3423 2893/2892/3424
f 2894/2893/3425 2900/2898/3426 2898/3775/3427 2896/2894/3428
f 2899/2899/3429 2893/2892/3430 2895/3778/3431 2897/2896/3432
s 54
f 3030/2900/3433 3040/2901/3434 3041/2902/3435
f 3040/2901/3434 3051/2903/3436 3041/2902/3435
f 3051/2903/3436 3061/2904/3437 3041/2902/3435
f 3061/2904/3437 3071/2905/3438 3041/2902/3435
f 3071/2905/3438 3081/2906/3439 3041/2902/3435
f 3081/2906/3439 3091/2907/3440 3041/2902/3435
f 3091/2907/3440 3101/2908/3441 3041/2902/3435
f 3101/2908/3441 3111/2909/3442 3041/2902/3435
f 3111/2909/3442 3121/2910/3443 3041/2902/3435
f 3121/2910/3443 3131/2911/3444 3041/2902/3435
f 3131/2911/3444 3141/2912/3445 3041/2902/3435
f 3141/2912/3445 3151/2913/3446 3041/2902/3435
f 3151/2913/3446 3161/2914/3447 3041/2902/3435
f 3161/2914/3447 3171/4097/3448 3041/2902/3435
f 3171/2915/3448 3181/2916/3449 3041/2902/3435
f 3181/2916/3449 3191/2917/3450 3041/2902/3435
f 3191/2917/3450 3201/2918/3451 3041/2902/3435
f 3201/2918/3451 3211/2919/3452 3041/2902/3435
f 3211/2919/3452 3221/2920/3453 3041/2902/3435
f 3221/2920/3453 3030/2900/3433 3041/2902/3435
s 55
f 2901/4617/3454 2902/4636/3455 2922/4615/3456 2921/4596/3457
f 2902/4636/3455 2903/4635/3458 2923/4614/3459 2922/4615/3456
f 2903/4635/3458 2904/4634/3460 2924/4613/3461 2923/4614/3459
f 2904/4634/3460 2905/4633/3462 2925/4612/3463 2924/4613/3461
f 2905/4633/3462 2906/4632/3464 2926/4611/3465 2925/4612/3463
f 2906/4632/3464 2907/4631/3466 2927/4610/3467 2926/4611/3465
f 2907/4631/3466 2908/4630/3468 2928/4609/3469 2927/4610/3467
f 2908/4630/3468 2909/4629/3470 2929/4608/3471 2928/4609/3469
f 2909/4629/3470 2910/4628/3472 2930/4607/3473 2929/4608/3471
f 2910/4628/3472 2911/4627/3474 2931/4606/3475 2930/4607/3473
f 2911/4627/3474 2912/4626/3476 2932/4605/3477 2931/4606/3475
f 2912/4626/3476 2913/4625/3478 2933/4604/3479 2932/4605/3477
f 2913/4625/3478 2914/4624/3480 2934/4603/3481 2933/4604/3479
f 2914/4624/3480 2915/4622/3482 2935/4107/3483 2934/4603/3481
f 2915/4558/3482 2916/4621/3484 2936/4600/3485 2935/4601/3483
f 2916/4621/3484 2917/4620/3486 2937/4599/3487 2936/4600/3485
f 2917/4620/3486 2918/4619/3488 2938/4598/3489 2937/4599/3487
f 2918/4619/3488 2919/4618/3490 2939/4597/3491 2938/4598/3489
f 2919/4618/3490 2920/4616/3492 2940/4595/3493 2939/4597/3491
f 2920/4616/3492 2901/4617/3454 2921/4596/3457 2940/4595/3493
s 56
f 2944/4594/3494 2901/2921/3495 2920/2959/3496 3020/2962/3497
f 2943/2963/3498 2944/2961/3494 3020/4575/3497 3019/2964/3499
f 2941/2965/3500 2942/2966/3501 3018/2967/3502 3017/2968/3503
f 2942/2966/3501 2943/2963/3498 3019/2964/3499 3018/2967/3502
f 2901/2921/3495 2944/4594/3494 2948/4593/3504 2902/2922/3505
f 2944/2961/3494 2943/2963/3498 2947/2970/3506 2948/2969/3504
f 2943/2963/3498 2942/2966/3501 2946/2971/3507 2947/2970/3506
f 2942/2966/3501 2941/2965/3500 2945/2972/3508 2946/2971/3507
f 2902/2922/3505 2948/4593/3504 2952/4592/3509 2903/2925/3510
f 2948/2969/3504 2947/2970/3506 2951/2974/3511 2952/2973/3509
f 2947/2970/3506 2946/2971/3507 2950/2975/3512 2951/2974/3511
f 2946/2971/3507 2945/2972/3508 2949/2976/3513 2950/2975/3512
f 2903/2925/3510 2952/4592/3509 2956/4591/3514 2904/2927/3515
f 2952/2973/3509 2951/2974/3511 2955/2978/3516 2956/2977/3514
f 2951/2974/3511 2950/2975/3512 2954/2979/3517 2955/2978/3516
f 2950/2975/3512 2949/2976/3513 2953/2980/3518 2954/2979/3517
f 2904/2927/3515 2956/4591/3514 2960/4590/3519 2905/2929/3520
f 2956/2977/3514 2955/2978/3516 2959/2982/3521 2960/2981/3519
f 2955/2978/3516 2954/2979/3517 2958/2983/3522 2959/2982/3521
f 2954/2979/3517 2953/2980/3518 2957/2984/3523 2958/2983/3522
f 2905/2929/3520 2960/4590/3519 2964/4589/3524 2906/2931/3525
f 2960/2981/3519 2959/2982/3521 2963/2986/3526 2964/2985/3524
f 2959/2982/3521 2958/2983/3522 2962/2987/3527 2963/2986/3526
f 2958/2983/3522 2957/2984/3523 2961/2988/3528 2962/2987/3527
f 2906/2931/3525 2964/4589/3524 2968/4588/3529 2907/2933/3530
f 2964/2985/3524 2963/2986/3526 2967/2990/3531 2968/2989/3529
f 2963/2986/3526 2962/2987/3527 2966/2991/3532 2967/2990/3531
f 2962/2987/3527 2961/2988/3528 2965/2992/3533 2966/2991/3532
f 2907/2933/3530 2968/4588/3529 2972/4587/3534 2908/2935/3535
f 2968/2989/3529 2967/2990/3531 2971/2994/3536 2972/2993/3534
f 2967/2990/3531 2966/2991/3532 2970/2995/3537 2971/2994/3536
f 2966/2991/3532 2965/2992/3533 2969/2996/3538 2970/2995/3537
f 2908/2935/3535 2972/4587/3534 2976/4586/3539 2909/2937/3540
f 2972/2993/3534 2971/2994/3536 2975/2998/3541 2976/2997/3539
f 2971/2994/3536 2970/2995/3537 2974/2999/3542 2975/2998/3541
f 2970/2995/3537 2969/2996/3538 2973/3000/3543 2974/2999/3542
f 2909/2937/3540 2976/4586/3539 2980/4585/3544 2910/2939/3545
f 2976/2997/3539 2975/2998/3541 2979/3002/3546 2980/3001/3544
f 2975/2998/3541 2974/2999/3542 2978/3003/3547 2979/3002/3546
f 2974/2999/3542 2973/3000/3543 2977/3004/3548 2978/3003/3547
f 2910/2939/3545 2980/4585/3544 2984/4584/3549 2911/2941/3550
f 2980/3001/3544 2979/3002/3546 2983/3006/3551 2984/3005/3549
f 2979/3002/3546 2978/3003/3547 2982/3007/3552 2983/3006/3551
f 2978/3003/3547 2977/3004/3548 2981/3008/3553 2982/3007/3552
f 2911/2941/3550 2984/4584/3549 2988/4583/3554 2912/2943/3555
f 2984/3005/3549 2983/3006/3551 2987/3010/3556 2988/3009/3554
f 2983/3006/3551 2982/3007/3552 2986/3011/3557 2987/3010/3556
f 2982/3007/3552 2981/3008/3553 2985/3012/3558 2986/3011/3557
f 2912/2943/3555 2988/4583/3554 2992/4582/3559 2913/2945/3560
f 2988/3009/3554 2987/3010/3556 2991/3014/3561 2992/3013/3559
f 2987/3010/3556 2986/3011/3557 2990/3015/3562 2991/3014/3561
f 2986/3011/3557 2985/3012/3558 2989/3016/3563 2990/3015/3562
f 2913/2945/3560 2992/4582/3559 2996/4581/3564 2914/2947/3565
f 2992/3013/3559 2991/3014/3561 2995/3018/3566 2996/3017/3564
f 2991/3014/3561 2990/3015/3562 2994/3019/3567 2995/3018/3566
f 2990/3015/3562 2989/3016/3563 2993/3020/3568 2994/3019/3567
f 2914/2947/3565 2996/4581/3564 3000/4579/3569 2915/2949/3570
f 2996/3017/3564 2995/3018/3566 2999/4110/3571 3000/4559/3569
f 2995/3018/3566 2994/3019/3567 2998/4108/3572 2999/4110/3571
f 2994/3019/3567 2993/3020/3568 2997/3024/3573 2998/4108/3572
f 2915/4623/3570 3000/4580/3569 3004/4578/3574 2916/2951/3575
f 3000/3021/3569 2999/3022/3571 3003/3026/3576 3004/3025/3574
f 2999/3022/3571 2998/3023/3572 3002/3027/3577 3003/3026/3576
f 2998/3023/3572 2997/4109/3573 3001/3028/3578 3002/3027/3577
f 2916/2951/3575 3004/4578/3574 3008/4577/3579 2917/2953/3580
f 3004/3025/3574 3003/3026/3576 3007/3030/3581 3008/3029/3579
f 3003/3026/3576 3002/3027/3577 3006/3031/3582 3007/3030/3581
f 3002/3027/3577 3001/3028/3578 3005/3032/3583 3006/3031/3582
f 2917/2953/3580 3008/4577/3579 3012/4576/3584 2918/2955/3585
f 3008/3029/3579 3007/3030/3581 3011/3034/3586 3012/3033/3584
f 3007/3030/3581 3006/3031/3582 3010/3035/3587 3011/3034/3586
f 3006/3031/3582 3005/3032/3583 3009/3036/3588 3010/3035/3587
f 2918/2955/3585 3012/4576/3584 3016/4574/3589 2919/2957/3590
f 3012/3033/3584 3011/3034/3586 3015/3038/3591 3016/3037/3589
f 3011/3034/3586 3010/3035/3587 3014/3039/3592 3015/3038/3591
f 3010/3035/3587 3009/3036/3588 3013/3040/3593 3014/3039/3592
f 2919/2957/3590 3016/4574/3589 3020/2962/3497 2920/2959/3496
f 3016/3037/3589 3015/3038/3591 3019/2964/3499 3020/4575/3497
f 3015/3038/3591 3014/3039/3592 3018/2967/3502 3019/2964/3499
f 3014/3039/3592 3013/3040/3593 3017/2968/3503 3018/2967/3502
s 54
f 2921/2924/3594 2922/2923/3595 3031/3041/3596 3021/3042/3597
f 3021/3042/3597 3031/3041/3596 3032/3043/3598 3022/3044/3599
f 3022/3044/3599 3032/3043/3598 3033/3045/3600 3023/3046/3601
f 3023/3046/3601 3033/3045/3600 3034/3047/3602 3024/3048/3603
f 3024/3048/3603 3034/3047/3602 3035/3049/3604 3025/3050/3605
f 3025/3050/3605 3035/3049/3604 3036/3051/3606 3026/3052/3607
f 3026/3052/3607 3036/3051/3606 3037/3053/3608 3027/3054/3609
f 3027/3054/3609 3037/3053/3608 3038/3055/3610 3028/3056/3611
f 3028/3056/3611 3038/3055/3610 3039/3057/3612 3029/3058/3613
f 3029/3058/3613 3039/3057/3612 3040/2901/3434 3030/2900/3433
f 2922/2923/3595 2923/2926/3614 3042/3059/3615 3031/3041/3596
f 3031/3041/3596 3042/3059/3615 3043/3060/3616 3032/3043/3598
f 3032/3043/3598 3043/3060/3616 3044/3061/3617 3033/3045/3600
f 3033/3045/3600 3044/3061/3617 3045/3062/3618 3034/3047/3602
f 3034/3047/3602 3045/3062/3618 3046/3063/3619 3035/3049/3604
f 3035/3049/3604 3046/3063/3619 3047/3064/3620 3036/3051/3606
f 3036/3051/3606 3047/3064/3620 3048/3065/3621 3037/3053/3608
f 3037/3053/3608 3048/3065/3621 3049/3066/3622 3038/3055/3610
f 3038/3055/3610 3049/3066/3622 3050/3067/3623 3039/3057/3612
f 3039/3057/3612 3050/3067/3623 3051/2903/3436 3040/2901/3434
f 2923/2926/3614 2924/2928/3624 3052/3068/3625 3042/3059/3615
f 3042/3059/3615 3052/3068/3625 3053/3069/3626 3043/3060/3616
f 3043/3060/3616 3053/3069/3626 3054/3070/3627 3044/3061/3617
f 3044/3061/3617 3054/3070/3627 3055/3071/3628 3045/3062/3618
f 3045/3062/3618 3055/3071/3628 3056/3072/3629 3046/3063/3619
f 3046/3063/3619 3056/3072/3629 3057/3073/3630 3047/3064/3620
f 3047/3064/3620 3057/3073/3630 3058/3074/3631 3048/3065/3621
f 3048/3065/3621 3058/3074/3631 3059/3075/3632 3049/3066/3622
f 3049/3066/3622 3059/3075/3632 3060/3076/3633 3050/3067/3623
f 3050/3067/3623 3060/3076/3633 3061/2904/3437 3051/2903/3436
f 2924/2928/3624 2925/2930/3634 3062/3077/3635 3052/3068/3625
f 3052/3068/3625 3062/3077/3635 3063/3078/3636 3053/3069/3626
f 3053/3069/3626 3063/3078/3636 3064/3079/3637 3054/3070/3627
f 3054/3070/3627 3064/3079/3637 3065/3080/3638 3055/3071/3628
f 3055/3071/3628 3065/3080/3638 3066/3081/3639 3056/3072/3629
f 3056/3072/3629 3066/3081/3639 3067/3082/3640 3057/3073/3630
f 3057/3073/3630 3067/3082/3640 3068/3083/3641 3058/3074/3631
f 3058/3074/3631 3068/3083/3641 3069/3084/3642 3059/3075/3632
f 3059/3075/3632 3069/3084/3642 3070/3085/3643 3060/3076/3633
f 3060/3076/3633 3070/3085/3643 3071/2905/3438 3061/2904/3437
f 2925/2930/3634 2926/2932/3644 3072/3086/3645 3062/3077/3635
f 3062/3077/3635 3072/3086/3645 3073/3087/3646 3063/3078/3636
f 3063/3078/3636 3073/3087/3646 3074/3088/3647 3064/3079/3637
f 3064/3079/3637 3074/3088/3647 3075/3089/3648 3065/3080/3638
f 3065/3080/3638 3075/3089/3648 3076/3090/3649 3066/3081/3639
f 3066/3081/3639 3076/3090/3649 3077/3091/3650 3067/3082/3640
f 3067/3082/3640 3077/3091/3650 3078/3092/3651 3068/3083/3641
f 3068/3083/3641 3078/3092/3651 3079/3093/3652 3069/3084/3642
f 3069/3084/3642 3079/3093/3652 3080/3094/3653 3070/3085/3643
f 3070/3085/3643 3080/3094/3653 3081/2906/3439 3071/2905/3438
f 2926/2932/3644 2927/2934/3654 3082/3095/3655 3072/3086/3645
f 3072/3086/3645 3082/3095/3655 3083/3096/3656 3073/3087/3646
f 3073/3087/3646 3083/3096/3656 3084/3097/3657 3074/3088/3647
f 3074/3088/3647 3084/3097/3657 3085/3098/3658 3075/3089/3648
f 3075/3089/3648 3085/3098/3658 3086/3099/3659 3076/3090/3649
f 3076/3090/3649 3086/3099/3659 3087/3100/3660 3077/3091/3650
f 3077/3091/3650 3087/3100/3660 3088/3101/3661 3078/3092/3651
f 3078/3092/3651 3088/3101/3661 3089/3102/3662 3079/3093/3652
f 3079/3093/3652 3089/3102/3662 3090/3103/3663 3080/3094/3653
f 3080/3094/3653 3090/3103/3663 3091/2907/3440 3081/2906/3439
f 2927/2934/3654 2928/2936/3664 3092/3104/3665 3082/3095/3655
f 3082/3095/3655 3092/3104/3665 3093/3105/3666 3083/3096/3656
f 3083/3096/3656 3093/3105/3666 3094/3106/3667 3084/3097/3657
f 3084/3097/3657 3094/3106/3667 3095/3107/3668 3085/3098/3658
f 3085/3098/3658 3095/3107/3668 3096/3108/3669 3086/3099/3659
f 3086/3099/3659 3096/3108/3669 3097/3109/3670 3087/3100/3660
f 3087/3100/3660 3097/3109/3670 3098/3110/3671 3088/3101/3661
f 3088/3101/3661 3098/3110/3671 3099/3111/3672 3089/3102/3662
f 3089/3102/3662 3099/3111/3672 3100/3112/3673 3090/3103/3663
f 3090/3103/3663 3100/3112/3673 3101/2908/3441 3091/2907/3440
f 2928/2936/3664 2929/2938/3674 3102/3113/3675 3092/3104/3665
f 3092/3104/3665 3102/3113/3675 3103/3114/3676 3093/3105/3666
f 3093/3105/3666 3103/3114/3676 3104/3115/3677 3094/3106/3667
f 3094/3106/3667 3104/3115/3677 3105/3116/3678 3095/3107/3668
f 3095/3107/3668 3105/3116/3678 3106/3117/3679 3096/3108/3669
f 3096/3108/3669 3106/3117/3679 3107/3118/3680 3097/3109/3670
f 3097/3109/3670 3107/3118/3680 3108/3119/3681 3098/3110/3671
f 3098/3110/3671 3108/3119/3681 3109/3120/3682 3099/3111/3672
f 3099/3111/3672 3109/3120/3682 3110/3121/3683 3100/3112/3673
f 3100/3112/3673 3110/3121/3683 3111/2909/3442 3101/2908/3441
f 2929/2938/3674 2930/2940/3684 3112/3122/3685 3102/3113/3675
f 3102/3113/3675 3112/3122/3685 3113/3123/3686 3103/3114/3676
f 3103/3114/3676 3113/3123/3686 3114/3124/3687 3104/3115/3677
f 3104/3115/3677 3114/3124/3687 3115/3125/3688 3105/3116/3678
f 3105/3116/3678 3115/3125/3688 3116/3126/3689 3106/3117/3679
f 3106/3117/3679 3116/3126/3689 3117/3127/3690 3107/3118/3680
f 3107/3118/3680 3117/3127/3690 3118/3128/3691 3108/3119/3681
f 3108/3119/3681 3118/3128/3691 3119/3129/3692 3109/3120/3682
f 3109/3120/3682 3119/3129/3692 3120/3130/3693 3110/3121/3683
f 3110/3121/3683 3120/3130/3693 3121/2910/3443 3111/2909/3442
f 2930/2940/3684 2931/2942/3694 3122/3131/3695 3112/3122/3685
f 3112/3122/3685 3122/3131/3695 3123/3132/3696 3113/3123/3686
f 3113/3123/3686 3123/3132/3696 3124/3133/3697 3114/3124/3687
f 3114/3124/3687 3124/3133/3697 3125/3134/3698 3115/3125/3688
f 3115/3125/3688 3125/3134/3698 3126/3135/3699 3116/3126/3689
f 3116/3126/3689 3126/3135/3699 3127/3136/3700 3117/3127/3690
f 3117/3127/3690 3127/3136/3700 3128/3137/3701 3118/3128/3691
f 3118/3128/3691 3128/3137/3701 3129/3138/3702 3119/3129/3692
f 3119/3129/3692 3129/3138/3702 3130/3139/3703 3120/3130/3693
f 3120/3130/3693 3130/3139/3703 3131/2911/3444 3121/2910/3443
f 2931/2942/3694 2932/2944/3704 3132/3140/3705 3122/3131/3695
f 3122/3131/3695 3132/3140/3705 3133/3141/3706 3123/3132/3696
f 3123/3132/3696 3133/3141/3706 3134/3142/3707 3124/3133/3697
f 3124/3133/3697 3134/3142/3707 3135/3143/3708 3125/3134/3698
f 3125/3134/3698 3135/3143/3708 3136/3144/3709 3126/3135/3699
f 3126/3135/3699 3136/3144/3709 3137/3145/3710 3127/3136/3700
f 3127/3136/3700 3137/3145/3710 3138/3146/3711 3128/3137/3701
f 3128/3137/3701 3138/3146/3711 3139/3147/3712 3129/3138/3702
f 3129/3138/3702 3139/3147/3712 3140/3148/3713 3130/3139/3703
f 3130/3139/3703 3140/3148/3713 3141/2912/3445 3131/2911/3444
f 2932/2944/3704 2933/2946/3714 3142/3149/3715 3132/3140/3705
f 3132/3140/3705 3142/3149/3715 3143/3150/3716 3133/3141/3706
f 3133/3141/3706 3143/3150/3716 3144/3151/3717 3134/3142/3707
f 3134/3142/3707 3144/3151/3717 3145/3152/3718 3135/3143/3708
f 3135/3143/3708 3145/3152/3718 3146/3153/3719 3136/3144/3709
f 3136/3144/3709 3146/3153/3719 3147/3154/3720 3137/3145/3710
f 3137/3145/3710 3147/3154/3720 3148/3155/3721 3138/3146/3711
f 3138/3146/3711 3148/3155/3721 3149/3156/3722 3139/3147/3712
f 3139/3147/3712 3149/3156/3722 3150/3157/3723 3140/3148/3713
f 3140/3148/3713 3150/3157/3723 3151/2913/3446 3141/2912/3445
f 2933/2946/3714 2934/2948/3724 3152/3158/3725 3142/3149/3715
f 3142/3149/3715 3152/3158/3725 3153/3159/3726 3143/3150/3716
f 3143/3150/3716 3153/3159/3726 3154/3160/3727 3144/3151/3717
f 3144/3151/3717 3154/3160/3727 3155/3161/3728 3145/3152/3718
f 3145/3152/3718 3155/3161/3728 3156/3162/3729 3146/3153/3719
f 3146/3153/3719 3156/3162/3729 3157/3163/3730 3147/3154/3720
f 3147/3154/3720 3157/3163/3730 3158/3164/3731 3148/3155/3721
f 3148/3155/3721 3158/3164/3731 3159/3165/3732 3149/3156/3722
f 3149/3156/3722 3159/3165/3732 3160/3166/3733 3150/3157/3723
f 3150/3157/3723 3160/3166/3733 3161/2914/3447 3151/2913/3446
f 2934/2948/3724 2935/4602/3734 3162/4106/3735 3152/3158/3725
f 3152/3158/3725 3162/4106/3735 3163/4105/3736 3153/3159/3726
f 3153/3159/3726 3163/4105/3736 3164/4104/3737 3154/3160/3727
f 3154/3160/3727 3164/4104/3737 3165/4103/3738 3155/3161/3728
f 3155/3161/3728 3165/4103/3738 3166/4102/3739 3156/3162/3729
f 3156/3162/3729 3166/4102/3739 3167/4101/3740 3157/3163/3730
f 3157/3163/3730 3167/4101/3740 3168/4100/3741 3158/3164/3731
f 3158/3164/3731 3168/4100/3741 3169/4099/3742 3159/3165/3732
f 3159/3165/3732 3169/4099/3742 3170/4098/3743 3160/3166/3733
f 3160/3166/3733 3170/4098/3743 3171/4097/3448 3161/2914/3447
f 2935/2950/3734 2936/2952/3744 3172/3176/3745 3162/3167/3735
f 3162/3167/3735 3172/3176/3745 3173/3177/3746 3163/3168/3736
f 3163/3168/3736 3173/3177/3746 3174/3178/3747 3164/3169/3737
f 3164/3169/3737 3174/3178/3747 3175/3179/3748 3165/3170/3738
f 3165/3170/3738 3175/3179/3748 3176/3180/3749 3166/3171/3739
f 3166/3171/3739 3176/3180/3749 3177/3181/3750 3167/3172/3740
f 3167/3172/3740 3177/3181/3750 3178/3182/3751 3168/3173/3741
f 3168/3173/3741 3178/3182/3751 3179/3183/3752 3169/3174/3742
f 3169/3174/3742 3179/3183/3752 3180/3184/3753 3170/3175/3743
f 3170/3175/3743 3180/3184/3753 3181/2916/3449 3171/2915/3448
f 2936/2952/3744 2937/2954/3754 3182/3185/3755 3172/3176/3745
f 3172/3176/3745 3182/3185/3755 3183/3186/3756 3173/3177/3746
f 3173/3177/3746 3183/3186/3756 3184/3187/3757 3174/3178/3747
f 3174/3178/3747 3184/3187/3757 3185/3188/3758 3175/3179/3748
f 3175/3179/3748 3185/3188/3758 3186/3189/3759 3176/3180/3749
f 3176/3180/3749 3186/3189/3759 3187/3190/3760 3177/3181/3750
f 3177/3181/3750 3187/3190/3760 3188/3191/3761 3178/3182/3751
f 3178/3182/3751 3188/3191/3761 3189/3192/3762 3179/3183/3752
f 3179/3183/3752 3189/3192/3762 3190/3193/3763 3180/3184/3753
f 3180/3184/3753 3190/3193/3763 3191/2917/3450 3181/2916/3449
f 2937/2954/3754 2938/2956/3764 3192/3194/3765 3182/3185/3755
f 3182/3185/3755 3192/3194/3765 3193/3195/3766 3183/3186/3756
f 3183/3186/3756 3193/3195/3766 3194/3196/3767 3184/3187/3757
f 3184/3187/3757 3194/3196/3767 3195/3197/3768 3185/3188/3758
f 3185/3188/3758 3195/3197/3768 3196/3198/3769 3186/3189/3759
f 3186/3189/3759 3196/3198/3769 3197/3199/3770 3187/3190/3760
f 3187/3190/3760 3197/3199/3770 3198/3200/3771 3188/3191/3761
f 3188/3191/3761 3198/3200/3771 3199/3201/3772 3189/3192/3762
f 3189/3192/3762 3199/3201/3772 3200/3202/3773 3190/3193/3763
f 3190/3193/3763 3200/3202/3773 3201/2918/3451 3191/2917/3450
f 2938/2956/3764 2939/2958/3774 3202/3203/3775 3192/3194/3765
f 3192/3194/3765 3202/3203/3775 3203/3204/3776 3193/3195/3766
f 3193/3195/3766 3203/3204/3776 3204/3205/3777 3194/3196/3767
f 3194/3196/3767 3204/3205/3777 3205/3206/3778 3195/3197/3768
f 3195/3197/3768 3205/3206/3778 3206/3207/3779 3196/3198/3769
f 3196/3198/3769 3206/3207/3779 3207/3208/3780 3197/3199/3770
f 3197/3199/3770 3207/3208/3780 3208/3209/3781 3198/3200/3771
f 3198/3200/3771 3208/3209/3781 3209/3210/3782 3199/3201/3772
f 3199/3201/3772 3209/3210/3782 3210/3211/3783 3200/3202/3773
f 3200/3202/3773 3210/3211/3783 3211/2919/3452 3201/2918/3451
f 2939/2958/3774 2940/2960/3784 3212/3212/3785 3202/3203/3775
f 3202/3203/3775 3212/3212/3785 3213/3213/3786 3203/3204/3776
f 3203/3204/3776 3213/3213/3786 3214/3214/3787 3204/3205/3777
f 3204/3205/3777 3214/3214/3787 3215/3215/3788 3205/3206/3778
f 3205/3206/3778 3215/3215/3788 3216/3216/3789 3206/3207/3779
f 3206/3207/3779 3216/3216/3789 3217/3217/3790 3207/3208/3780
f 3207/3208/3780 3217/3217/3790 3218/3218/3791 3208/3209/3781
f 3208/3209/3781 3218/3218/3791 3219/3219/3792 3209/3210/3782
f 3209/3210/3782 3219/3219/3792 3220/3220/3793 3210/3211/3783
f 3210/3211/3783 3220/3220/3793 3221/2920/3453 3211/2919/3452
f 2940/2960/3784 2921/2924/3594 3021/3042/3597 3212/3212/3785
f 3212/3212/3785 3021/3042/3597 3022/3044/3599 3213/3213/3786
f 3213/3213/3786 3022/3044/3599 3023/3046/3601 3214/3214/3787
f 3214/3214/3787 3023/3046/3601 3024/3048/3603 3215/3215/3788
f 3215/3215/3788 3024/3048/3603 3025/3050/3605 3216/3216/3789
f 3216/3216/3789 3025/3050/3605 3026/3052/3607 3217/3217/3790
f 3217/3217/3790 3026/3052/3607 3027/3054/3609 3218/3218/3791
f 3218/3218/3791 3027/3054/3609 3028/3056/3611 3219/3219/3792
f 3219/3219/3792 3028/3056/3611 3029/3058/3613 3220/3220/3793
f 3220/3220/3793 3029/3058/3613 3030/2900/3433 3221/2920/3453
s 59
f 3262/3221/3794 3263/3222/3795 3264/3223/3796 3265/3726/3797
f 3263/3222/3795 3266/3225/3798 3267/3226/3799 3264/3223/3796
f 3266/3225/3798 3268/3227/3800 3269/3228/3801 3267/3226/3799
f 3268/3227/3800 3270/3229/3802 3271/3230/3803 3269/3228/3801
f 3270/3229/3802 3272/3231/3804 3273/3232/3805 3271/3230/3803
f 3272/3231/3804 3274/3233/3806 3275/3234/3807 3273/3232/3805
f 3274/3233/3806 3276/3235/3808 3277/3236/3809 3275/3234/3807
f 3276/3235/3808 3278/3237/3810 3279/3238/3811 3277/3236/3809
f 3278/3237/3810 3280/3239/3812 3281/3240/3813 3279/3238/3811
f 3280/3239/3812 3282/3241/3814 3283/3242/3815 3281/3240/3813
f 3282/3241/3814 3284/3243/3816 3285/3244/3817 3283/3242/3815
f 3284/3243/3816 3286/3245/3818 3287/3246/3819 3285/3244/3817
f 3286/3245/3818 3288/3247/3820 3289/3248/3821 3287/3246/3819
f 3288/3247/3820 3290/3249/3822 3291/3250/3823 3289/3248/3821
f 3290/3249/3822 3292/3251/3824 3293/3252/3825 3291/3250/3823
f 3292/3251/3824 3294/3253/3826 3295/3254/3827 3293/3252/3825
f 3294/3253/3826 3296/3255/3828 3297/3256/3829 3295/3254/3827
f 3296/3255/3828 3298/3257/3830 3299/4090/3831 3297/3256/3829
f 3298/4089/3830 3300/3259/3832 3301/3260/3833 3299/3258/3831
f 3300/3259/3832 3262/3221/3794 3265/3726/3797 3301/3260/3833
s 60
f 3243/3765/3834 3242/3747/3835 3236/3263/3836 3235/3264/3837
f 3244/3764/3838 3243/3765/3834 3235/3264/3837 3234/3266/3839
f 3245/3763/3840 3244/3764/3838 3234/3266/3839 3233/3268/3841
f 3246/3762/3842 3245/3763/3840 3233/3268/3841 3232/3270/3843
f 3247/3761/3844 3246/3762/3842 3232/3270/3843 3231/3272/3845
f 3248/3760/3846 3247/3761/3844 3231/3272/3845 3230/3274/3847
f 3249/3759/3848 3248/3760/3846 3230/3274/3847 3229/3276/3849
f 3250/3758/3850 3249/3759/3848 3229/3276/3849 3228/3278/3851
f 3251/3757/3852 3250/3758/3850 3228/3278/3851 3227/3280/3853
f 3252/3756/3854 3251/3757/3852 3227/3280/3853 3226/3282/3855
f 3253/3755/3856 3252/3756/3854 3226/3282/3855 3225/3284/3857
f 3254/3754/3858 3253/3755/3856 3225/3284/3857 3224/3286/3859
f 3255/3753/3860 3254/3754/3858 3224/3286/3859 3223/3288/3861
f 3256/3752/3862 3255/3753/3860 3223/3288/3861 3222/3290/3863
f 3257/3751/3864 3256/3752/3862 3222/3290/3863 3241/3292/3865
f 3258/3895/3866 3257/3751/3864 3241/3292/3865 3240/3294/3867
f 3259/3749/3868 3258/3750/3866 3240/3896/3867 3239/3296/3869
f 3260/3748/3870 3259/3749/3868 3239/3296/3869 3238/3298/3871
f 3261/3746/3872 3260/3748/3870 3238/3298/3871 3237/3300/3873
f 3242/3747/3835 3261/3746/3872 3237/3300/3873 3236/3263/3836
s 61
f 3255/3287/3874 3256/3289/3875 3265/3224/3876 3264/3745/3877
f 3254/3285/3878 3255/3287/3874 3264/3745/3877 3267/3744/3879
f 3253/3283/3880 3254/3285/3878 3267/3744/3879 3269/3743/3881
f 3252/3281/3882 3253/3283/3880 3269/3743/3881 3271/3742/3883
f 3251/3279/3884 3252/3281/3882 3271/3742/3883 3273/3741/3885
f 3250/3277/3886 3251/3279/3884 3273/3741/3885 3275/3740/3887
f 3249/3275/3888 3250/3277/3886 3275/3740/3887 3277/3739/3889
f 3248/3273/3890 3249/3275/3888 3277/3739/3889 3279/3738/3891
f 3247/3271/3892 3248/3273/3890 3279/3738/3891 3281/3737/3893
f 3246/3269/3894 3247/3271/3892 3281/3737/3893 3283/3736/3895
f 3245/3267/3896 3246/3269/3894 3283/3736/3895 3285/3735/3897
f 3244/3265/3898 3245/3267/3896 3285/3735/3897 3287/3734/3899
f 3243/3261/3900 3244/3265/3898 3287/3734/3899 3289/3733/3901
f 3242/3262/3902 3243/3261/3900 3289/3733/3901 3291/3732/3903
f 3261/3299/3904 3242/3262/3902 3291/3732/3903 3293/3731/3905
f 3260/3297/3906 3261/3299/3904 3293/3731/3905 3295/3730/3907
f 3259/3295/3908 3260/3297/3906 3295/3730/3907 3297/3729/3909
f 3258/3293/3910 3259/3295/3908 3297/3729/3909 3299/3728/3911
f 3257/3291/3912 3258/4554/3910 3299/4555/3911 3301/3727/3913
f 3256/3289/3875 3257/3291/3912 3301/3727/3913 3265/3224/3876
s off
f 3302/3769/3914 3303/3302/3915 3305/3303/3916 3304/3304/3917
f 3304/3304/3918 3305/3303/3919 3307/3305/3920 3306/3306/3921
f 3306/3306/3922 3307/3305/3923 3309/3766/3924 3308/3308/3925
f 3303/3768/3926 3309/3307/3927 3307/3305/3928 3305/3303/3929
f 3308/3767/3930 3302/3301/3931 3304/3304/3932 3306/3306/3933
f 3310/3309/3934 3311/3310/3935 3313/3947/3936 3312/3312/3937
f 3314/3946/3938 3315/3314/3939 3317/3315/3940 3316/3316/3941
f 3316/3316/3942 3317/3315/3943 3311/3310/3944 3310/3309/3945
f 3311/3310/3946 3317/3315/3947 3315/3945/3948 3313/3311/3949
f 3316/3316/3950 3310/3309/3951 3312/3948/3952 3314/3313/3953
s 62
f 3447/3317/3954 3457/3318/3955 3458/3319/3956
f 3457/3318/3955 3468/3320/3957 3458/3319/3956
f 3468/3320/3957 3478/3321/3958 3458/3319/3956
f 3478/3321/3958 3488/3322/3959 3458/3319/3956
f 3488/3322/3959 3498/3323/3960 3458/3319/3956
f 3498/3323/3960 3508/3324/3961 3458/3319/3956
f 3508/3324/3961 3518/3325/3962 3458/3319/3956
f 3518/3325/3962 3528/3326/3963 3458/3319/3956
f 3528/3326/3963 3538/3327/3964 3458/3319/3956
f 3538/3327/3964 3548/3328/3965 3458/3319/3956
f 3548/3328/3965 3558/3329/3966 3458/3319/3956
f 3558/3329/3966 3568/3330/3967 3458/3319/3956
f 3568/3330/3967 3578/3331/3968 3458/3319/3956
f 3578/3331/3968 3588/3934/3969 3458/3319/3956
f 3588/3332/3969 3598/3333/3970 3458/3319/3956
f 3598/3333/3970 3608/3334/3971 3458/3319/3956
f 3608/3334/3971 3618/3335/3972 3458/3319/3956
f 3618/3335/3972 3628/3336/3973 3458/3319/3956
f 3628/3336/3973 3638/3337/3974 3458/3319/3956
f 3638/3337/3974 3447/3317/3954 3458/3319/3956
s 63
f 3318/3820/3975 3319/3836/3976 3339/3818/3977 3338/3800/3978
f 3319/3836/3976 3320/3835/3979 3340/3817/3980 3339/3818/3977
f 3320/3835/3979 3321/3834/3981 3341/3816/3982 3340/3817/3980
f 3321/3834/3981 3322/3833/3983 3342/3815/3984 3341/3816/3982
f 3322/3833/3983 3323/3832/3985 3343/3814/3986 3342/3815/3984
f 3323/3832/3985 3324/3831/3987 3344/3813/3988 3343/3814/3986
f 3324/3831/3987 3325/3830/3989 3345/3812/3990 3344/3813/3988
f 3325/3830/3989 3326/3829/3991 3346/3811/3992 3345/3812/3990
f 3326/3829/3991 3327/4637/3993 3347/3810/3994 3346/3811/3992
f 3327/4637/3993 3328/4638/3995 3348/3809/3996 3347/3810/3994
f 3328/4638/3995 3329/3828/3997 3349/3808/3998 3348/3809/3996
f 3329/3828/3997 3330/3827/3999 3350/3807/4000 3349/3808/3998
f 3330/3827/3999 3331/3826/4001 3351/3806/4002 3350/3807/4000
f 3331/3826/4001 3332/3825/4003 3352/4096/4004 3351/3806/4002
f 3332/4095/4003 3333/3824/4005 3353/3804/4006 3352/3805/4004
f 3333/3824/4005 3334/3823/4007 3354/3803/4008 3353/3804/4006
f 3334/3823/4007 3335/3822/4009 3355/3802/4010 3354/3803/4008
f 3335/3822/4009 3336/3821/4011 3356/3801/4012 3355/3802/4010
f 3336/3821/4011 3337/3819/4013 3357/3799/4014 3356/3801/4012
f 3337/3819/4013 3318/3820/3975 3338/3800/3978 3357/3799/4014
s 64
f 3361/3798/4015 3318/3338/4016 3337/3376/4017 3437/3379/4018
f 3360/3380/4019 3361/3378/4015 3437/3780/4018 3436/3381/4020
f 3358/3382/4021 3359/3383/4022 3435/3384/4023 3434/3385/4024
f 3359/3383/4022 3360/3380/4019 3436/3381/4020 3435/3384/4023
f 3318/3338/4016 3361/3798/4015 3365/3797/4025 3319/3339/4026
f 3361/3378/4015 3360/3380/4019 3364/3387/4027 3365/3386/4025
f 3360/3380/4019 3359/3383/4022 3363/3388/4028 3364/3387/4027
f 3359/3383/4022 3358/3382/4021 3362/3389/4029 3363/3388/4028
f 3319/3339/4026 3365/3797/4025 3369/3796/4030 3320/3342/4031
f 3365/3386/4025 3364/3387/4027 3368/3391/4032 3369/3390/4030
f 3364/3387/4027 3363/3388/4028 3367/3392/4033 3368/3391/4032
f 3363/3388/4028 3362/3389/4029 3366/3393/4034 3367/3392/4033
f 3320/3342/4031 3369/3796/4030 3373/3795/4035 3321/3344/4036
f 3369/3390/4030 3368/3391/4032 3372/3395/4037 3373/3394/4035
f 3368/3391/4032 3367/3392/4033 3371/3396/4038 3372/3395/4037
f 3367/3392/4033 3366/3393/4034 3370/3397/4039 3371/3396/4038
f 3321/3344/4036 3373/3795/4035 3377/3794/4040 3322/3346/4041
f 3373/3394/4035 3372/3395/4037 3376/3399/4042 3377/3398/4040
f 3372/3395/4037 3371/3396/4038 3375/3400/4043 3376/3399/4042
f 3371/3396/4038 3370/3397/4039 3374/3401/4044 3375/3400/4043
f 3322/3346/4041 3377/3794/4040 3381/3793/4045 3323/3348/4046
f 3377/3398/4040 3376/3399/4042 3380/3403/4047 3381/3402/4045
f 3376/3399/4042 3375/3400/4043 3379/3404/4048 3380/3403/4047
f 3375/3400/4043 3374/3401/4044 3378/3405/4049 3379/3404/4048
f 3323/3348/4046 3381/3793/4045 3385/3792/4050 3324/3350/4051
f 3381/3402/4045 3380/3403/4047 3384/3407/4052 3385/3406/4050
f 3380/3403/4047 3379/3404/4048 3383/3408/4053 3384/3407/4052
f 3379/3404/4048 3378/3405/4049 3382/3409/4054 3383/3408/4053
f 3324/3350/4051 3385/3792/4050 3389/3791/4055 3325/3352/4056
f 3385/3406/4050 3384/3407/4052 3388/3411/4057 3389/3410/4055
f 3384/3407/4052 3383/3408/4053 3387/3412/4058 3388/3411/4057
f 3383/3408/4053 3382/3409/4054 3386/3413/4059 3387/3412/4058
f 3325/3352/4056 3389/3791/4055 3393/3790/4060 3326/3354/4061
f 3389/3410/4055 3388/3411/4057 3392/3415/4062 3393/3414/4060
f 3388/3411/4057 3387/3412/4058 3391/3416/4063 3392/3415/4062
f 3387/3412/4058 3386/3413/4059 3390/3417/4064 3391/3416/4063
f 3326/3354/4061 3393/3790/4060 3397/3789/4065 3327/3356/4066
f 3393/3414/4060 3392/3415/4062 3396/3419/4067 3397/3418/4065
f 3392/3415/4062 3391/3416/4063 3395/3420/4068 3396/3419/4067
f 3391/3416/4063 3390/3417/4064 3394/3421/4069 3395/3420/4068
f 3327/3356/4066 3397/3789/4065 3401/3788/4070 3328/3358/4071
f 3397/3418/4065 3396/3419/4067 3400/3423/4072 3401/3422/4070
f 3396/3419/4067 3395/3420/4068 3399/3424/4073 3400/3423/4072
f 3395/3420/4068 3394/3421/4069 3398/3425/4074 3399/3424/4073
f 3328/3358/4071 3401/3788/4070 3405/3787/4075 3329/3360/4076
f 3401/3422/4070 3400/3423/4072 3404/3427/4077 3405/3426/4075
f 3400/3423/4072 3399/3424/4073 3403/3428/4078 3404/3427/4077
f 3399/3424/4073 3398/3425/4074 3402/3429/4079 3403/3428/4078
f 3329/3360/4076 3405/3787/4075 3409/3786/4080 3330/3362/4081
f 3405/3426/4075 3404/3427/4077 3408/3431/4082 3409/3430/4080
f 3404/3427/4077 3403/3428/4078 3407/3432/4083 3408/3431/4082
f 3403/3428/4078 3402/3429/4079 3406/3433/4084 3407/3432/4083
f 3330/3362/4081 3409/3786/4080 3413/3785/4085 3331/3364/4086
f 3409/3430/4080 3408/3431/4082 3412/3435/4087 3413/3434/4085
f 3408/3431/4082 3407/3432/4083 3411/3436/4088 3412/3435/4087
f 3407/3432/4083 3406/3433/4084 3410/3437/4089 3411/3436/4088
f 3331/3364/4086 3413/3785/4085 3417/3784/4090 3332/3366/4091
f 3413/3434/4085 3412/3435/4087 3416/4093/4092 3417/4094/4090
f 3412/3435/4087 3411/3436/4088 3415/4091/4093 3416/4093/4092
f 3411/3436/4088 3410/3437/4089 3414/3441/4094 3415/4091/4093
f 3332/4556/4091 3417/4557/4090 3421/3783/4095 3333/3368/4096
f 3417/3438/4090 3416/3439/4092 3420/3443/4097 3421/3442/4095
f 3416/3439/4092 3415/3440/4093 3419/3444/4098 3420/3443/4097
f 3415/3440/4093 3414/4092/4094 3418/3445/4099 3419/3444/4098
f 3333/3368/4096 3421/3783/4095 3425/3782/4100 3334/3370/4101
f 3421/3442/4095 3420/3443/4097 3424/3447/4102 3425/3446/4100
f 3420/3443/4097 3419/3444/4098 3423/3448/4103 3424/3447/4102
f 3419/3444/4098 3418/3445/4099 3422/3449/4104 3423/3448/4103
f 3334/3370/4101 3425/3782/4100 3429/3781/4105 3335/3372/4106
f 3425/3446/4100 3424/3447/4102 3428/3451/4107 3429/3450/4105
f 3424/3447/4102 3423/3448/4103 3427/3452/4108 3428/3451/4107
f 3423/3448/4103 3422/3449/4104 3426/3453/4109 3427/3452/4108
f 3335/3372/4106 3429/3781/4105 3433/3779/4110 3336/3374/4111
f 3429/3450/4105 3428/3451/4107 3432/3455/4112 3433/3454/4110
f 3428/3451/4107 3427/3452/4108 3431/3456/4113 3432/3455/4112
f 3427/3452/4108 3426/3453/4109 3430/3457/4114 3431/3456/4113
f 3336/3374/4111 3433/3779/4110 3437/3379/4018 3337/3376/4017
f 3433/3454/4110 3432/3455/4112 3436/3381/4020 3437/3780/4018
f 3432/3455/4112 3431/3456/4113 3435/3384/4023 3436/3381/4020
f 3431/3456/4113 3430/3457/4114 3434/3385/4024 3435/3384/4023
s 62
f 3338/3341/4115 3339/3340/4116 3448/3458/4117 3438/3459/4118
f 3438/3459/4118 3448/3458/4117 3449/3460/4119 3439/3461/4120
f 3439/3461/4120 3449/3460/4119 3450/3462/4121 3440/3463/4122
f 3440/3463/4122 3450/3462/4121 3451/3464/4123 3441/3465/4124
f 3441/3465/4124 3451/3464/4123 3452/3466/4125 3442/3467/4126
f 3442/3467/4126 3452/3466/4125 3453/3468/4127 3443/3469/4128
f 3443/3469/4128 3453/3468/4127 3454/3470/4129 3444/3471/4130
f 3444/3471/4130 3454/3470/4129 3455/3472/4131 3445/3473/4132
f 3445/3473/4132 3455/3472/4131 3456/3474/4133 3446/3475/4134
f 3446/3475/4134 3456/3474/4133 3457/3318/3955 3447/3317/3954
f 3339/3340/4116 3340/3343/4135 3459/3476/4136 3448/3458/4117
f 3448/3458/4117 3459/3476/4136 3460/3477/4137 3449/3460/4119
f 3449/3460/4119 3460/3477/4137 3461/3478/4138 3450/3462/4121
f 3450/3462/4121 3461/3478/4138 3462/3479/4139 3451/3464/4123
f 3451/3464/4123 3462/3479/4139 3463/3480/4140 3452/3466/4125
f 3452/3466/4125 3463/3480/4140 3464/3481/4141 3453/3468/4127
f 3453/3468/4127 3464/3481/4141 3465/3482/4142 3454/3470/4129
f 3454/3470/4129 3465/3482/4142 3466/3483/4143 3455/3472/4131
f 3455/3472/4131 3466/3483/4143 3467/3484/4144 3456/3474/4133
f 3456/3474/4133 3467/3484/4144 3468/3320/3957 3457/3318/3955
f 3340/3343/4135 3341/3345/4145 3469/3485/4146 3459/3476/4136
f 3459/3476/4136 3469/3485/4146 3470/3486/4147 3460/3477/4137
f 3460/3477/4137 3470/3486/4147 3471/3487/4148 3461/3478/4138
f 3461/3478/4138 3471/3487/4148 3472/3488/4149 3462/3479/4139
f 3462/3479/4139 3472/3488/4149 3473/3489/4150 3463/3480/4140
f 3463/3480/4140 3473/3489/4150 3474/3490/4151 3464/3481/4141
f 3464/3481/4141 3474/3490/4151 3475/3491/4152 3465/3482/4142
f 3465/3482/4142 3475/3491/4152 3476/3492/4153 3466/3483/4143
f 3466/3483/4143 3476/3492/4153 3477/3493/4154 3467/3484/4144
f 3467/3484/4144 3477/3493/4154 3478/3321/3958 3468/3320/3957
f 3341/3345/4145 3342/3347/4155 3479/3494/4156 3469/3485/4146
f 3469/3485/4146 3479/3494/4156 3480/3495/4157 3470/3486/4147
f 3470/3486/4147 3480/3495/4157 3481/3496/4158 3471/3487/4148
f 3471/3487/4148 3481/3496/4158 3482/3497/4159 3472/3488/4149
f 3472/3488/4149 3482/3497/4159 3483/3498/4160 3473/3489/4150
f 3473/3489/4150 3483/3498/4160 3484/3499/4161 3474/3490/4151
f 3474/3490/4151 3484/3499/4161 3485/3500/4162 3475/3491/4152
f 3475/3491/4152 3485/3500/4162 3486/3501/4163 3476/3492/4153
f 3476/3492/4153 3486/3501/4163 3487/3502/4164 3477/3493/4154
f 3477/3493/4154 3487/3502/4164 3488/3322/3959 3478/3321/3958
f 3342/3347/4155 3343/3349/4165 3489/3503/4166 3479/3494/4156
f 3479/3494/4156 3489/3503/4166 3490/3504/4167 3480/3495/4157
f 3480/3495/4157 3490/3504/4167 3491/3505/4168 3481/3496/4158
f 3481/3496/4158 3491/3505/4168 3492/3506/4169 3482/3497/4159
f 3482/3497/4159 3492/3506/4169 3493/3507/4170 3483/3498/4160
f 3483/3498/4160 3493/3507/4170 3494/3508/4171 3484/3499/4161
f 3484/3499/4161 3494/3508/4171 3495/3509/4172 3485/3500/4162
f 3485/3500/4162 3495/3509/4172 3496/3510/4173 3486/3501/4163
f 3486/3501/4163 3496/3510/4173 3497/3511/4174 3487/3502/4164
f 3487/3502/4164 3497/3511/4174 3498/3323/3960 3488/3322/3959
f 3343/3349/4165 3344/3351/4175 3499/3512/4176 3489/3503/4166
f 3489/3503/4166 3499/3512/4176 3500/3513/4177 3490/3504/4167
f 3490/3504/4167 3500/3513/4177 3501/3514/4178 3491/3505/4168
f 3491/3505/4168 3501/3514/4178 3502/3515/4179 3492/3506/4169
f 3492/3506/4169 3502/3515/4179 3503/3516/4180 3493/3507/4170
f 3493/3507/4170 3503/3516/4180 3504/3517/4181 3494/3508/4171
f 3494/3508/4171 3504/3517/4181 3505/3518/4182 3495/3509/4172
f 3495/3509/4172 3505/3518/4182 3506/3519/4183 3496/3510/4173
f 3496/3510/4173 3506/3519/4183 3507/3520/4184 3497/3511/4174
f 3497/3511/4174 3507/3520/4184 3508/3324/3961 3498/3323/3960
f 3344/3351/4175 3345/3353/4185 3509/3521/4186 3499/3512/4176
f 3499/3512/4176 3509/3521/4186 3510/3522/4187 3500/3513/4177
f 3500/3513/4177 3510/3522/4187 3511/3523/4188 3501/3514/4178
f 3501/3514/4178 3511/3523/4188 3512/3524/4189 3502/3515/4179
f 3502/3515/4179 3512/3524/4189 3513/3525/4190 3503/3516/4180
f 3503/3516/4180 3513/3525/4190 3514/3526/4191 3504/3517/4181
f 3504/3517/4181 3514/3526/4191 3515/3527/4192 3505/3518/4182
f 3505/3518/4182 3515/3527/4192 3516/3528/4193 3506/3519/4183
f 3506/3519/4183 3516/3528/4193 3517/3529/4194 3507/3520/4184
f 3507/3520/4184 3517/3529/4194 3518/3325/3962 3508/3324/3961
f 3345/3353/4185 3346/3355/4195 3519/3530/4196 3509/3521/4186
f 3509/3521/4186 3519/3530/4196 3520/3531/4197 3510/3522/4187
f 3510/3522/4187 3520/3531/4197 3521/3532/4198 3511/3523/4188
f 3511/3523/4188 3521/3532/4198 3522/3533/4199 3512/3524/4189
f 3512/3524/4189 3522/3533/4199 3523/3534/4200 3513/3525/4190
f 3513/3525/4190 3523/3534/4200 3524/3535/4201 3514/3526/4191
f 3514/3526/4191 3524/3535/4201 3525/3536/4202 3515/3527/4192
f 3515/3527/4192 3525/3536/4202 3526/3537/4203 3516/3528/4193
f 3516/3528/4193 3526/3537/4203 3527/3538/4204 3517/3529/4194
f 3517/3529/4194 3527/3538/4204 3528/3326/3963 3518/3325/3962
f 3346/3355/4195 3347/3357/4205 3529/3539/4206 3519/3530/4196
f 3519/3530/4196 3529/3539/4206 3530/3540/4207 3520/3531/4197
f 3520/3531/4197 3530/3540/4207 3531/3541/4208 3521/3532/4198
f 3521/3532/4198 3531/3541/4208 3532/3542/4209 3522/3533/4199
f 3522/3533/4199 3532/3542/4209 3533/3543/4210 3523/3534/4200
f 3523/3534/4200 3533/3543/4210 3534/3544/4211 3524/3535/4201
f 3524/3535/4201 3534/3544/4211 3535/3545/4212 3525/3536/4202
f 3525/3536/4202 3535/3545/4212 3536/3546/4213 3526/3537/4203
f 3526/3537/4203 3536/3546/4213 3537/3547/4214 3527/3538/4204
f 3527/3538/4204 3537/3547/4214 3538/3327/3964 3528/3326/3963
f 3347/3357/4205 3348/3359/4215 3539/3548/4216 3529/3539/4206
f 3529/3539/4206 3539/3548/4216 3540/3549/4217 3530/3540/4207
f 3530/3540/4207 3540/3549/4217 3541/3550/4218 3531/3541/4208
f 3531/3541/4208 3541/3550/4218 3542/3551/4219 3532/3542/4209
f 3532/3542/4209 3542/3551/4219 3543/3552/4220 3533/3543/4210
f 3533/3543/4210 3543/3552/4220 3544/3553/4221 3534/3544/4211
f 3534/3544/4211 3544/3553/4221 3545/3554/4222 3535/3545/4212
f 3535/3545/4212 3545/3554/4222 3546/3555/4223 3536/3546/4213
f 3536/3546/4213 3546/3555/4223 3547/3556/4224 3537/3547/4214
f 3537/3547/4214 3547/3556/4224 3548/3328/3965 3538/3327/3964
f 3348/3359/4215 3349/3361/4225 3549/3557/4226 3539/3548/4216
f 3539/3548/4216 3549/3557/4226 3550/3558/4227 3540/3549/4217
f 3540/3549/4217 3550/3558/4227 3551/3559/4228 3541/3550/4218
f 3541/3550/4218 3551/3559/4228 3552/3560/4229 3542/3551/4219
f 3542/3551/4219 3552/3560/4229 3553/3561/4230 3543/3552/4220
f 3543/3552/4220 3553/3561/4230 3554/3562/4231 3544/3553/4221
f 3544/3553/4221 3554/3562/4231 3555/3563/4232 3545/3554/4222
f 3545/3554/4222 3555/3563/4232 3556/3564/4233 3546/3555/4223
f 3546/3555/4223 3556/3564/4233 3557/3565/4234 3547/3556/4224
f 3547/3556/4224 3557/3565/4234 3558/3329/3966 3548/3328/3965
f 3349/3361/4225 3350/3363/4235 3559/3566/4236 3549/3557/4226
f 3549/3557/4226 3559/3566/4236 3560/3567/4237 3550/3558/4227
f 3550/3558/4227 3560/3567/4237 3561/3568/4238 3551/3559/4228
f 3551/3559/4228 3561/3568/4238 3562/3569/4239 3552/3560/4229
f 3552/3560/4229 3562/3569/4239 3563/3570/4240 3553/3561/4230
f 3553/3561/4230 3563/3570/4240 3564/3571/4241 3554/3562/4231
f 3554/3562/4231 3564/3571/4241 3565/3572/4242 3555/3563/4232
f 3555/3563/4232 3565/3572/4242 3566/3573/4243 3556/3564/4233
f 3556/3564/4233 3566/3573/4243 3567/3574/4244 3557/3565/4234
f 3557/3565/4234 3567/3574/4244 3568/3330/3967 3558/3329/3966
f 3350/3363/4235 3351/3365/4245 3569/3575/4246 3559/3566/4236
f 3559/3566/4236 3569/3575/4246 3570/3576/4247 3560/3567/4237
f 3560/3567/4237 3570/3576/4247 3571/3577/4248 3561/3568/4238
f 3561/3568/4238 3571/3577/4248 3572/3578/4249 3562/3569/4239
f 3562/3569/4239 3572/3578/4249 3573/3579/4250 3563/3570/4240
f 3563/3570/4240 3573/3579/4250 3574/3580/4251 3564/3571/4241
f 3564/3571/4241 3574/3580/4251 3575/3581/4252 3565/3572/4242
f 3565/3572/4242 3575/3581/4252 3576/3582/4253 3566/3573/4243
f 3566/3573/4243 3576/3582/4253 3577/3583/4254 3567/3574/4244
f 3567/3574/4244 3577/3583/4254 3578/3331/3968 3568/3330/3967
f 3351/3365/4245 3352/3944/4255 3579/3943/4256 3569/3575/4246
f 3569/3575/4246 3579/3943/4256 3580/3942/4257 3570/3576/4247
f 3570/3576/4247 3580/3942/4257 3581/3941/4258 3571/3577/4248
f 3571/3577/4248 3581/3941/4258 3582/3940/4259 3572/3578/4249
f 3572/3578/4249 3582/3940/4259 3583/3939/4260 3573/3579/4250
f 3573/3579/4250 3583/3939/4260 3584/3938/4261 3574/3580/4251
f 3574/3580/4251 3584/3938/4261 3585/3937/4262 3575/3581/4252
f 3575/3581/4252 3585/3937/4262 3586/3936/4263 3576/3582/4253
f 3576/3582/4253 3586/3936/4263 3587/3935/4264 3577/3583/4254
f 3577/3583/4254 3587/3935/4264 3588/3934/3969 3578/3331/3968
f 3352/3367/4255 3353/3369/4265 3589/3593/4266 3579/3584/4256
f 3579/3584/4256 3589/3593/4266 3590/3594/4267 3580/3585/4257
f 3580/3585/4257 3590/3594/4267 3591/3595/4268 3581/3586/4258
f 3581/3586/4258 3591/3595/4268 3592/3596/4269 3582/3587/4259
f 3582/3587/4259 3592/3596/4269 3593/3597/4270 3583/3588/4260
f 3583/3588/4260 3593/3597/4270 3594/3598/4271 3584/3589/4261
f 3584/3589/4261 3594/3598/4271 3595/3599/4272 3585/3590/4262
f 3585/3590/4262 3595/3599/4272 3596/3600/4273 3586/3591/4263
f 3586/3591/4263 3596/3600/4273 3597/3601/4274 3587/3592/4264
f 3587/3592/4264 3597/3601/4274 3598/3333/3970 3588/3332/3969
f 3353/3369/4265 3354/3371/4275 3599/3602/4276 3589/3593/4266
f 3589/3593/4266 3599/3602/4276 3600/3603/4277 3590/3594/4267
f 3590/3594/4267 3600/3603/4277 3601/3604/4278 3591/3595/4268
f 3591/3595/4268 3601/3604/4278 3602/3605/4279 3592/3596/4269
f 3592/3596/4269 3602/3605/4279 3603/3606/4280 3593/3597/4270
f 3593/3597/4270 3603/3606/4280 3604/3607/4281 3594/3598/4271
f 3594/3598/4271 3604/3607/4281 3605/3608/4282 3595/3599/4272
f 3595/3599/4272 3605/3608/4282 3606/3609/4283 3596/3600/4273
f 3596/3600/4273 3606/3609/4283 3607/3610/4284 3597/3601/4274
f 3597/3601/4274 3607/3610/4284 3608/3334/3971 3598/3333/3970
f 3354/3371/4275 3355/3373/4285 3609/3611/4286 3599/3602/4276
f 3599/3602/4276 3609/3611/4286 3610/3612/4287 3600/3603/4277
f 3600/3603/4277 3610/3612/4287 3611/3613/4288 3601/3604/4278
f 3601/3604/4278 3611/3613/4288 3612/3614/4289 3602/3605/4279
f 3602/3605/4279 3612/3614/4289 3613/3615/4290 3603/3606/4280
f 3603/3606/4280 3613/3615/4290 3614/3616/4291 3604/3607/4281
f 3604/3607/4281 3614/3616/4291 3615/3617/4292 3605/3608/4282
f 3605/3608/4282 3615/3617/4292 3616/3618/4293 3606/3609/4283
f 3606/3609/4283 3616/3618/4293 3617/3619/4294 3607/3610/4284
f 3607/3610/4284 3617/3619/4294 3618/3335/3972 3608/3334/3971
f 3355/3373/4285 3356/3375/4295 3619/3620/4296 3609/3611/4286
f 3609/3611/4286 3619/3620/4296 3620/3621/4297 3610/3612/4287
f 3610/3612/4287 3620/3621/4297 3621/3622/4298 3611/3613/4288
f 3611/3613/4288 3621/3622/4298 3622/3623/4299 3612/3614/4289
f 3612/3614/4289 3622/3623/4299 3623/3624/4300 3613/3615/4290
f 3613/3615/4290 3623/3624/4300 3624/3625/4301 3614/3616/4291
f 3614/3616/4291 3624/3625/4301 3625/3626/4302 3615/3617/4292
f 3615/3617/4292 3625/3626/4302 3626/3627/4303 3616/3618/4293
f 3616/3618/4293 3626/3627/4303 3627/3628/4304 3617/3619/4294
f 3617/3619/4294 3627/3628/4304 3628/3336/3973 3618/3335/3972
f 3356/3375/4295 3357/3377/4305 3629/3629/4306 3619/3620/4296
f 3619/3620/4296 3629/3629/4306 3630/3630/4307 3620/3621/4297
f 3620/3621/4297 3630/3630/4307 3631/3631/4308 3621/3622/4298
f 3621/3622/4298 3631/3631/4308 3632/3632/4309 3622/3623/4299
f 3622/3623/4299 3632/3632/4309 3633/3633/4310 3623/3624/4300
f 3623/3624/4300 3633/3633/4310 3634/3634/4311 3624/3625/4301
f 3624/3625/4301 3634/3634/4311 3635/3635/4312 3625/3626/4302
f 3625/3626/4302 3635/3635/4312 3636/3636/4313 3626/3627/4303
f 3626/3627/4303 3636/3636/4313 3637/3637/4314 3627/3628/4304
f 3627/3628/4304 3637/3637/4314 3638/3337/3974 3628/3336/3973
f 3357/3377/4305 3338/3341/4115 3438/3459/4118 3629/3629/4306
f 3629/3629/4306 3438/3459/4118 3439/3461/4120 3630/3630/4307
f 3630/3630/4307 3439/3461/4120 3440/3463/4122 3631/3631/4308
f 3631/3631/4308 3440/3463/4122 3441/3465/4124 3632/3632/4309
f 3632/3632/4309 3441/3465/4124 3442/3467/4126 3633/3633/4310
f 3633/3633/4310 3442/3467/4126 3443/3469/4128 3634/3634/4311
f 3634/3634/4311 3443/3469/4128 3444/3471/4130 3635/3635/4312
f 3635/3635/4312 3444/3471/4130 3445/3473/4132 3636/3636/4313
f 3636/3636/4313 3445/3473/4132 3446/3475/4134 3637/3637/4314
f 3637/3637/4314 3446/3475/4134 3447/3317/3954 3638/3337/3974
s 67
f 3639/4027/4315 3659/3639/4316 3660/3640/4317 3640/4044/4318
f 3640/4044/4318 3660/3640/4317 3661/3642/4319 3641/4043/4320
f 3641/4043/4320 3661/3642/4319 3662/3644/4321 3642/4042/4322
f 3642/4042/4322 3662/3644/4321 3663/3646/4323 3643/4041/4324
f 3643/4041/4324 3663/3646/4323 3664/3648/4325 3644/4040/4326
f 3644/4040/4326 3664/3648/4325 3665/3650/4327 3645/4039/4328
f 3645/4039/4328 3665/3650/4327 3666/3652/4329 3646/4038/4330
f 3646/4038/4330 3666/3652/4329 3667/3654/4331 3647/4037/4332
f 3647/4037/4332 3667/3654/4331 3668/3656/4333 3648/4036/4334
f 3648/4036/4334 3668/3656/4333 3669/3658/4335 3649/4035/4336
f 3649/4035/4336 3669/3658/4335 3670/3660/4337 3650/4024/4338
f 3650/4023/4338 3670/4025/4337 3671/3662/4339 3651/4034/4340
f 3651/4034/4340 3671/3662/4339 3672/3664/4341 3652/4033/4342
f 3652/4033/4342 3672/3664/4341 3673/3666/4343 3653/4032/4344
f 3653/4032/4344 3673/3666/4343 3674/3668/4345 3654/4031/4346
f 3654/4031/4346 3674/3668/4345 3675/3670/4347 3655/4030/4348
f 3655/4030/4348 3675/3670/4347 3676/3672/4349 3656/4029/4350
f 3656/4029/4350 3676/3672/4349 3677/3674/4351 3657/4028/4352
f 3657/4028/4352 3677/3674/4351 3678/3676/4353 3658/4026/4354
f 3658/4026/4354 3678/3676/4353 3659/3639/4316 3639/4027/4315
s 68
f 3640/3641/4355 3679/3678/4356 3639/3638/4357
f 3641/3643/4358 3679/3678/4356 3640/3641/4355
f 3642/3645/4359 3679/3678/4356 3641/3643/4358
f 3643/3647/4360 3679/3678/4356 3642/3645/4359
f 3644/3649/4361 3679/3678/4356 3643/3647/4360
f 3645/3651/4362 3679/3678/4356 3644/3649/4361
f 3646/3653/4363 3679/3678/4356 3645/3651/4362
f 3647/3655/4364 3679/3678/4356 3646/3653/4363
f 3648/3657/4365 3679/3678/4356 3647/3655/4364
f 3649/3659/4366 3679/3678/4356 3648/3657/4365
f 3650/3661/4367 3679/3678/4356 3649/3659/4366
f 3651/3663/4368 3679/3678/4356 3650/3661/4367
f 3652/3665/4369 3679/3678/4356 3651/3663/4368
f 3653/3667/4370 3679/3678/4356 3652/3665/4369
f 3654/3669/4371 3679/3678/4356 3653/3667/4370
f 3655/3671/4372 3679/3678/4356 3654/3669/4371
f 3656/3673/4373 3679/3678/4356 3655/3671/4372
f 3657/3675/4374 3679/3678/4356 3656/3673/4373
f 3658/3677/4375 3679/3678/4356 3657/3675/4374
f 3639/3638/4357 3679/3678/4356 3658/3677/4375
